CRITICAL - 2025-05-15 17:51:03 --> TypeError: log(): Argument #1 ($num) must be of type float, string given
[Method: GET, Route: api/classement/poule_3]
in APPPATH\Controllers\PouleJController.php on line 109.
 1 APPPATH\Controllers\PouleJController.php(109): log('get_classement_par_poule_choisi', [...])
 2 SYSTEMPATH\CodeIgniter.php(933): App\Controllers\PouleJController->get_classement_par_poule_choisi('3')
 3 SYSTEMPATH\CodeIgniter.php(509): CodeIgniter\CodeIgniter->runController(Object(App\Controllers\PouleJController))
 4 SYSTEMPATH\CodeIgniter.php(355): CodeIgniter\CodeIgniter->handleRequest(null, Object(Config\Cache), false)
 5 SYSTEMPATH\Boot.php(312): CodeIgniter\CodeIgniter->run()
 6 SYSTEMPATH\Boot.php(67): CodeIgniter\Boot::runCodeIgniter(Object(CodeIgniter\CodeIgniter))
 7 FCPATH\index.php(62): CodeIgniter\Boot::bootWeb(Object(Config\Paths))
 8 SYSTEMPATH\Commands\Server\rewrite.php(49): require_once('C:\\Users\\minoh\\ITU\\L3\\S6\\itu-interprom\\interprom-back\\public\\index.php')
CRITICAL - 2025-05-15 17:51:04 --> TypeError: log(): Argument #1 ($num) must be of type float, string given
[Method: GET, Route: api/classement/poule_3]
in APPPATH\Controllers\PouleJController.php on line 109.
 1 APPPATH\Controllers\PouleJController.php(109): log('get_classement_par_poule_choisi', [...])
 2 SYSTEMPATH\CodeIgniter.php(933): App\Controllers\PouleJController->get_classement_par_poule_choisi('3')
 3 SYSTEMPATH\CodeIgniter.php(509): CodeIgniter\CodeIgniter->runController(Object(App\Controllers\PouleJController))
 4 SYSTEMPATH\CodeIgniter.php(355): CodeIgniter\CodeIgniter->handleRequest(null, Object(Config\Cache), false)
 5 SYSTEMPATH\Boot.php(312): CodeIgniter\CodeIgniter->run()
 6 SYSTEMPATH\Boot.php(67): CodeIgniter\Boot::runCodeIgniter(Object(CodeIgniter\CodeIgniter))
 7 FCPATH\index.php(62): CodeIgniter\Boot::bootWeb(Object(Config\Paths))
 8 SYSTEMPATH\Commands\Server\rewrite.php(49): require_once('C:\\Users\\minoh\\ITU\\L3\\S6\\itu-interprom\\interprom-back\\public\\index.php')
CRITICAL - 2025-05-15 17:51:06 --> TypeError: log(): Argument #1 ($num) must be of type float, string given
[Method: GET, Route: api/classement/poule_3]
in APPPATH\Controllers\PouleJController.php on line 109.
 1 APPPATH\Controllers\PouleJController.php(109): log('get_classement_par_poule_choisi', [...])
 2 SYSTEMPATH\CodeIgniter.php(933): App\Controllers\PouleJController->get_classement_par_poule_choisi('3')
 3 SYSTEMPATH\CodeIgniter.php(509): CodeIgniter\CodeIgniter->runController(Object(App\Controllers\PouleJController))
 4 SYSTEMPATH\CodeIgniter.php(355): CodeIgniter\CodeIgniter->handleRequest(null, Object(Config\Cache), false)
 5 SYSTEMPATH\Boot.php(312): CodeIgniter\CodeIgniter->run()
 6 SYSTEMPATH\Boot.php(67): CodeIgniter\Boot::runCodeIgniter(Object(CodeIgniter\CodeIgniter))
 7 FCPATH\index.php(62): CodeIgniter\Boot::bootWeb(Object(Config\Paths))
 8 SYSTEMPATH\Commands\Server\rewrite.php(49): require_once('C:\\Users\\minoh\\ITU\\L3\\S6\\itu-interprom\\interprom-back\\public\\index.php')
CRITICAL - 2025-05-15 17:51:10 --> TypeError: log(): Argument #1 ($num) must be of type float, string given
[Method: GET, Route: api/classement/poule_3]
in APPPATH\Controllers\PouleJController.php on line 109.
 1 APPPATH\Controllers\PouleJController.php(109): log('get_classement_par_poule_choisi', [...])
 2 SYSTEMPATH\CodeIgniter.php(933): App\Controllers\PouleJController->get_classement_par_poule_choisi('3')
 3 SYSTEMPATH\CodeIgniter.php(509): CodeIgniter\CodeIgniter->runController(Object(App\Controllers\PouleJController))
 4 SYSTEMPATH\CodeIgniter.php(355): CodeIgniter\CodeIgniter->handleRequest(null, Object(Config\Cache), false)
 5 SYSTEMPATH\Boot.php(312): CodeIgniter\CodeIgniter->run()
 6 SYSTEMPATH\Boot.php(67): CodeIgniter\Boot::runCodeIgniter(Object(CodeIgniter\CodeIgniter))
 7 FCPATH\index.php(62): CodeIgniter\Boot::bootWeb(Object(Config\Paths))
 8 SYSTEMPATH\Commands\Server\rewrite.php(49): require_once('C:\\Users\\minoh\\ITU\\L3\\S6\\itu-interprom\\interprom-back\\public\\index.php')
ERROR - 2025-05-15 17:58:48 --> ErrorException: pg_query(): Query failed: ERREUR:  la relation « vv_resultat_par_equipe_tournoi_view » n'existe pas
LINE 2: FROM &quot;vv_resultat_par_equipe_tournoi_view&quot; &quot;vr&quot;
             ^ in C:\Users\minoh\ITU\L3\S6\itu-interprom\interprom-back\system\Database\Postgre\Connection.php:192
Stack trace:
#0 [internal function]: CodeIgniter\Debug\Exceptions->errorHandler(2, 'pg_query(): Que...', 'C:\\Users\\minoh\\...', 192)
#1 C:\Users\minoh\ITU\L3\S6\itu-interprom\interprom-back\system\Database\Postgre\Connection.php(192): pg_query(Object(PgSql\Connection), 'SELECT "vr".*, ...')
#2 C:\Users\minoh\ITU\L3\S6\itu-interprom\interprom-back\system\Database\BaseConnection.php(721): CodeIgniter\Database\Postgre\Connection->execute('SELECT "vr".*, ...')
#3 C:\Users\minoh\ITU\L3\S6\itu-interprom\interprom-back\system\Database\BaseConnection.php(635): CodeIgniter\Database\BaseConnection->simpleQuery('SELECT "vr".*, ...')
#4 C:\Users\minoh\ITU\L3\S6\itu-interprom\interprom-back\system\Database\BaseBuilder.php(1629): CodeIgniter\Database\BaseConnection->query('SELECT "vr".*, ...', Array, false)
#5 C:\Users\minoh\ITU\L3\S6\itu-interprom\interprom-back\app\Controllers\PouleJController.php(107): CodeIgniter\Database\BaseBuilder->get()
#6 C:\Users\minoh\ITU\L3\S6\itu-interprom\interprom-back\system\CodeIgniter.php(933): App\Controllers\PouleJController->get_classement_par_poule_choisi('3')
#7 C:\Users\minoh\ITU\L3\S6\itu-interprom\interprom-back\system\CodeIgniter.php(509): CodeIgniter\CodeIgniter->runController(Object(App\Controllers\PouleJController))
#8 C:\Users\minoh\ITU\L3\S6\itu-interprom\interprom-back\system\CodeIgniter.php(355): CodeIgniter\CodeIgniter->handleRequest(NULL, Object(Config\Cache), false)
#9 C:\Users\minoh\ITU\L3\S6\itu-interprom\interprom-back\system\Boot.php(312): CodeIgniter\CodeIgniter->run()
#10 C:\Users\minoh\ITU\L3\S6\itu-interprom\interprom-back\system\Boot.php(67): CodeIgniter\Boot::runCodeIgniter(Object(CodeIgniter\CodeIgniter))
#11 C:\Users\minoh\ITU\L3\S6\itu-interprom\interprom-back\public\index.php(62): CodeIgniter\Boot::bootWeb(Object(Config\Paths))
#12 C:\Users\minoh\ITU\L3\S6\itu-interprom\interprom-back\system\Commands\Server\rewrite.php(49): require_once('C:\\Users\\minoh\\...')
#13 {main}
CRITICAL - 2025-05-15 17:58:48 --> CodeIgniter\Database\Exceptions\DatabaseException: pg_query(): Query failed: ERREUR:  la relation « vv_resultat_par_equipe_tournoi_view » n'existe pas
LINE 2: FROM &quot;vv_resultat_par_equipe_tournoi_view&quot; &quot;vr&quot;
             ^
[Method: GET, Route: api/classement/poule_3]
in SYSTEMPATH\Database\BaseConnection.php on line 675.
 1 SYSTEMPATH\Database\BaseBuilder.php(1629): CodeIgniter\Database\BaseConnection->query('SELECT "vr".*, "e".*
FROM "vv_resultat_par_equipe_tournoi_view" "vr"
JOIN "equipe_tournoi" "et" ON "et"."id_equipe_tournoi" = "vr"."id_equipe_tournoi"
JOIN "equipe" "e" ON "e"."id_equipe" = "et"."id_equipe"
JOIN "poule" "p" ON "p"."id_poule" = "et"."id_poule"
WHERE "et"."id_poule" = :et.id_poule:
AND "et"."id_poule" = :et.id_poule.1:
ORDER BY "vr"."points" DESC, "vr"."difference_score" DESC, "vr"."score_marque" DESC', [...], false)
 2 APPPATH\Controllers\PouleJController.php(107): CodeIgniter\Database\BaseBuilder->get()
 3 SYSTEMPATH\CodeIgniter.php(933): App\Controllers\PouleJController->get_classement_par_poule_choisi('3')
 4 SYSTEMPATH\CodeIgniter.php(509): CodeIgniter\CodeIgniter->runController(Object(App\Controllers\PouleJController))
 5 SYSTEMPATH\CodeIgniter.php(355): CodeIgniter\CodeIgniter->handleRequest(null, Object(Config\Cache), false)
 6 SYSTEMPATH\Boot.php(312): CodeIgniter\CodeIgniter->run()
 7 SYSTEMPATH\Boot.php(67): CodeIgniter\Boot::runCodeIgniter(Object(CodeIgniter\CodeIgniter))
 8 FCPATH\index.php(62): CodeIgniter\Boot::bootWeb(Object(Config\Paths))
 9 SYSTEMPATH\Commands\Server\rewrite.php(49): require_once('C:\\Users\\minoh\\ITU\\L3\\S6\\itu-interprom\\interprom-back\\public\\index.php')
CRITICAL - 2025-05-15 17:58:48 --> [Caused by] CodeIgniter\Database\Exceptions\DatabaseException: pg_query(): Query failed: ERREUR:  la relation « vv_resultat_par_equipe_tournoi_view » n'existe pas
LINE 2: FROM &quot;vv_resultat_par_equipe_tournoi_view&quot; &quot;vr&quot;
             ^
in SYSTEMPATH\Database\Postgre\Connection.php on line 197.
 1 SYSTEMPATH\Database\BaseConnection.php(721): CodeIgniter\Database\Postgre\Connection->execute('SELECT "vr".*, "e".*
FROM "vv_resultat_par_equipe_tournoi_view" "vr"
JOIN "equipe_tournoi" "et" ON "et"."id_equipe_tournoi" = "vr"."id_equipe_tournoi"
JOIN "equipe" "e" ON "e"."id_equipe" = "et"."id_equipe"
JOIN "poule" "p" ON "p"."id_poule" = "et"."id_poule"
WHERE "et"."id_poule" = \'3\'
AND "et"."id_poule" = \'3\'
ORDER BY "vr"."points" DESC, "vr"."difference_score" DESC, "vr"."score_marque" DESC')
 2 SYSTEMPATH\Database\BaseConnection.php(635): CodeIgniter\Database\BaseConnection->simpleQuery('SELECT "vr".*, "e".*
FROM "vv_resultat_par_equipe_tournoi_view" "vr"
JOIN "equipe_tournoi" "et" ON "et"."id_equipe_tournoi" = "vr"."id_equipe_tournoi"
JOIN "equipe" "e" ON "e"."id_equipe" = "et"."id_equipe"
JOIN "poule" "p" ON "p"."id_poule" = "et"."id_poule"
WHERE "et"."id_poule" = \'3\'
AND "et"."id_poule" = \'3\'
ORDER BY "vr"."points" DESC, "vr"."difference_score" DESC, "vr"."score_marque" DESC')
 3 SYSTEMPATH\Database\BaseBuilder.php(1629): CodeIgniter\Database\BaseConnection->query('SELECT "vr".*, "e".*
FROM "vv_resultat_par_equipe_tournoi_view" "vr"
JOIN "equipe_tournoi" "et" ON "et"."id_equipe_tournoi" = "vr"."id_equipe_tournoi"
JOIN "equipe" "e" ON "e"."id_equipe" = "et"."id_equipe"
JOIN "poule" "p" ON "p"."id_poule" = "et"."id_poule"
WHERE "et"."id_poule" = :et.id_poule:
AND "et"."id_poule" = :et.id_poule.1:
ORDER BY "vr"."points" DESC, "vr"."difference_score" DESC, "vr"."score_marque" DESC', [...], false)
 4 APPPATH\Controllers\PouleJController.php(107): CodeIgniter\Database\BaseBuilder->get()
 5 SYSTEMPATH\CodeIgniter.php(933): App\Controllers\PouleJController->get_classement_par_poule_choisi('3')
 6 SYSTEMPATH\CodeIgniter.php(509): CodeIgniter\CodeIgniter->runController(Object(App\Controllers\PouleJController))
 7 SYSTEMPATH\CodeIgniter.php(355): CodeIgniter\CodeIgniter->handleRequest(null, Object(Config\Cache), false)
 8 SYSTEMPATH\Boot.php(312): CodeIgniter\CodeIgniter->run()
 9 SYSTEMPATH\Boot.php(67): CodeIgniter\Boot::runCodeIgniter(Object(CodeIgniter\CodeIgniter))
10 FCPATH\index.php(62): CodeIgniter\Boot::bootWeb(Object(Config\Paths))
11 SYSTEMPATH\Commands\Server\rewrite.php(49): require_once('C:\\Users\\minoh\\ITU\\L3\\S6\\itu-interprom\\interprom-back\\public\\index.php')
CRITICAL - 2025-05-15 17:58:48 --> [Caused by] ErrorException: pg_query(): Query failed: ERREUR:  la relation « vv_resultat_par_equipe_tournoi_view » n'existe pas
LINE 2: FROM &quot;vv_resultat_par_equipe_tournoi_view&quot; &quot;vr&quot;
             ^
in SYSTEMPATH\Database\Postgre\Connection.php on line 192.
 1 [internal function]: CodeIgniter\Debug\Exceptions->errorHandler(2, 'pg_query(): Query failed: ERREUR:  la relation « vv_resultat_par_equipe_tournoi_view » n\'existe pas
LINE 2: FROM &quot;vv_resultat_par_equipe_tournoi_view&quot; &quot;vr&quot;
             ^', 'C:\\Users\\minoh\\ITU\\L3\\S6\\itu-interprom\\interprom-back\\system\\Database\\Postgre\\Connection.php', 192)
 2 SYSTEMPATH\Database\Postgre\Connection.php(192): pg_query(Object(PgSql\Connection), 'SELECT "vr".*, "e".*
FROM "vv_resultat_par_equipe_tournoi_view" "vr"
JOIN "equipe_tournoi" "et" ON "et"."id_equipe_tournoi" = "vr"."id_equipe_tournoi"
JOIN "equipe" "e" ON "e"."id_equipe" = "et"."id_equipe"
JOIN "poule" "p" ON "p"."id_poule" = "et"."id_poule"
WHERE "et"."id_poule" = \'3\'
AND "et"."id_poule" = \'3\'
ORDER BY "vr"."points" DESC, "vr"."difference_score" DESC, "vr"."score_marque" DESC')
 3 SYSTEMPATH\Database\BaseConnection.php(721): CodeIgniter\Database\Postgre\Connection->execute('SELECT "vr".*, "e".*
FROM "vv_resultat_par_equipe_tournoi_view" "vr"
JOIN "equipe_tournoi" "et" ON "et"."id_equipe_tournoi" = "vr"."id_equipe_tournoi"
JOIN "equipe" "e" ON "e"."id_equipe" = "et"."id_equipe"
JOIN "poule" "p" ON "p"."id_poule" = "et"."id_poule"
WHERE "et"."id_poule" = \'3\'
AND "et"."id_poule" = \'3\'
ORDER BY "vr"."points" DESC, "vr"."difference_score" DESC, "vr"."score_marque" DESC')
 4 SYSTEMPATH\Database\BaseConnection.php(635): CodeIgniter\Database\BaseConnection->simpleQuery('SELECT "vr".*, "e".*
FROM "vv_resultat_par_equipe_tournoi_view" "vr"
JOIN "equipe_tournoi" "et" ON "et"."id_equipe_tournoi" = "vr"."id_equipe_tournoi"
JOIN "equipe" "e" ON "e"."id_equipe" = "et"."id_equipe"
JOIN "poule" "p" ON "p"."id_poule" = "et"."id_poule"
WHERE "et"."id_poule" = \'3\'
AND "et"."id_poule" = \'3\'
ORDER BY "vr"."points" DESC, "vr"."difference_score" DESC, "vr"."score_marque" DESC')
 5 SYSTEMPATH\Database\BaseBuilder.php(1629): CodeIgniter\Database\BaseConnection->query('SELECT "vr".*, "e".*
FROM "vv_resultat_par_equipe_tournoi_view" "vr"
JOIN "equipe_tournoi" "et" ON "et"."id_equipe_tournoi" = "vr"."id_equipe_tournoi"
JOIN "equipe" "e" ON "e"."id_equipe" = "et"."id_equipe"
JOIN "poule" "p" ON "p"."id_poule" = "et"."id_poule"
WHERE "et"."id_poule" = :et.id_poule:
AND "et"."id_poule" = :et.id_poule.1:
ORDER BY "vr"."points" DESC, "vr"."difference_score" DESC, "vr"."score_marque" DESC', [...], false)
 6 APPPATH\Controllers\PouleJController.php(107): CodeIgniter\Database\BaseBuilder->get()
 7 SYSTEMPATH\CodeIgniter.php(933): App\Controllers\PouleJController->get_classement_par_poule_choisi('3')
 8 SYSTEMPATH\CodeIgniter.php(509): CodeIgniter\CodeIgniter->runController(Object(App\Controllers\PouleJController))
 9 SYSTEMPATH\CodeIgniter.php(355): CodeIgniter\CodeIgniter->handleRequest(null, Object(Config\Cache), false)
10 SYSTEMPATH\Boot.php(312): CodeIgniter\CodeIgniter->run()
11 SYSTEMPATH\Boot.php(67): CodeIgniter\Boot::runCodeIgniter(Object(CodeIgniter\CodeIgniter))
12 FCPATH\index.php(62): CodeIgniter\Boot::bootWeb(Object(Config\Paths))
13 SYSTEMPATH\Commands\Server\rewrite.php(49): require_once('C:\\Users\\minoh\\ITU\\L3\\S6\\itu-interprom\\interprom-back\\public\\index.php')
ERROR - 2025-05-15 17:58:49 --> ErrorException: pg_query(): Query failed: ERREUR:  la relation « vv_resultat_par_equipe_tournoi_view » n'existe pas
LINE 2: FROM &quot;vv_resultat_par_equipe_tournoi_view&quot; &quot;vr&quot;
             ^ in C:\Users\minoh\ITU\L3\S6\itu-interprom\interprom-back\system\Database\Postgre\Connection.php:192
Stack trace:
#0 [internal function]: CodeIgniter\Debug\Exceptions->errorHandler(2, 'pg_query(): Que...', 'C:\\Users\\minoh\\...', 192)
#1 C:\Users\minoh\ITU\L3\S6\itu-interprom\interprom-back\system\Database\Postgre\Connection.php(192): pg_query(Object(PgSql\Connection), 'SELECT "vr".*, ...')
#2 C:\Users\minoh\ITU\L3\S6\itu-interprom\interprom-back\system\Database\BaseConnection.php(721): CodeIgniter\Database\Postgre\Connection->execute('SELECT "vr".*, ...')
#3 C:\Users\minoh\ITU\L3\S6\itu-interprom\interprom-back\system\Database\BaseConnection.php(635): CodeIgniter\Database\BaseConnection->simpleQuery('SELECT "vr".*, ...')
#4 C:\Users\minoh\ITU\L3\S6\itu-interprom\interprom-back\system\Database\BaseBuilder.php(1629): CodeIgniter\Database\BaseConnection->query('SELECT "vr".*, ...', Array, false)
#5 C:\Users\minoh\ITU\L3\S6\itu-interprom\interprom-back\app\Controllers\PouleJController.php(107): CodeIgniter\Database\BaseBuilder->get()
#6 C:\Users\minoh\ITU\L3\S6\itu-interprom\interprom-back\system\CodeIgniter.php(933): App\Controllers\PouleJController->get_classement_par_poule_choisi('3')
#7 C:\Users\minoh\ITU\L3\S6\itu-interprom\interprom-back\system\CodeIgniter.php(509): CodeIgniter\CodeIgniter->runController(Object(App\Controllers\PouleJController))
#8 C:\Users\minoh\ITU\L3\S6\itu-interprom\interprom-back\system\CodeIgniter.php(355): CodeIgniter\CodeIgniter->handleRequest(NULL, Object(Config\Cache), false)
#9 C:\Users\minoh\ITU\L3\S6\itu-interprom\interprom-back\system\Boot.php(312): CodeIgniter\CodeIgniter->run()
#10 C:\Users\minoh\ITU\L3\S6\itu-interprom\interprom-back\system\Boot.php(67): CodeIgniter\Boot::runCodeIgniter(Object(CodeIgniter\CodeIgniter))
#11 C:\Users\minoh\ITU\L3\S6\itu-interprom\interprom-back\public\index.php(62): CodeIgniter\Boot::bootWeb(Object(Config\Paths))
#12 C:\Users\minoh\ITU\L3\S6\itu-interprom\interprom-back\system\Commands\Server\rewrite.php(49): require_once('C:\\Users\\minoh\\...')
#13 {main}
CRITICAL - 2025-05-15 17:58:49 --> CodeIgniter\Database\Exceptions\DatabaseException: pg_query(): Query failed: ERREUR:  la relation « vv_resultat_par_equipe_tournoi_view » n'existe pas
LINE 2: FROM &quot;vv_resultat_par_equipe_tournoi_view&quot; &quot;vr&quot;
             ^
[Method: GET, Route: api/classement/poule_3]
in SYSTEMPATH\Database\BaseConnection.php on line 675.
 1 SYSTEMPATH\Database\BaseBuilder.php(1629): CodeIgniter\Database\BaseConnection->query('SELECT "vr".*, "e".*
FROM "vv_resultat_par_equipe_tournoi_view" "vr"
JOIN "equipe_tournoi" "et" ON "et"."id_equipe_tournoi" = "vr"."id_equipe_tournoi"
JOIN "equipe" "e" ON "e"."id_equipe" = "et"."id_equipe"
JOIN "poule" "p" ON "p"."id_poule" = "et"."id_poule"
WHERE "et"."id_poule" = :et.id_poule:
AND "et"."id_poule" = :et.id_poule.1:
ORDER BY "vr"."points" DESC, "vr"."difference_score" DESC, "vr"."score_marque" DESC', [...], false)
 2 APPPATH\Controllers\PouleJController.php(107): CodeIgniter\Database\BaseBuilder->get()
 3 SYSTEMPATH\CodeIgniter.php(933): App\Controllers\PouleJController->get_classement_par_poule_choisi('3')
 4 SYSTEMPATH\CodeIgniter.php(509): CodeIgniter\CodeIgniter->runController(Object(App\Controllers\PouleJController))
 5 SYSTEMPATH\CodeIgniter.php(355): CodeIgniter\CodeIgniter->handleRequest(null, Object(Config\Cache), false)
 6 SYSTEMPATH\Boot.php(312): CodeIgniter\CodeIgniter->run()
 7 SYSTEMPATH\Boot.php(67): CodeIgniter\Boot::runCodeIgniter(Object(CodeIgniter\CodeIgniter))
 8 FCPATH\index.php(62): CodeIgniter\Boot::bootWeb(Object(Config\Paths))
 9 SYSTEMPATH\Commands\Server\rewrite.php(49): require_once('C:\\Users\\minoh\\ITU\\L3\\S6\\itu-interprom\\interprom-back\\public\\index.php')
CRITICAL - 2025-05-15 17:58:49 --> [Caused by] CodeIgniter\Database\Exceptions\DatabaseException: pg_query(): Query failed: ERREUR:  la relation « vv_resultat_par_equipe_tournoi_view » n'existe pas
LINE 2: FROM &quot;vv_resultat_par_equipe_tournoi_view&quot; &quot;vr&quot;
             ^
in SYSTEMPATH\Database\Postgre\Connection.php on line 197.
 1 SYSTEMPATH\Database\BaseConnection.php(721): CodeIgniter\Database\Postgre\Connection->execute('SELECT "vr".*, "e".*
FROM "vv_resultat_par_equipe_tournoi_view" "vr"
JOIN "equipe_tournoi" "et" ON "et"."id_equipe_tournoi" = "vr"."id_equipe_tournoi"
JOIN "equipe" "e" ON "e"."id_equipe" = "et"."id_equipe"
JOIN "poule" "p" ON "p"."id_poule" = "et"."id_poule"
WHERE "et"."id_poule" = \'3\'
AND "et"."id_poule" = \'3\'
ORDER BY "vr"."points" DESC, "vr"."difference_score" DESC, "vr"."score_marque" DESC')
 2 SYSTEMPATH\Database\BaseConnection.php(635): CodeIgniter\Database\BaseConnection->simpleQuery('SELECT "vr".*, "e".*
FROM "vv_resultat_par_equipe_tournoi_view" "vr"
JOIN "equipe_tournoi" "et" ON "et"."id_equipe_tournoi" = "vr"."id_equipe_tournoi"
JOIN "equipe" "e" ON "e"."id_equipe" = "et"."id_equipe"
JOIN "poule" "p" ON "p"."id_poule" = "et"."id_poule"
WHERE "et"."id_poule" = \'3\'
AND "et"."id_poule" = \'3\'
ORDER BY "vr"."points" DESC, "vr"."difference_score" DESC, "vr"."score_marque" DESC')
 3 SYSTEMPATH\Database\BaseBuilder.php(1629): CodeIgniter\Database\BaseConnection->query('SELECT "vr".*, "e".*
FROM "vv_resultat_par_equipe_tournoi_view" "vr"
JOIN "equipe_tournoi" "et" ON "et"."id_equipe_tournoi" = "vr"."id_equipe_tournoi"
JOIN "equipe" "e" ON "e"."id_equipe" = "et"."id_equipe"
JOIN "poule" "p" ON "p"."id_poule" = "et"."id_poule"
WHERE "et"."id_poule" = :et.id_poule:
AND "et"."id_poule" = :et.id_poule.1:
ORDER BY "vr"."points" DESC, "vr"."difference_score" DESC, "vr"."score_marque" DESC', [...], false)
 4 APPPATH\Controllers\PouleJController.php(107): CodeIgniter\Database\BaseBuilder->get()
 5 SYSTEMPATH\CodeIgniter.php(933): App\Controllers\PouleJController->get_classement_par_poule_choisi('3')
 6 SYSTEMPATH\CodeIgniter.php(509): CodeIgniter\CodeIgniter->runController(Object(App\Controllers\PouleJController))
 7 SYSTEMPATH\CodeIgniter.php(355): CodeIgniter\CodeIgniter->handleRequest(null, Object(Config\Cache), false)
 8 SYSTEMPATH\Boot.php(312): CodeIgniter\CodeIgniter->run()
 9 SYSTEMPATH\Boot.php(67): CodeIgniter\Boot::runCodeIgniter(Object(CodeIgniter\CodeIgniter))
10 FCPATH\index.php(62): CodeIgniter\Boot::bootWeb(Object(Config\Paths))
11 SYSTEMPATH\Commands\Server\rewrite.php(49): require_once('C:\\Users\\minoh\\ITU\\L3\\S6\\itu-interprom\\interprom-back\\public\\index.php')
CRITICAL - 2025-05-15 17:58:49 --> [Caused by] ErrorException: pg_query(): Query failed: ERREUR:  la relation « vv_resultat_par_equipe_tournoi_view » n'existe pas
LINE 2: FROM &quot;vv_resultat_par_equipe_tournoi_view&quot; &quot;vr&quot;
             ^
in SYSTEMPATH\Database\Postgre\Connection.php on line 192.
 1 [internal function]: CodeIgniter\Debug\Exceptions->errorHandler(2, 'pg_query(): Query failed: ERREUR:  la relation « vv_resultat_par_equipe_tournoi_view » n\'existe pas
LINE 2: FROM &quot;vv_resultat_par_equipe_tournoi_view&quot; &quot;vr&quot;
             ^', 'C:\\Users\\minoh\\ITU\\L3\\S6\\itu-interprom\\interprom-back\\system\\Database\\Postgre\\Connection.php', 192)
 2 SYSTEMPATH\Database\Postgre\Connection.php(192): pg_query(Object(PgSql\Connection), 'SELECT "vr".*, "e".*
FROM "vv_resultat_par_equipe_tournoi_view" "vr"
JOIN "equipe_tournoi" "et" ON "et"."id_equipe_tournoi" = "vr"."id_equipe_tournoi"
JOIN "equipe" "e" ON "e"."id_equipe" = "et"."id_equipe"
JOIN "poule" "p" ON "p"."id_poule" = "et"."id_poule"
WHERE "et"."id_poule" = \'3\'
AND "et"."id_poule" = \'3\'
ORDER BY "vr"."points" DESC, "vr"."difference_score" DESC, "vr"."score_marque" DESC')
 3 SYSTEMPATH\Database\BaseConnection.php(721): CodeIgniter\Database\Postgre\Connection->execute('SELECT "vr".*, "e".*
FROM "vv_resultat_par_equipe_tournoi_view" "vr"
JOIN "equipe_tournoi" "et" ON "et"."id_equipe_tournoi" = "vr"."id_equipe_tournoi"
JOIN "equipe" "e" ON "e"."id_equipe" = "et"."id_equipe"
JOIN "poule" "p" ON "p"."id_poule" = "et"."id_poule"
WHERE "et"."id_poule" = \'3\'
AND "et"."id_poule" = \'3\'
ORDER BY "vr"."points" DESC, "vr"."difference_score" DESC, "vr"."score_marque" DESC')
 4 SYSTEMPATH\Database\BaseConnection.php(635): CodeIgniter\Database\BaseConnection->simpleQuery('SELECT "vr".*, "e".*
FROM "vv_resultat_par_equipe_tournoi_view" "vr"
JOIN "equipe_tournoi" "et" ON "et"."id_equipe_tournoi" = "vr"."id_equipe_tournoi"
JOIN "equipe" "e" ON "e"."id_equipe" = "et"."id_equipe"
JOIN "poule" "p" ON "p"."id_poule" = "et"."id_poule"
WHERE "et"."id_poule" = \'3\'
AND "et"."id_poule" = \'3\'
ORDER BY "vr"."points" DESC, "vr"."difference_score" DESC, "vr"."score_marque" DESC')
 5 SYSTEMPATH\Database\BaseBuilder.php(1629): CodeIgniter\Database\BaseConnection->query('SELECT "vr".*, "e".*
FROM "vv_resultat_par_equipe_tournoi_view" "vr"
JOIN "equipe_tournoi" "et" ON "et"."id_equipe_tournoi" = "vr"."id_equipe_tournoi"
JOIN "equipe" "e" ON "e"."id_equipe" = "et"."id_equipe"
JOIN "poule" "p" ON "p"."id_poule" = "et"."id_poule"
WHERE "et"."id_poule" = :et.id_poule:
AND "et"."id_poule" = :et.id_poule.1:
ORDER BY "vr"."points" DESC, "vr"."difference_score" DESC, "vr"."score_marque" DESC', [...], false)
 6 APPPATH\Controllers\PouleJController.php(107): CodeIgniter\Database\BaseBuilder->get()
 7 SYSTEMPATH\CodeIgniter.php(933): App\Controllers\PouleJController->get_classement_par_poule_choisi('3')
 8 SYSTEMPATH\CodeIgniter.php(509): CodeIgniter\CodeIgniter->runController(Object(App\Controllers\PouleJController))
 9 SYSTEMPATH\CodeIgniter.php(355): CodeIgniter\CodeIgniter->handleRequest(null, Object(Config\Cache), false)
10 SYSTEMPATH\Boot.php(312): CodeIgniter\CodeIgniter->run()
11 SYSTEMPATH\Boot.php(67): CodeIgniter\Boot::runCodeIgniter(Object(CodeIgniter\CodeIgniter))
12 FCPATH\index.php(62): CodeIgniter\Boot::bootWeb(Object(Config\Paths))
13 SYSTEMPATH\Commands\Server\rewrite.php(49): require_once('C:\\Users\\minoh\\ITU\\L3\\S6\\itu-interprom\\interprom-back\\public\\index.php')
ERROR - 2025-05-15 17:58:52 --> ErrorException: pg_query(): Query failed: ERREUR:  la relation « vv_resultat_par_equipe_tournoi_view » n'existe pas
LINE 2: FROM &quot;vv_resultat_par_equipe_tournoi_view&quot; &quot;vr&quot;
             ^ in C:\Users\minoh\ITU\L3\S6\itu-interprom\interprom-back\system\Database\Postgre\Connection.php:192
Stack trace:
#0 [internal function]: CodeIgniter\Debug\Exceptions->errorHandler(2, 'pg_query(): Que...', 'C:\\Users\\minoh\\...', 192)
#1 C:\Users\minoh\ITU\L3\S6\itu-interprom\interprom-back\system\Database\Postgre\Connection.php(192): pg_query(Object(PgSql\Connection), 'SELECT "vr".*, ...')
#2 C:\Users\minoh\ITU\L3\S6\itu-interprom\interprom-back\system\Database\BaseConnection.php(721): CodeIgniter\Database\Postgre\Connection->execute('SELECT "vr".*, ...')
#3 C:\Users\minoh\ITU\L3\S6\itu-interprom\interprom-back\system\Database\BaseConnection.php(635): CodeIgniter\Database\BaseConnection->simpleQuery('SELECT "vr".*, ...')
#4 C:\Users\minoh\ITU\L3\S6\itu-interprom\interprom-back\system\Database\BaseBuilder.php(1629): CodeIgniter\Database\BaseConnection->query('SELECT "vr".*, ...', Array, false)
#5 C:\Users\minoh\ITU\L3\S6\itu-interprom\interprom-back\app\Controllers\PouleJController.php(107): CodeIgniter\Database\BaseBuilder->get()
#6 C:\Users\minoh\ITU\L3\S6\itu-interprom\interprom-back\system\CodeIgniter.php(933): App\Controllers\PouleJController->get_classement_par_poule_choisi('3')
#7 C:\Users\minoh\ITU\L3\S6\itu-interprom\interprom-back\system\CodeIgniter.php(509): CodeIgniter\CodeIgniter->runController(Object(App\Controllers\PouleJController))
#8 C:\Users\minoh\ITU\L3\S6\itu-interprom\interprom-back\system\CodeIgniter.php(355): CodeIgniter\CodeIgniter->handleRequest(NULL, Object(Config\Cache), false)
#9 C:\Users\minoh\ITU\L3\S6\itu-interprom\interprom-back\system\Boot.php(312): CodeIgniter\CodeIgniter->run()
#10 C:\Users\minoh\ITU\L3\S6\itu-interprom\interprom-back\system\Boot.php(67): CodeIgniter\Boot::runCodeIgniter(Object(CodeIgniter\CodeIgniter))
#11 C:\Users\minoh\ITU\L3\S6\itu-interprom\interprom-back\public\index.php(62): CodeIgniter\Boot::bootWeb(Object(Config\Paths))
#12 C:\Users\minoh\ITU\L3\S6\itu-interprom\interprom-back\system\Commands\Server\rewrite.php(49): require_once('C:\\Users\\minoh\\...')
#13 {main}
CRITICAL - 2025-05-15 17:58:52 --> CodeIgniter\Database\Exceptions\DatabaseException: pg_query(): Query failed: ERREUR:  la relation « vv_resultat_par_equipe_tournoi_view » n'existe pas
LINE 2: FROM &quot;vv_resultat_par_equipe_tournoi_view&quot; &quot;vr&quot;
             ^
[Method: GET, Route: api/classement/poule_3]
in SYSTEMPATH\Database\BaseConnection.php on line 675.
 1 SYSTEMPATH\Database\BaseBuilder.php(1629): CodeIgniter\Database\BaseConnection->query('SELECT "vr".*, "e".*
FROM "vv_resultat_par_equipe_tournoi_view" "vr"
JOIN "equipe_tournoi" "et" ON "et"."id_equipe_tournoi" = "vr"."id_equipe_tournoi"
JOIN "equipe" "e" ON "e"."id_equipe" = "et"."id_equipe"
JOIN "poule" "p" ON "p"."id_poule" = "et"."id_poule"
WHERE "et"."id_poule" = :et.id_poule:
AND "et"."id_poule" = :et.id_poule.1:
ORDER BY "vr"."points" DESC, "vr"."difference_score" DESC, "vr"."score_marque" DESC', [...], false)
 2 APPPATH\Controllers\PouleJController.php(107): CodeIgniter\Database\BaseBuilder->get()
 3 SYSTEMPATH\CodeIgniter.php(933): App\Controllers\PouleJController->get_classement_par_poule_choisi('3')
 4 SYSTEMPATH\CodeIgniter.php(509): CodeIgniter\CodeIgniter->runController(Object(App\Controllers\PouleJController))
 5 SYSTEMPATH\CodeIgniter.php(355): CodeIgniter\CodeIgniter->handleRequest(null, Object(Config\Cache), false)
 6 SYSTEMPATH\Boot.php(312): CodeIgniter\CodeIgniter->run()
 7 SYSTEMPATH\Boot.php(67): CodeIgniter\Boot::runCodeIgniter(Object(CodeIgniter\CodeIgniter))
 8 FCPATH\index.php(62): CodeIgniter\Boot::bootWeb(Object(Config\Paths))
 9 SYSTEMPATH\Commands\Server\rewrite.php(49): require_once('C:\\Users\\minoh\\ITU\\L3\\S6\\itu-interprom\\interprom-back\\public\\index.php')
CRITICAL - 2025-05-15 17:58:52 --> [Caused by] CodeIgniter\Database\Exceptions\DatabaseException: pg_query(): Query failed: ERREUR:  la relation « vv_resultat_par_equipe_tournoi_view » n'existe pas
LINE 2: FROM &quot;vv_resultat_par_equipe_tournoi_view&quot; &quot;vr&quot;
             ^
in SYSTEMPATH\Database\Postgre\Connection.php on line 197.
 1 SYSTEMPATH\Database\BaseConnection.php(721): CodeIgniter\Database\Postgre\Connection->execute('SELECT "vr".*, "e".*
FROM "vv_resultat_par_equipe_tournoi_view" "vr"
JOIN "equipe_tournoi" "et" ON "et"."id_equipe_tournoi" = "vr"."id_equipe_tournoi"
JOIN "equipe" "e" ON "e"."id_equipe" = "et"."id_equipe"
JOIN "poule" "p" ON "p"."id_poule" = "et"."id_poule"
WHERE "et"."id_poule" = \'3\'
AND "et"."id_poule" = \'3\'
ORDER BY "vr"."points" DESC, "vr"."difference_score" DESC, "vr"."score_marque" DESC')
 2 SYSTEMPATH\Database\BaseConnection.php(635): CodeIgniter\Database\BaseConnection->simpleQuery('SELECT "vr".*, "e".*
FROM "vv_resultat_par_equipe_tournoi_view" "vr"
JOIN "equipe_tournoi" "et" ON "et"."id_equipe_tournoi" = "vr"."id_equipe_tournoi"
JOIN "equipe" "e" ON "e"."id_equipe" = "et"."id_equipe"
JOIN "poule" "p" ON "p"."id_poule" = "et"."id_poule"
WHERE "et"."id_poule" = \'3\'
AND "et"."id_poule" = \'3\'
ORDER BY "vr"."points" DESC, "vr"."difference_score" DESC, "vr"."score_marque" DESC')
 3 SYSTEMPATH\Database\BaseBuilder.php(1629): CodeIgniter\Database\BaseConnection->query('SELECT "vr".*, "e".*
FROM "vv_resultat_par_equipe_tournoi_view" "vr"
JOIN "equipe_tournoi" "et" ON "et"."id_equipe_tournoi" = "vr"."id_equipe_tournoi"
JOIN "equipe" "e" ON "e"."id_equipe" = "et"."id_equipe"
JOIN "poule" "p" ON "p"."id_poule" = "et"."id_poule"
WHERE "et"."id_poule" = :et.id_poule:
AND "et"."id_poule" = :et.id_poule.1:
ORDER BY "vr"."points" DESC, "vr"."difference_score" DESC, "vr"."score_marque" DESC', [...], false)
 4 APPPATH\Controllers\PouleJController.php(107): CodeIgniter\Database\BaseBuilder->get()
 5 SYSTEMPATH\CodeIgniter.php(933): App\Controllers\PouleJController->get_classement_par_poule_choisi('3')
 6 SYSTEMPATH\CodeIgniter.php(509): CodeIgniter\CodeIgniter->runController(Object(App\Controllers\PouleJController))
 7 SYSTEMPATH\CodeIgniter.php(355): CodeIgniter\CodeIgniter->handleRequest(null, Object(Config\Cache), false)
 8 SYSTEMPATH\Boot.php(312): CodeIgniter\CodeIgniter->run()
 9 SYSTEMPATH\Boot.php(67): CodeIgniter\Boot::runCodeIgniter(Object(CodeIgniter\CodeIgniter))
10 FCPATH\index.php(62): CodeIgniter\Boot::bootWeb(Object(Config\Paths))
11 SYSTEMPATH\Commands\Server\rewrite.php(49): require_once('C:\\Users\\minoh\\ITU\\L3\\S6\\itu-interprom\\interprom-back\\public\\index.php')
CRITICAL - 2025-05-15 17:58:52 --> [Caused by] ErrorException: pg_query(): Query failed: ERREUR:  la relation « vv_resultat_par_equipe_tournoi_view » n'existe pas
LINE 2: FROM &quot;vv_resultat_par_equipe_tournoi_view&quot; &quot;vr&quot;
             ^
in SYSTEMPATH\Database\Postgre\Connection.php on line 192.
 1 [internal function]: CodeIgniter\Debug\Exceptions->errorHandler(2, 'pg_query(): Query failed: ERREUR:  la relation « vv_resultat_par_equipe_tournoi_view » n\'existe pas
LINE 2: FROM &quot;vv_resultat_par_equipe_tournoi_view&quot; &quot;vr&quot;
             ^', 'C:\\Users\\minoh\\ITU\\L3\\S6\\itu-interprom\\interprom-back\\system\\Database\\Postgre\\Connection.php', 192)
 2 SYSTEMPATH\Database\Postgre\Connection.php(192): pg_query(Object(PgSql\Connection), 'SELECT "vr".*, "e".*
FROM "vv_resultat_par_equipe_tournoi_view" "vr"
JOIN "equipe_tournoi" "et" ON "et"."id_equipe_tournoi" = "vr"."id_equipe_tournoi"
JOIN "equipe" "e" ON "e"."id_equipe" = "et"."id_equipe"
JOIN "poule" "p" ON "p"."id_poule" = "et"."id_poule"
WHERE "et"."id_poule" = \'3\'
AND "et"."id_poule" = \'3\'
ORDER BY "vr"."points" DESC, "vr"."difference_score" DESC, "vr"."score_marque" DESC')
 3 SYSTEMPATH\Database\BaseConnection.php(721): CodeIgniter\Database\Postgre\Connection->execute('SELECT "vr".*, "e".*
FROM "vv_resultat_par_equipe_tournoi_view" "vr"
JOIN "equipe_tournoi" "et" ON "et"."id_equipe_tournoi" = "vr"."id_equipe_tournoi"
JOIN "equipe" "e" ON "e"."id_equipe" = "et"."id_equipe"
JOIN "poule" "p" ON "p"."id_poule" = "et"."id_poule"
WHERE "et"."id_poule" = \'3\'
AND "et"."id_poule" = \'3\'
ORDER BY "vr"."points" DESC, "vr"."difference_score" DESC, "vr"."score_marque" DESC')
 4 SYSTEMPATH\Database\BaseConnection.php(635): CodeIgniter\Database\BaseConnection->simpleQuery('SELECT "vr".*, "e".*
FROM "vv_resultat_par_equipe_tournoi_view" "vr"
JOIN "equipe_tournoi" "et" ON "et"."id_equipe_tournoi" = "vr"."id_equipe_tournoi"
JOIN "equipe" "e" ON "e"."id_equipe" = "et"."id_equipe"
JOIN "poule" "p" ON "p"."id_poule" = "et"."id_poule"
WHERE "et"."id_poule" = \'3\'
AND "et"."id_poule" = \'3\'
ORDER BY "vr"."points" DESC, "vr"."difference_score" DESC, "vr"."score_marque" DESC')
 5 SYSTEMPATH\Database\BaseBuilder.php(1629): CodeIgniter\Database\BaseConnection->query('SELECT "vr".*, "e".*
FROM "vv_resultat_par_equipe_tournoi_view" "vr"
JOIN "equipe_tournoi" "et" ON "et"."id_equipe_tournoi" = "vr"."id_equipe_tournoi"
JOIN "equipe" "e" ON "e"."id_equipe" = "et"."id_equipe"
JOIN "poule" "p" ON "p"."id_poule" = "et"."id_poule"
WHERE "et"."id_poule" = :et.id_poule:
AND "et"."id_poule" = :et.id_poule.1:
ORDER BY "vr"."points" DESC, "vr"."difference_score" DESC, "vr"."score_marque" DESC', [...], false)
 6 APPPATH\Controllers\PouleJController.php(107): CodeIgniter\Database\BaseBuilder->get()
 7 SYSTEMPATH\CodeIgniter.php(933): App\Controllers\PouleJController->get_classement_par_poule_choisi('3')
 8 SYSTEMPATH\CodeIgniter.php(509): CodeIgniter\CodeIgniter->runController(Object(App\Controllers\PouleJController))
 9 SYSTEMPATH\CodeIgniter.php(355): CodeIgniter\CodeIgniter->handleRequest(null, Object(Config\Cache), false)
10 SYSTEMPATH\Boot.php(312): CodeIgniter\CodeIgniter->run()
11 SYSTEMPATH\Boot.php(67): CodeIgniter\Boot::runCodeIgniter(Object(CodeIgniter\CodeIgniter))
12 FCPATH\index.php(62): CodeIgniter\Boot::bootWeb(Object(Config\Paths))
13 SYSTEMPATH\Commands\Server\rewrite.php(49): require_once('C:\\Users\\minoh\\ITU\\L3\\S6\\itu-interprom\\interprom-back\\public\\index.php')
ERROR - 2025-05-15 17:58:53 --> ErrorException: pg_query(): Query failed: ERREUR:  la relation « vv_resultat_par_equipe_tournoi_view » n'existe pas
LINE 2: FROM &quot;vv_resultat_par_equipe_tournoi_view&quot; &quot;vr&quot;
             ^ in C:\Users\minoh\ITU\L3\S6\itu-interprom\interprom-back\system\Database\Postgre\Connection.php:192
Stack trace:
#0 [internal function]: CodeIgniter\Debug\Exceptions->errorHandler(2, 'pg_query(): Que...', 'C:\\Users\\minoh\\...', 192)
#1 C:\Users\minoh\ITU\L3\S6\itu-interprom\interprom-back\system\Database\Postgre\Connection.php(192): pg_query(Object(PgSql\Connection), 'SELECT "vr".*, ...')
#2 C:\Users\minoh\ITU\L3\S6\itu-interprom\interprom-back\system\Database\BaseConnection.php(721): CodeIgniter\Database\Postgre\Connection->execute('SELECT "vr".*, ...')
#3 C:\Users\minoh\ITU\L3\S6\itu-interprom\interprom-back\system\Database\BaseConnection.php(635): CodeIgniter\Database\BaseConnection->simpleQuery('SELECT "vr".*, ...')
#4 C:\Users\minoh\ITU\L3\S6\itu-interprom\interprom-back\system\Database\BaseBuilder.php(1629): CodeIgniter\Database\BaseConnection->query('SELECT "vr".*, ...', Array, false)
#5 C:\Users\minoh\ITU\L3\S6\itu-interprom\interprom-back\app\Controllers\PouleJController.php(107): CodeIgniter\Database\BaseBuilder->get()
#6 C:\Users\minoh\ITU\L3\S6\itu-interprom\interprom-back\system\CodeIgniter.php(933): App\Controllers\PouleJController->get_classement_par_poule_choisi('3')
#7 C:\Users\minoh\ITU\L3\S6\itu-interprom\interprom-back\system\CodeIgniter.php(509): CodeIgniter\CodeIgniter->runController(Object(App\Controllers\PouleJController))
#8 C:\Users\minoh\ITU\L3\S6\itu-interprom\interprom-back\system\CodeIgniter.php(355): CodeIgniter\CodeIgniter->handleRequest(NULL, Object(Config\Cache), false)
#9 C:\Users\minoh\ITU\L3\S6\itu-interprom\interprom-back\system\Boot.php(312): CodeIgniter\CodeIgniter->run()
#10 C:\Users\minoh\ITU\L3\S6\itu-interprom\interprom-back\system\Boot.php(67): CodeIgniter\Boot::runCodeIgniter(Object(CodeIgniter\CodeIgniter))
#11 C:\Users\minoh\ITU\L3\S6\itu-interprom\interprom-back\public\index.php(62): CodeIgniter\Boot::bootWeb(Object(Config\Paths))
#12 C:\Users\minoh\ITU\L3\S6\itu-interprom\interprom-back\system\Commands\Server\rewrite.php(49): require_once('C:\\Users\\minoh\\...')
#13 {main}
CRITICAL - 2025-05-15 17:58:53 --> CodeIgniter\Database\Exceptions\DatabaseException: pg_query(): Query failed: ERREUR:  la relation « vv_resultat_par_equipe_tournoi_view » n'existe pas
LINE 2: FROM &quot;vv_resultat_par_equipe_tournoi_view&quot; &quot;vr&quot;
             ^
[Method: GET, Route: api/classement/poule_3]
in SYSTEMPATH\Database\BaseConnection.php on line 675.
 1 SYSTEMPATH\Database\BaseBuilder.php(1629): CodeIgniter\Database\BaseConnection->query('SELECT "vr".*, "e".*
FROM "vv_resultat_par_equipe_tournoi_view" "vr"
JOIN "equipe_tournoi" "et" ON "et"."id_equipe_tournoi" = "vr"."id_equipe_tournoi"
JOIN "equipe" "e" ON "e"."id_equipe" = "et"."id_equipe"
JOIN "poule" "p" ON "p"."id_poule" = "et"."id_poule"
WHERE "et"."id_poule" = :et.id_poule:
AND "et"."id_poule" = :et.id_poule.1:
ORDER BY "vr"."points" DESC, "vr"."difference_score" DESC, "vr"."score_marque" DESC', [...], false)
 2 APPPATH\Controllers\PouleJController.php(107): CodeIgniter\Database\BaseBuilder->get()
 3 SYSTEMPATH\CodeIgniter.php(933): App\Controllers\PouleJController->get_classement_par_poule_choisi('3')
 4 SYSTEMPATH\CodeIgniter.php(509): CodeIgniter\CodeIgniter->runController(Object(App\Controllers\PouleJController))
 5 SYSTEMPATH\CodeIgniter.php(355): CodeIgniter\CodeIgniter->handleRequest(null, Object(Config\Cache), false)
 6 SYSTEMPATH\Boot.php(312): CodeIgniter\CodeIgniter->run()
 7 SYSTEMPATH\Boot.php(67): CodeIgniter\Boot::runCodeIgniter(Object(CodeIgniter\CodeIgniter))
 8 FCPATH\index.php(62): CodeIgniter\Boot::bootWeb(Object(Config\Paths))
 9 SYSTEMPATH\Commands\Server\rewrite.php(49): require_once('C:\\Users\\minoh\\ITU\\L3\\S6\\itu-interprom\\interprom-back\\public\\index.php')
CRITICAL - 2025-05-15 17:58:53 --> [Caused by] CodeIgniter\Database\Exceptions\DatabaseException: pg_query(): Query failed: ERREUR:  la relation « vv_resultat_par_equipe_tournoi_view » n'existe pas
LINE 2: FROM &quot;vv_resultat_par_equipe_tournoi_view&quot; &quot;vr&quot;
             ^
in SYSTEMPATH\Database\Postgre\Connection.php on line 197.
 1 SYSTEMPATH\Database\BaseConnection.php(721): CodeIgniter\Database\Postgre\Connection->execute('SELECT "vr".*, "e".*
FROM "vv_resultat_par_equipe_tournoi_view" "vr"
JOIN "equipe_tournoi" "et" ON "et"."id_equipe_tournoi" = "vr"."id_equipe_tournoi"
JOIN "equipe" "e" ON "e"."id_equipe" = "et"."id_equipe"
JOIN "poule" "p" ON "p"."id_poule" = "et"."id_poule"
WHERE "et"."id_poule" = \'3\'
AND "et"."id_poule" = \'3\'
ORDER BY "vr"."points" DESC, "vr"."difference_score" DESC, "vr"."score_marque" DESC')
 2 SYSTEMPATH\Database\BaseConnection.php(635): CodeIgniter\Database\BaseConnection->simpleQuery('SELECT "vr".*, "e".*
FROM "vv_resultat_par_equipe_tournoi_view" "vr"
JOIN "equipe_tournoi" "et" ON "et"."id_equipe_tournoi" = "vr"."id_equipe_tournoi"
JOIN "equipe" "e" ON "e"."id_equipe" = "et"."id_equipe"
JOIN "poule" "p" ON "p"."id_poule" = "et"."id_poule"
WHERE "et"."id_poule" = \'3\'
AND "et"."id_poule" = \'3\'
ORDER BY "vr"."points" DESC, "vr"."difference_score" DESC, "vr"."score_marque" DESC')
 3 SYSTEMPATH\Database\BaseBuilder.php(1629): CodeIgniter\Database\BaseConnection->query('SELECT "vr".*, "e".*
FROM "vv_resultat_par_equipe_tournoi_view" "vr"
JOIN "equipe_tournoi" "et" ON "et"."id_equipe_tournoi" = "vr"."id_equipe_tournoi"
JOIN "equipe" "e" ON "e"."id_equipe" = "et"."id_equipe"
JOIN "poule" "p" ON "p"."id_poule" = "et"."id_poule"
WHERE "et"."id_poule" = :et.id_poule:
AND "et"."id_poule" = :et.id_poule.1:
ORDER BY "vr"."points" DESC, "vr"."difference_score" DESC, "vr"."score_marque" DESC', [...], false)
 4 APPPATH\Controllers\PouleJController.php(107): CodeIgniter\Database\BaseBuilder->get()
 5 SYSTEMPATH\CodeIgniter.php(933): App\Controllers\PouleJController->get_classement_par_poule_choisi('3')
 6 SYSTEMPATH\CodeIgniter.php(509): CodeIgniter\CodeIgniter->runController(Object(App\Controllers\PouleJController))
 7 SYSTEMPATH\CodeIgniter.php(355): CodeIgniter\CodeIgniter->handleRequest(null, Object(Config\Cache), false)
 8 SYSTEMPATH\Boot.php(312): CodeIgniter\CodeIgniter->run()
 9 SYSTEMPATH\Boot.php(67): CodeIgniter\Boot::runCodeIgniter(Object(CodeIgniter\CodeIgniter))
10 FCPATH\index.php(62): CodeIgniter\Boot::bootWeb(Object(Config\Paths))
11 SYSTEMPATH\Commands\Server\rewrite.php(49): require_once('C:\\Users\\minoh\\ITU\\L3\\S6\\itu-interprom\\interprom-back\\public\\index.php')
CRITICAL - 2025-05-15 17:58:53 --> [Caused by] ErrorException: pg_query(): Query failed: ERREUR:  la relation « vv_resultat_par_equipe_tournoi_view » n'existe pas
LINE 2: FROM &quot;vv_resultat_par_equipe_tournoi_view&quot; &quot;vr&quot;
             ^
in SYSTEMPATH\Database\Postgre\Connection.php on line 192.
 1 [internal function]: CodeIgniter\Debug\Exceptions->errorHandler(2, 'pg_query(): Query failed: ERREUR:  la relation « vv_resultat_par_equipe_tournoi_view » n\'existe pas
LINE 2: FROM &quot;vv_resultat_par_equipe_tournoi_view&quot; &quot;vr&quot;
             ^', 'C:\\Users\\minoh\\ITU\\L3\\S6\\itu-interprom\\interprom-back\\system\\Database\\Postgre\\Connection.php', 192)
 2 SYSTEMPATH\Database\Postgre\Connection.php(192): pg_query(Object(PgSql\Connection), 'SELECT "vr".*, "e".*
FROM "vv_resultat_par_equipe_tournoi_view" "vr"
JOIN "equipe_tournoi" "et" ON "et"."id_equipe_tournoi" = "vr"."id_equipe_tournoi"
JOIN "equipe" "e" ON "e"."id_equipe" = "et"."id_equipe"
JOIN "poule" "p" ON "p"."id_poule" = "et"."id_poule"
WHERE "et"."id_poule" = \'3\'
AND "et"."id_poule" = \'3\'
ORDER BY "vr"."points" DESC, "vr"."difference_score" DESC, "vr"."score_marque" DESC')
 3 SYSTEMPATH\Database\BaseConnection.php(721): CodeIgniter\Database\Postgre\Connection->execute('SELECT "vr".*, "e".*
FROM "vv_resultat_par_equipe_tournoi_view" "vr"
JOIN "equipe_tournoi" "et" ON "et"."id_equipe_tournoi" = "vr"."id_equipe_tournoi"
JOIN "equipe" "e" ON "e"."id_equipe" = "et"."id_equipe"
JOIN "poule" "p" ON "p"."id_poule" = "et"."id_poule"
WHERE "et"."id_poule" = \'3\'
AND "et"."id_poule" = \'3\'
ORDER BY "vr"."points" DESC, "vr"."difference_score" DESC, "vr"."score_marque" DESC')
 4 SYSTEMPATH\Database\BaseConnection.php(635): CodeIgniter\Database\BaseConnection->simpleQuery('SELECT "vr".*, "e".*
FROM "vv_resultat_par_equipe_tournoi_view" "vr"
JOIN "equipe_tournoi" "et" ON "et"."id_equipe_tournoi" = "vr"."id_equipe_tournoi"
JOIN "equipe" "e" ON "e"."id_equipe" = "et"."id_equipe"
JOIN "poule" "p" ON "p"."id_poule" = "et"."id_poule"
WHERE "et"."id_poule" = \'3\'
AND "et"."id_poule" = \'3\'
ORDER BY "vr"."points" DESC, "vr"."difference_score" DESC, "vr"."score_marque" DESC')
 5 SYSTEMPATH\Database\BaseBuilder.php(1629): CodeIgniter\Database\BaseConnection->query('SELECT "vr".*, "e".*
FROM "vv_resultat_par_equipe_tournoi_view" "vr"
JOIN "equipe_tournoi" "et" ON "et"."id_equipe_tournoi" = "vr"."id_equipe_tournoi"
JOIN "equipe" "e" ON "e"."id_equipe" = "et"."id_equipe"
JOIN "poule" "p" ON "p"."id_poule" = "et"."id_poule"
WHERE "et"."id_poule" = :et.id_poule:
AND "et"."id_poule" = :et.id_poule.1:
ORDER BY "vr"."points" DESC, "vr"."difference_score" DESC, "vr"."score_marque" DESC', [...], false)
 6 APPPATH\Controllers\PouleJController.php(107): CodeIgniter\Database\BaseBuilder->get()
 7 SYSTEMPATH\CodeIgniter.php(933): App\Controllers\PouleJController->get_classement_par_poule_choisi('3')
 8 SYSTEMPATH\CodeIgniter.php(509): CodeIgniter\CodeIgniter->runController(Object(App\Controllers\PouleJController))
 9 SYSTEMPATH\CodeIgniter.php(355): CodeIgniter\CodeIgniter->handleRequest(null, Object(Config\Cache), false)
10 SYSTEMPATH\Boot.php(312): CodeIgniter\CodeIgniter->run()
11 SYSTEMPATH\Boot.php(67): CodeIgniter\Boot::runCodeIgniter(Object(CodeIgniter\CodeIgniter))
12 FCPATH\index.php(62): CodeIgniter\Boot::bootWeb(Object(Config\Paths))
13 SYSTEMPATH\Commands\Server\rewrite.php(49): require_once('C:\\Users\\minoh\\ITU\\L3\\S6\\itu-interprom\\interprom-back\\public\\index.php')
ERROR - 2025-05-15 17:58:56 --> ErrorException: pg_query(): Query failed: ERREUR:  la relation « vv_resultat_par_equipe_tournoi_view » n'existe pas
LINE 2: FROM &quot;vv_resultat_par_equipe_tournoi_view&quot; &quot;vr&quot;
             ^ in C:\Users\minoh\ITU\L3\S6\itu-interprom\interprom-back\system\Database\Postgre\Connection.php:192
Stack trace:
#0 [internal function]: CodeIgniter\Debug\Exceptions->errorHandler(2, 'pg_query(): Que...', 'C:\\Users\\minoh\\...', 192)
#1 C:\Users\minoh\ITU\L3\S6\itu-interprom\interprom-back\system\Database\Postgre\Connection.php(192): pg_query(Object(PgSql\Connection), 'SELECT "vr".*, ...')
#2 C:\Users\minoh\ITU\L3\S6\itu-interprom\interprom-back\system\Database\BaseConnection.php(721): CodeIgniter\Database\Postgre\Connection->execute('SELECT "vr".*, ...')
#3 C:\Users\minoh\ITU\L3\S6\itu-interprom\interprom-back\system\Database\BaseConnection.php(635): CodeIgniter\Database\BaseConnection->simpleQuery('SELECT "vr".*, ...')
#4 C:\Users\minoh\ITU\L3\S6\itu-interprom\interprom-back\system\Database\BaseBuilder.php(1629): CodeIgniter\Database\BaseConnection->query('SELECT "vr".*, ...', Array, false)
#5 C:\Users\minoh\ITU\L3\S6\itu-interprom\interprom-back\app\Controllers\PouleJController.php(107): CodeIgniter\Database\BaseBuilder->get()
#6 C:\Users\minoh\ITU\L3\S6\itu-interprom\interprom-back\system\CodeIgniter.php(933): App\Controllers\PouleJController->get_classement_par_poule_choisi('3')
#7 C:\Users\minoh\ITU\L3\S6\itu-interprom\interprom-back\system\CodeIgniter.php(509): CodeIgniter\CodeIgniter->runController(Object(App\Controllers\PouleJController))
#8 C:\Users\minoh\ITU\L3\S6\itu-interprom\interprom-back\system\CodeIgniter.php(355): CodeIgniter\CodeIgniter->handleRequest(NULL, Object(Config\Cache), false)
#9 C:\Users\minoh\ITU\L3\S6\itu-interprom\interprom-back\system\Boot.php(312): CodeIgniter\CodeIgniter->run()
#10 C:\Users\minoh\ITU\L3\S6\itu-interprom\interprom-back\system\Boot.php(67): CodeIgniter\Boot::runCodeIgniter(Object(CodeIgniter\CodeIgniter))
#11 C:\Users\minoh\ITU\L3\S6\itu-interprom\interprom-back\public\index.php(62): CodeIgniter\Boot::bootWeb(Object(Config\Paths))
#12 C:\Users\minoh\ITU\L3\S6\itu-interprom\interprom-back\system\Commands\Server\rewrite.php(49): require_once('C:\\Users\\minoh\\...')
#13 {main}
CRITICAL - 2025-05-15 17:58:56 --> CodeIgniter\Database\Exceptions\DatabaseException: pg_query(): Query failed: ERREUR:  la relation « vv_resultat_par_equipe_tournoi_view » n'existe pas
LINE 2: FROM &quot;vv_resultat_par_equipe_tournoi_view&quot; &quot;vr&quot;
             ^
[Method: GET, Route: api/classement/poule_3]
in SYSTEMPATH\Database\BaseConnection.php on line 675.
 1 SYSTEMPATH\Database\BaseBuilder.php(1629): CodeIgniter\Database\BaseConnection->query('SELECT "vr".*, "e".*
FROM "vv_resultat_par_equipe_tournoi_view" "vr"
JOIN "equipe_tournoi" "et" ON "et"."id_equipe_tournoi" = "vr"."id_equipe_tournoi"
JOIN "equipe" "e" ON "e"."id_equipe" = "et"."id_equipe"
JOIN "poule" "p" ON "p"."id_poule" = "et"."id_poule"
WHERE "et"."id_poule" = :et.id_poule:
AND "et"."id_poule" = :et.id_poule.1:
ORDER BY "vr"."points" DESC, "vr"."difference_score" DESC, "vr"."score_marque" DESC', [...], false)
 2 APPPATH\Controllers\PouleJController.php(107): CodeIgniter\Database\BaseBuilder->get()
 3 SYSTEMPATH\CodeIgniter.php(933): App\Controllers\PouleJController->get_classement_par_poule_choisi('3')
 4 SYSTEMPATH\CodeIgniter.php(509): CodeIgniter\CodeIgniter->runController(Object(App\Controllers\PouleJController))
 5 SYSTEMPATH\CodeIgniter.php(355): CodeIgniter\CodeIgniter->handleRequest(null, Object(Config\Cache), false)
 6 SYSTEMPATH\Boot.php(312): CodeIgniter\CodeIgniter->run()
 7 SYSTEMPATH\Boot.php(67): CodeIgniter\Boot::runCodeIgniter(Object(CodeIgniter\CodeIgniter))
 8 FCPATH\index.php(62): CodeIgniter\Boot::bootWeb(Object(Config\Paths))
 9 SYSTEMPATH\Commands\Server\rewrite.php(49): require_once('C:\\Users\\minoh\\ITU\\L3\\S6\\itu-interprom\\interprom-back\\public\\index.php')
CRITICAL - 2025-05-15 17:58:56 --> [Caused by] CodeIgniter\Database\Exceptions\DatabaseException: pg_query(): Query failed: ERREUR:  la relation « vv_resultat_par_equipe_tournoi_view » n'existe pas
LINE 2: FROM &quot;vv_resultat_par_equipe_tournoi_view&quot; &quot;vr&quot;
             ^
in SYSTEMPATH\Database\Postgre\Connection.php on line 197.
 1 SYSTEMPATH\Database\BaseConnection.php(721): CodeIgniter\Database\Postgre\Connection->execute('SELECT "vr".*, "e".*
FROM "vv_resultat_par_equipe_tournoi_view" "vr"
JOIN "equipe_tournoi" "et" ON "et"."id_equipe_tournoi" = "vr"."id_equipe_tournoi"
JOIN "equipe" "e" ON "e"."id_equipe" = "et"."id_equipe"
JOIN "poule" "p" ON "p"."id_poule" = "et"."id_poule"
WHERE "et"."id_poule" = \'3\'
AND "et"."id_poule" = \'3\'
ORDER BY "vr"."points" DESC, "vr"."difference_score" DESC, "vr"."score_marque" DESC')
 2 SYSTEMPATH\Database\BaseConnection.php(635): CodeIgniter\Database\BaseConnection->simpleQuery('SELECT "vr".*, "e".*
FROM "vv_resultat_par_equipe_tournoi_view" "vr"
JOIN "equipe_tournoi" "et" ON "et"."id_equipe_tournoi" = "vr"."id_equipe_tournoi"
JOIN "equipe" "e" ON "e"."id_equipe" = "et"."id_equipe"
JOIN "poule" "p" ON "p"."id_poule" = "et"."id_poule"
WHERE "et"."id_poule" = \'3\'
AND "et"."id_poule" = \'3\'
ORDER BY "vr"."points" DESC, "vr"."difference_score" DESC, "vr"."score_marque" DESC')
 3 SYSTEMPATH\Database\BaseBuilder.php(1629): CodeIgniter\Database\BaseConnection->query('SELECT "vr".*, "e".*
FROM "vv_resultat_par_equipe_tournoi_view" "vr"
JOIN "equipe_tournoi" "et" ON "et"."id_equipe_tournoi" = "vr"."id_equipe_tournoi"
JOIN "equipe" "e" ON "e"."id_equipe" = "et"."id_equipe"
JOIN "poule" "p" ON "p"."id_poule" = "et"."id_poule"
WHERE "et"."id_poule" = :et.id_poule:
AND "et"."id_poule" = :et.id_poule.1:
ORDER BY "vr"."points" DESC, "vr"."difference_score" DESC, "vr"."score_marque" DESC', [...], false)
 4 APPPATH\Controllers\PouleJController.php(107): CodeIgniter\Database\BaseBuilder->get()
 5 SYSTEMPATH\CodeIgniter.php(933): App\Controllers\PouleJController->get_classement_par_poule_choisi('3')
 6 SYSTEMPATH\CodeIgniter.php(509): CodeIgniter\CodeIgniter->runController(Object(App\Controllers\PouleJController))
 7 SYSTEMPATH\CodeIgniter.php(355): CodeIgniter\CodeIgniter->handleRequest(null, Object(Config\Cache), false)
 8 SYSTEMPATH\Boot.php(312): CodeIgniter\CodeIgniter->run()
 9 SYSTEMPATH\Boot.php(67): CodeIgniter\Boot::runCodeIgniter(Object(CodeIgniter\CodeIgniter))
10 FCPATH\index.php(62): CodeIgniter\Boot::bootWeb(Object(Config\Paths))
11 SYSTEMPATH\Commands\Server\rewrite.php(49): require_once('C:\\Users\\minoh\\ITU\\L3\\S6\\itu-interprom\\interprom-back\\public\\index.php')
CRITICAL - 2025-05-15 17:58:56 --> [Caused by] ErrorException: pg_query(): Query failed: ERREUR:  la relation « vv_resultat_par_equipe_tournoi_view » n'existe pas
LINE 2: FROM &quot;vv_resultat_par_equipe_tournoi_view&quot; &quot;vr&quot;
             ^
in SYSTEMPATH\Database\Postgre\Connection.php on line 192.
 1 [internal function]: CodeIgniter\Debug\Exceptions->errorHandler(2, 'pg_query(): Query failed: ERREUR:  la relation « vv_resultat_par_equipe_tournoi_view » n\'existe pas
LINE 2: FROM &quot;vv_resultat_par_equipe_tournoi_view&quot; &quot;vr&quot;
             ^', 'C:\\Users\\minoh\\ITU\\L3\\S6\\itu-interprom\\interprom-back\\system\\Database\\Postgre\\Connection.php', 192)
 2 SYSTEMPATH\Database\Postgre\Connection.php(192): pg_query(Object(PgSql\Connection), 'SELECT "vr".*, "e".*
FROM "vv_resultat_par_equipe_tournoi_view" "vr"
JOIN "equipe_tournoi" "et" ON "et"."id_equipe_tournoi" = "vr"."id_equipe_tournoi"
JOIN "equipe" "e" ON "e"."id_equipe" = "et"."id_equipe"
JOIN "poule" "p" ON "p"."id_poule" = "et"."id_poule"
WHERE "et"."id_poule" = \'3\'
AND "et"."id_poule" = \'3\'
ORDER BY "vr"."points" DESC, "vr"."difference_score" DESC, "vr"."score_marque" DESC')
 3 SYSTEMPATH\Database\BaseConnection.php(721): CodeIgniter\Database\Postgre\Connection->execute('SELECT "vr".*, "e".*
FROM "vv_resultat_par_equipe_tournoi_view" "vr"
JOIN "equipe_tournoi" "et" ON "et"."id_equipe_tournoi" = "vr"."id_equipe_tournoi"
JOIN "equipe" "e" ON "e"."id_equipe" = "et"."id_equipe"
JOIN "poule" "p" ON "p"."id_poule" = "et"."id_poule"
WHERE "et"."id_poule" = \'3\'
AND "et"."id_poule" = \'3\'
ORDER BY "vr"."points" DESC, "vr"."difference_score" DESC, "vr"."score_marque" DESC')
 4 SYSTEMPATH\Database\BaseConnection.php(635): CodeIgniter\Database\BaseConnection->simpleQuery('SELECT "vr".*, "e".*
FROM "vv_resultat_par_equipe_tournoi_view" "vr"
JOIN "equipe_tournoi" "et" ON "et"."id_equipe_tournoi" = "vr"."id_equipe_tournoi"
JOIN "equipe" "e" ON "e"."id_equipe" = "et"."id_equipe"
JOIN "poule" "p" ON "p"."id_poule" = "et"."id_poule"
WHERE "et"."id_poule" = \'3\'
AND "et"."id_poule" = \'3\'
ORDER BY "vr"."points" DESC, "vr"."difference_score" DESC, "vr"."score_marque" DESC')
 5 SYSTEMPATH\Database\BaseBuilder.php(1629): CodeIgniter\Database\BaseConnection->query('SELECT "vr".*, "e".*
FROM "vv_resultat_par_equipe_tournoi_view" "vr"
JOIN "equipe_tournoi" "et" ON "et"."id_equipe_tournoi" = "vr"."id_equipe_tournoi"
JOIN "equipe" "e" ON "e"."id_equipe" = "et"."id_equipe"
JOIN "poule" "p" ON "p"."id_poule" = "et"."id_poule"
WHERE "et"."id_poule" = :et.id_poule:
AND "et"."id_poule" = :et.id_poule.1:
ORDER BY "vr"."points" DESC, "vr"."difference_score" DESC, "vr"."score_marque" DESC', [...], false)
 6 APPPATH\Controllers\PouleJController.php(107): CodeIgniter\Database\BaseBuilder->get()
 7 SYSTEMPATH\CodeIgniter.php(933): App\Controllers\PouleJController->get_classement_par_poule_choisi('3')
 8 SYSTEMPATH\CodeIgniter.php(509): CodeIgniter\CodeIgniter->runController(Object(App\Controllers\PouleJController))
 9 SYSTEMPATH\CodeIgniter.php(355): CodeIgniter\CodeIgniter->handleRequest(null, Object(Config\Cache), false)
10 SYSTEMPATH\Boot.php(312): CodeIgniter\CodeIgniter->run()
11 SYSTEMPATH\Boot.php(67): CodeIgniter\Boot::runCodeIgniter(Object(CodeIgniter\CodeIgniter))
12 FCPATH\index.php(62): CodeIgniter\Boot::bootWeb(Object(Config\Paths))
13 SYSTEMPATH\Commands\Server\rewrite.php(49): require_once('C:\\Users\\minoh\\ITU\\L3\\S6\\itu-interprom\\interprom-back\\public\\index.php')
ERROR - 2025-05-15 17:59:00 --> ErrorException: pg_query(): Query failed: ERREUR:  la relation « vv_resultat_par_equipe_tournoi_view » n'existe pas
LINE 2: FROM &quot;vv_resultat_par_equipe_tournoi_view&quot; &quot;vr&quot;
             ^ in C:\Users\minoh\ITU\L3\S6\itu-interprom\interprom-back\system\Database\Postgre\Connection.php:192
Stack trace:
#0 [internal function]: CodeIgniter\Debug\Exceptions->errorHandler(2, 'pg_query(): Que...', 'C:\\Users\\minoh\\...', 192)
#1 C:\Users\minoh\ITU\L3\S6\itu-interprom\interprom-back\system\Database\Postgre\Connection.php(192): pg_query(Object(PgSql\Connection), 'SELECT "vr".*, ...')
#2 C:\Users\minoh\ITU\L3\S6\itu-interprom\interprom-back\system\Database\BaseConnection.php(721): CodeIgniter\Database\Postgre\Connection->execute('SELECT "vr".*, ...')
#3 C:\Users\minoh\ITU\L3\S6\itu-interprom\interprom-back\system\Database\BaseConnection.php(635): CodeIgniter\Database\BaseConnection->simpleQuery('SELECT "vr".*, ...')
#4 C:\Users\minoh\ITU\L3\S6\itu-interprom\interprom-back\system\Database\BaseBuilder.php(1629): CodeIgniter\Database\BaseConnection->query('SELECT "vr".*, ...', Array, false)
#5 C:\Users\minoh\ITU\L3\S6\itu-interprom\interprom-back\app\Controllers\PouleJController.php(107): CodeIgniter\Database\BaseBuilder->get()
#6 C:\Users\minoh\ITU\L3\S6\itu-interprom\interprom-back\system\CodeIgniter.php(933): App\Controllers\PouleJController->get_classement_par_poule_choisi('3')
#7 C:\Users\minoh\ITU\L3\S6\itu-interprom\interprom-back\system\CodeIgniter.php(509): CodeIgniter\CodeIgniter->runController(Object(App\Controllers\PouleJController))
#8 C:\Users\minoh\ITU\L3\S6\itu-interprom\interprom-back\system\CodeIgniter.php(355): CodeIgniter\CodeIgniter->handleRequest(NULL, Object(Config\Cache), false)
#9 C:\Users\minoh\ITU\L3\S6\itu-interprom\interprom-back\system\Boot.php(312): CodeIgniter\CodeIgniter->run()
#10 C:\Users\minoh\ITU\L3\S6\itu-interprom\interprom-back\system\Boot.php(67): CodeIgniter\Boot::runCodeIgniter(Object(CodeIgniter\CodeIgniter))
#11 C:\Users\minoh\ITU\L3\S6\itu-interprom\interprom-back\public\index.php(62): CodeIgniter\Boot::bootWeb(Object(Config\Paths))
#12 C:\Users\minoh\ITU\L3\S6\itu-interprom\interprom-back\system\Commands\Server\rewrite.php(49): require_once('C:\\Users\\minoh\\...')
#13 {main}
CRITICAL - 2025-05-15 17:59:00 --> CodeIgniter\Database\Exceptions\DatabaseException: pg_query(): Query failed: ERREUR:  la relation « vv_resultat_par_equipe_tournoi_view » n'existe pas
LINE 2: FROM &quot;vv_resultat_par_equipe_tournoi_view&quot; &quot;vr&quot;
             ^
[Method: GET, Route: api/classement/poule_3]
in SYSTEMPATH\Database\BaseConnection.php on line 675.
 1 SYSTEMPATH\Database\BaseBuilder.php(1629): CodeIgniter\Database\BaseConnection->query('SELECT "vr".*, "e".*
FROM "vv_resultat_par_equipe_tournoi_view" "vr"
JOIN "equipe_tournoi" "et" ON "et"."id_equipe_tournoi" = "vr"."id_equipe_tournoi"
JOIN "equipe" "e" ON "e"."id_equipe" = "et"."id_equipe"
JOIN "poule" "p" ON "p"."id_poule" = "et"."id_poule"
WHERE "et"."id_poule" = :et.id_poule:
AND "et"."id_poule" = :et.id_poule.1:
ORDER BY "vr"."points" DESC, "vr"."difference_score" DESC, "vr"."score_marque" DESC', [...], false)
 2 APPPATH\Controllers\PouleJController.php(107): CodeIgniter\Database\BaseBuilder->get()
 3 SYSTEMPATH\CodeIgniter.php(933): App\Controllers\PouleJController->get_classement_par_poule_choisi('3')
 4 SYSTEMPATH\CodeIgniter.php(509): CodeIgniter\CodeIgniter->runController(Object(App\Controllers\PouleJController))
 5 SYSTEMPATH\CodeIgniter.php(355): CodeIgniter\CodeIgniter->handleRequest(null, Object(Config\Cache), false)
 6 SYSTEMPATH\Boot.php(312): CodeIgniter\CodeIgniter->run()
 7 SYSTEMPATH\Boot.php(67): CodeIgniter\Boot::runCodeIgniter(Object(CodeIgniter\CodeIgniter))
 8 FCPATH\index.php(62): CodeIgniter\Boot::bootWeb(Object(Config\Paths))
 9 SYSTEMPATH\Commands\Server\rewrite.php(49): require_once('C:\\Users\\minoh\\ITU\\L3\\S6\\itu-interprom\\interprom-back\\public\\index.php')
CRITICAL - 2025-05-15 17:59:00 --> [Caused by] CodeIgniter\Database\Exceptions\DatabaseException: pg_query(): Query failed: ERREUR:  la relation « vv_resultat_par_equipe_tournoi_view » n'existe pas
LINE 2: FROM &quot;vv_resultat_par_equipe_tournoi_view&quot; &quot;vr&quot;
             ^
in SYSTEMPATH\Database\Postgre\Connection.php on line 197.
 1 SYSTEMPATH\Database\BaseConnection.php(721): CodeIgniter\Database\Postgre\Connection->execute('SELECT "vr".*, "e".*
FROM "vv_resultat_par_equipe_tournoi_view" "vr"
JOIN "equipe_tournoi" "et" ON "et"."id_equipe_tournoi" = "vr"."id_equipe_tournoi"
JOIN "equipe" "e" ON "e"."id_equipe" = "et"."id_equipe"
JOIN "poule" "p" ON "p"."id_poule" = "et"."id_poule"
WHERE "et"."id_poule" = \'3\'
AND "et"."id_poule" = \'3\'
ORDER BY "vr"."points" DESC, "vr"."difference_score" DESC, "vr"."score_marque" DESC')
 2 SYSTEMPATH\Database\BaseConnection.php(635): CodeIgniter\Database\BaseConnection->simpleQuery('SELECT "vr".*, "e".*
FROM "vv_resultat_par_equipe_tournoi_view" "vr"
JOIN "equipe_tournoi" "et" ON "et"."id_equipe_tournoi" = "vr"."id_equipe_tournoi"
JOIN "equipe" "e" ON "e"."id_equipe" = "et"."id_equipe"
JOIN "poule" "p" ON "p"."id_poule" = "et"."id_poule"
WHERE "et"."id_poule" = \'3\'
AND "et"."id_poule" = \'3\'
ORDER BY "vr"."points" DESC, "vr"."difference_score" DESC, "vr"."score_marque" DESC')
 3 SYSTEMPATH\Database\BaseBuilder.php(1629): CodeIgniter\Database\BaseConnection->query('SELECT "vr".*, "e".*
FROM "vv_resultat_par_equipe_tournoi_view" "vr"
JOIN "equipe_tournoi" "et" ON "et"."id_equipe_tournoi" = "vr"."id_equipe_tournoi"
JOIN "equipe" "e" ON "e"."id_equipe" = "et"."id_equipe"
JOIN "poule" "p" ON "p"."id_poule" = "et"."id_poule"
WHERE "et"."id_poule" = :et.id_poule:
AND "et"."id_poule" = :et.id_poule.1:
ORDER BY "vr"."points" DESC, "vr"."difference_score" DESC, "vr"."score_marque" DESC', [...], false)
 4 APPPATH\Controllers\PouleJController.php(107): CodeIgniter\Database\BaseBuilder->get()
 5 SYSTEMPATH\CodeIgniter.php(933): App\Controllers\PouleJController->get_classement_par_poule_choisi('3')
 6 SYSTEMPATH\CodeIgniter.php(509): CodeIgniter\CodeIgniter->runController(Object(App\Controllers\PouleJController))
 7 SYSTEMPATH\CodeIgniter.php(355): CodeIgniter\CodeIgniter->handleRequest(null, Object(Config\Cache), false)
 8 SYSTEMPATH\Boot.php(312): CodeIgniter\CodeIgniter->run()
 9 SYSTEMPATH\Boot.php(67): CodeIgniter\Boot::runCodeIgniter(Object(CodeIgniter\CodeIgniter))
10 FCPATH\index.php(62): CodeIgniter\Boot::bootWeb(Object(Config\Paths))
11 SYSTEMPATH\Commands\Server\rewrite.php(49): require_once('C:\\Users\\minoh\\ITU\\L3\\S6\\itu-interprom\\interprom-back\\public\\index.php')
CRITICAL - 2025-05-15 17:59:00 --> [Caused by] ErrorException: pg_query(): Query failed: ERREUR:  la relation « vv_resultat_par_equipe_tournoi_view » n'existe pas
LINE 2: FROM &quot;vv_resultat_par_equipe_tournoi_view&quot; &quot;vr&quot;
             ^
in SYSTEMPATH\Database\Postgre\Connection.php on line 192.
 1 [internal function]: CodeIgniter\Debug\Exceptions->errorHandler(2, 'pg_query(): Query failed: ERREUR:  la relation « vv_resultat_par_equipe_tournoi_view » n\'existe pas
LINE 2: FROM &quot;vv_resultat_par_equipe_tournoi_view&quot; &quot;vr&quot;
             ^', 'C:\\Users\\minoh\\ITU\\L3\\S6\\itu-interprom\\interprom-back\\system\\Database\\Postgre\\Connection.php', 192)
 2 SYSTEMPATH\Database\Postgre\Connection.php(192): pg_query(Object(PgSql\Connection), 'SELECT "vr".*, "e".*
FROM "vv_resultat_par_equipe_tournoi_view" "vr"
JOIN "equipe_tournoi" "et" ON "et"."id_equipe_tournoi" = "vr"."id_equipe_tournoi"
JOIN "equipe" "e" ON "e"."id_equipe" = "et"."id_equipe"
JOIN "poule" "p" ON "p"."id_poule" = "et"."id_poule"
WHERE "et"."id_poule" = \'3\'
AND "et"."id_poule" = \'3\'
ORDER BY "vr"."points" DESC, "vr"."difference_score" DESC, "vr"."score_marque" DESC')
 3 SYSTEMPATH\Database\BaseConnection.php(721): CodeIgniter\Database\Postgre\Connection->execute('SELECT "vr".*, "e".*
FROM "vv_resultat_par_equipe_tournoi_view" "vr"
JOIN "equipe_tournoi" "et" ON "et"."id_equipe_tournoi" = "vr"."id_equipe_tournoi"
JOIN "equipe" "e" ON "e"."id_equipe" = "et"."id_equipe"
JOIN "poule" "p" ON "p"."id_poule" = "et"."id_poule"
WHERE "et"."id_poule" = \'3\'
AND "et"."id_poule" = \'3\'
ORDER BY "vr"."points" DESC, "vr"."difference_score" DESC, "vr"."score_marque" DESC')
 4 SYSTEMPATH\Database\BaseConnection.php(635): CodeIgniter\Database\BaseConnection->simpleQuery('SELECT "vr".*, "e".*
FROM "vv_resultat_par_equipe_tournoi_view" "vr"
JOIN "equipe_tournoi" "et" ON "et"."id_equipe_tournoi" = "vr"."id_equipe_tournoi"
JOIN "equipe" "e" ON "e"."id_equipe" = "et"."id_equipe"
JOIN "poule" "p" ON "p"."id_poule" = "et"."id_poule"
WHERE "et"."id_poule" = \'3\'
AND "et"."id_poule" = \'3\'
ORDER BY "vr"."points" DESC, "vr"."difference_score" DESC, "vr"."score_marque" DESC')
 5 SYSTEMPATH\Database\BaseBuilder.php(1629): CodeIgniter\Database\BaseConnection->query('SELECT "vr".*, "e".*
FROM "vv_resultat_par_equipe_tournoi_view" "vr"
JOIN "equipe_tournoi" "et" ON "et"."id_equipe_tournoi" = "vr"."id_equipe_tournoi"
JOIN "equipe" "e" ON "e"."id_equipe" = "et"."id_equipe"
JOIN "poule" "p" ON "p"."id_poule" = "et"."id_poule"
WHERE "et"."id_poule" = :et.id_poule:
AND "et"."id_poule" = :et.id_poule.1:
ORDER BY "vr"."points" DESC, "vr"."difference_score" DESC, "vr"."score_marque" DESC', [...], false)
 6 APPPATH\Controllers\PouleJController.php(107): CodeIgniter\Database\BaseBuilder->get()
 7 SYSTEMPATH\CodeIgniter.php(933): App\Controllers\PouleJController->get_classement_par_poule_choisi('3')
 8 SYSTEMPATH\CodeIgniter.php(509): CodeIgniter\CodeIgniter->runController(Object(App\Controllers\PouleJController))
 9 SYSTEMPATH\CodeIgniter.php(355): CodeIgniter\CodeIgniter->handleRequest(null, Object(Config\Cache), false)
10 SYSTEMPATH\Boot.php(312): CodeIgniter\CodeIgniter->run()
11 SYSTEMPATH\Boot.php(67): CodeIgniter\Boot::runCodeIgniter(Object(CodeIgniter\CodeIgniter))
12 FCPATH\index.php(62): CodeIgniter\Boot::bootWeb(Object(Config\Paths))
13 SYSTEMPATH\Commands\Server\rewrite.php(49): require_once('C:\\Users\\minoh\\ITU\\L3\\S6\\itu-interprom\\interprom-back\\public\\index.php')
WARNING - 2025-05-15 18:23:04 --> [DEPRECATED] Optional parameter $id_discipline declared before required parameter $id_tournoi is implicitly treated as a required parameter in APPPATH\Controllers\MatchJController.php on line 164.
 1 SYSTEMPATH\Autoloader\Autoloader.php(317): include_once('C:\\Users\\minoh\\ITU\\L3\\S6\\itu-interprom\\interprom-back\\system\\Debug\\Exceptions.php')
 2 SYSTEMPATH\Autoloader\Autoloader.php(296): CodeIgniter\Autoloader\Autoloader->includeFile('C:\\Users\\minoh\\ITU\\L3\\S6\\itu-interprom\\interprom-back\\app\\Controllers\\MatchJController.php')
 3 SYSTEMPATH\Autoloader\Autoloader.php(272): CodeIgniter\Autoloader\Autoloader->loadInNamespace('App\\Controllers\\MatchJController')
 4 [internal function]: CodeIgniter\Autoloader\Autoloader->loadClass('App\\Controllers\\MatchJController')
 5 SYSTEMPATH\CodeIgniter.php(887): class_exists('\\App\\Controllers\\MatchJController', true)
 6 SYSTEMPATH\CodeIgniter.php(496): CodeIgniter\CodeIgniter->startController()
 7 SYSTEMPATH\CodeIgniter.php(355): CodeIgniter\CodeIgniter->handleRequest(null, Object(Config\Cache), false)
 8 SYSTEMPATH\Boot.php(312): CodeIgniter\CodeIgniter->run()
 9 SYSTEMPATH\Boot.php(67): CodeIgniter\Boot::runCodeIgniter(Object(CodeIgniter\CodeIgniter))
10 FCPATH\index.php(62): CodeIgniter\Boot::bootWeb(Object(Config\Paths))
11 SYSTEMPATH\Commands\Server\rewrite.php(49): require_once('C:\\Users\\minoh\\ITU\\L3\\S6\\itu-interprom\\interprom-back\\public\\index.php')
CRITICAL - 2025-05-15 18:23:04 --> ArgumentCountError: Too few arguments to function App\Controllers\MatchJController::get_matche_termine_par_discipline(), 1 passed in C:\Users\minoh\ITU\L3\S6\itu-interprom\interprom-back\system\CodeIgniter.php on line 933 and exactly 2 expected
[Method: GET, Route: api/match_termine/discipline_3]
in APPPATH\Controllers\MatchJController.php on line 0.
 1 SYSTEMPATH\CodeIgniter.php(933): App\Controllers\MatchJController->get_matche_termine_par_discipline('3')
 2 SYSTEMPATH\CodeIgniter.php(509): CodeIgniter\CodeIgniter->runController(Object(App\Controllers\MatchJController))
 3 SYSTEMPATH\CodeIgniter.php(355): CodeIgniter\CodeIgniter->handleRequest(null, Object(Config\Cache), false)
 4 SYSTEMPATH\Boot.php(312): CodeIgniter\CodeIgniter->run()
 5 SYSTEMPATH\Boot.php(67): CodeIgniter\Boot::runCodeIgniter(Object(CodeIgniter\CodeIgniter))
 6 FCPATH\index.php(62): CodeIgniter\Boot::bootWeb(Object(Config\Paths))
 7 SYSTEMPATH\Commands\Server\rewrite.php(49): require_once('C:\\Users\\minoh\\ITU\\L3\\S6\\itu-interprom\\interprom-back\\public\\index.php')
WARNING - 2025-05-15 18:23:05 --> [DEPRECATED] Optional parameter $id_discipline declared before required parameter $id_tournoi is implicitly treated as a required parameter in APPPATH\Controllers\MatchJController.php on line 164.
 1 SYSTEMPATH\Autoloader\Autoloader.php(317): include_once('C:\\Users\\minoh\\ITU\\L3\\S6\\itu-interprom\\interprom-back\\system\\Debug\\Exceptions.php')
 2 SYSTEMPATH\Autoloader\Autoloader.php(296): CodeIgniter\Autoloader\Autoloader->includeFile('C:\\Users\\minoh\\ITU\\L3\\S6\\itu-interprom\\interprom-back\\app\\Controllers\\MatchJController.php')
 3 SYSTEMPATH\Autoloader\Autoloader.php(272): CodeIgniter\Autoloader\Autoloader->loadInNamespace('App\\Controllers\\MatchJController')
 4 [internal function]: CodeIgniter\Autoloader\Autoloader->loadClass('App\\Controllers\\MatchJController')
 5 SYSTEMPATH\CodeIgniter.php(887): class_exists('\\App\\Controllers\\MatchJController', true)
 6 SYSTEMPATH\CodeIgniter.php(496): CodeIgniter\CodeIgniter->startController()
 7 SYSTEMPATH\CodeIgniter.php(355): CodeIgniter\CodeIgniter->handleRequest(null, Object(Config\Cache), false)
 8 SYSTEMPATH\Boot.php(312): CodeIgniter\CodeIgniter->run()
 9 SYSTEMPATH\Boot.php(67): CodeIgniter\Boot::runCodeIgniter(Object(CodeIgniter\CodeIgniter))
10 FCPATH\index.php(62): CodeIgniter\Boot::bootWeb(Object(Config\Paths))
11 SYSTEMPATH\Commands\Server\rewrite.php(49): require_once('C:\\Users\\minoh\\ITU\\L3\\S6\\itu-interprom\\interprom-back\\public\\index.php')
CRITICAL - 2025-05-15 18:23:05 --> ArgumentCountError: Too few arguments to function App\Controllers\MatchJController::get_matche_termine_par_discipline(), 1 passed in C:\Users\minoh\ITU\L3\S6\itu-interprom\interprom-back\system\CodeIgniter.php on line 933 and exactly 2 expected
[Method: GET, Route: api/match_termine/discipline_3]
in APPPATH\Controllers\MatchJController.php on line 0.
 1 SYSTEMPATH\CodeIgniter.php(933): App\Controllers\MatchJController->get_matche_termine_par_discipline('3')
 2 SYSTEMPATH\CodeIgniter.php(509): CodeIgniter\CodeIgniter->runController(Object(App\Controllers\MatchJController))
 3 SYSTEMPATH\CodeIgniter.php(355): CodeIgniter\CodeIgniter->handleRequest(null, Object(Config\Cache), false)
 4 SYSTEMPATH\Boot.php(312): CodeIgniter\CodeIgniter->run()
 5 SYSTEMPATH\Boot.php(67): CodeIgniter\Boot::runCodeIgniter(Object(CodeIgniter\CodeIgniter))
 6 FCPATH\index.php(62): CodeIgniter\Boot::bootWeb(Object(Config\Paths))
 7 SYSTEMPATH\Commands\Server\rewrite.php(49): require_once('C:\\Users\\minoh\\ITU\\L3\\S6\\itu-interprom\\interprom-back\\public\\index.php')
WARNING - 2025-05-15 18:23:07 --> [DEPRECATED] Optional parameter $id_discipline declared before required parameter $id_tournoi is implicitly treated as a required parameter in APPPATH\Controllers\MatchJController.php on line 164.
 1 SYSTEMPATH\Autoloader\Autoloader.php(317): include_once('C:\\Users\\minoh\\ITU\\L3\\S6\\itu-interprom\\interprom-back\\system\\Debug\\Exceptions.php')
 2 SYSTEMPATH\Autoloader\Autoloader.php(296): CodeIgniter\Autoloader\Autoloader->includeFile('C:\\Users\\minoh\\ITU\\L3\\S6\\itu-interprom\\interprom-back\\app\\Controllers\\MatchJController.php')
 3 SYSTEMPATH\Autoloader\Autoloader.php(272): CodeIgniter\Autoloader\Autoloader->loadInNamespace('App\\Controllers\\MatchJController')
 4 [internal function]: CodeIgniter\Autoloader\Autoloader->loadClass('App\\Controllers\\MatchJController')
 5 SYSTEMPATH\CodeIgniter.php(887): class_exists('\\App\\Controllers\\MatchJController', true)
 6 SYSTEMPATH\CodeIgniter.php(496): CodeIgniter\CodeIgniter->startController()
 7 SYSTEMPATH\CodeIgniter.php(355): CodeIgniter\CodeIgniter->handleRequest(null, Object(Config\Cache), false)
 8 SYSTEMPATH\Boot.php(312): CodeIgniter\CodeIgniter->run()
 9 SYSTEMPATH\Boot.php(67): CodeIgniter\Boot::runCodeIgniter(Object(CodeIgniter\CodeIgniter))
10 FCPATH\index.php(62): CodeIgniter\Boot::bootWeb(Object(Config\Paths))
11 SYSTEMPATH\Commands\Server\rewrite.php(49): require_once('C:\\Users\\minoh\\ITU\\L3\\S6\\itu-interprom\\interprom-back\\public\\index.php')
CRITICAL - 2025-05-15 18:23:07 --> ArgumentCountError: Too few arguments to function App\Controllers\MatchJController::get_matche_termine_par_discipline(), 1 passed in C:\Users\minoh\ITU\L3\S6\itu-interprom\interprom-back\system\CodeIgniter.php on line 933 and exactly 2 expected
[Method: GET, Route: api/match_termine/discipline_3]
in APPPATH\Controllers\MatchJController.php on line 0.
 1 SYSTEMPATH\CodeIgniter.php(933): App\Controllers\MatchJController->get_matche_termine_par_discipline('3')
 2 SYSTEMPATH\CodeIgniter.php(509): CodeIgniter\CodeIgniter->runController(Object(App\Controllers\MatchJController))
 3 SYSTEMPATH\CodeIgniter.php(355): CodeIgniter\CodeIgniter->handleRequest(null, Object(Config\Cache), false)
 4 SYSTEMPATH\Boot.php(312): CodeIgniter\CodeIgniter->run()
 5 SYSTEMPATH\Boot.php(67): CodeIgniter\Boot::runCodeIgniter(Object(CodeIgniter\CodeIgniter))
 6 FCPATH\index.php(62): CodeIgniter\Boot::bootWeb(Object(Config\Paths))
 7 SYSTEMPATH\Commands\Server\rewrite.php(49): require_once('C:\\Users\\minoh\\ITU\\L3\\S6\\itu-interprom\\interprom-back\\public\\index.php')
WARNING - 2025-05-15 18:23:11 --> [DEPRECATED] Optional parameter $id_discipline declared before required parameter $id_tournoi is implicitly treated as a required parameter in APPPATH\Controllers\MatchJController.php on line 164.
 1 SYSTEMPATH\Autoloader\Autoloader.php(317): include_once('C:\\Users\\minoh\\ITU\\L3\\S6\\itu-interprom\\interprom-back\\system\\Debug\\Exceptions.php')
 2 SYSTEMPATH\Autoloader\Autoloader.php(296): CodeIgniter\Autoloader\Autoloader->includeFile('C:\\Users\\minoh\\ITU\\L3\\S6\\itu-interprom\\interprom-back\\app\\Controllers\\MatchJController.php')
 3 SYSTEMPATH\Autoloader\Autoloader.php(272): CodeIgniter\Autoloader\Autoloader->loadInNamespace('App\\Controllers\\MatchJController')
 4 [internal function]: CodeIgniter\Autoloader\Autoloader->loadClass('App\\Controllers\\MatchJController')
 5 SYSTEMPATH\CodeIgniter.php(887): class_exists('\\App\\Controllers\\MatchJController', true)
 6 SYSTEMPATH\CodeIgniter.php(496): CodeIgniter\CodeIgniter->startController()
 7 SYSTEMPATH\CodeIgniter.php(355): CodeIgniter\CodeIgniter->handleRequest(null, Object(Config\Cache), false)
 8 SYSTEMPATH\Boot.php(312): CodeIgniter\CodeIgniter->run()
 9 SYSTEMPATH\Boot.php(67): CodeIgniter\Boot::runCodeIgniter(Object(CodeIgniter\CodeIgniter))
10 FCPATH\index.php(62): CodeIgniter\Boot::bootWeb(Object(Config\Paths))
11 SYSTEMPATH\Commands\Server\rewrite.php(49): require_once('C:\\Users\\minoh\\ITU\\L3\\S6\\itu-interprom\\interprom-back\\public\\index.php')
CRITICAL - 2025-05-15 18:23:11 --> ArgumentCountError: Too few arguments to function App\Controllers\MatchJController::get_matche_termine_par_discipline(), 1 passed in C:\Users\minoh\ITU\L3\S6\itu-interprom\interprom-back\system\CodeIgniter.php on line 933 and exactly 2 expected
[Method: GET, Route: api/match_termine/discipline_3]
in APPPATH\Controllers\MatchJController.php on line 0.
 1 SYSTEMPATH\CodeIgniter.php(933): App\Controllers\MatchJController->get_matche_termine_par_discipline('3')
 2 SYSTEMPATH\CodeIgniter.php(509): CodeIgniter\CodeIgniter->runController(Object(App\Controllers\MatchJController))
 3 SYSTEMPATH\CodeIgniter.php(355): CodeIgniter\CodeIgniter->handleRequest(null, Object(Config\Cache), false)
 4 SYSTEMPATH\Boot.php(312): CodeIgniter\CodeIgniter->run()
 5 SYSTEMPATH\Boot.php(67): CodeIgniter\Boot::runCodeIgniter(Object(CodeIgniter\CodeIgniter))
 6 FCPATH\index.php(62): CodeIgniter\Boot::bootWeb(Object(Config\Paths))
 7 SYSTEMPATH\Commands\Server\rewrite.php(49): require_once('C:\\Users\\minoh\\ITU\\L3\\S6\\itu-interprom\\interprom-back\\public\\index.php')
WARNING - 2025-05-15 18:24:08 --> [DEPRECATED] Optional parameter $id_discipline declared before required parameter $id_tournoi is implicitly treated as a required parameter in APPPATH\Controllers\MatchJController.php on line 164.
 1 SYSTEMPATH\Autoloader\Autoloader.php(317): include_once('C:\\Users\\minoh\\ITU\\L3\\S6\\itu-interprom\\interprom-back\\system\\Debug\\Exceptions.php')
 2 SYSTEMPATH\Autoloader\Autoloader.php(296): CodeIgniter\Autoloader\Autoloader->includeFile('C:\\Users\\minoh\\ITU\\L3\\S6\\itu-interprom\\interprom-back\\app\\Controllers\\MatchJController.php')
 3 SYSTEMPATH\Autoloader\Autoloader.php(272): CodeIgniter\Autoloader\Autoloader->loadInNamespace('App\\Controllers\\MatchJController')
 4 [internal function]: CodeIgniter\Autoloader\Autoloader->loadClass('App\\Controllers\\MatchJController')
 5 SYSTEMPATH\CodeIgniter.php(887): class_exists('\\App\\Controllers\\MatchJController', true)
 6 SYSTEMPATH\CodeIgniter.php(496): CodeIgniter\CodeIgniter->startController()
 7 SYSTEMPATH\CodeIgniter.php(355): CodeIgniter\CodeIgniter->handleRequest(null, Object(Config\Cache), false)
 8 SYSTEMPATH\Boot.php(312): CodeIgniter\CodeIgniter->run()
 9 SYSTEMPATH\Boot.php(67): CodeIgniter\Boot::runCodeIgniter(Object(CodeIgniter\CodeIgniter))
10 FCPATH\index.php(62): CodeIgniter\Boot::bootWeb(Object(Config\Paths))
11 SYSTEMPATH\Commands\Server\rewrite.php(49): require_once('C:\\Users\\minoh\\ITU\\L3\\S6\\itu-interprom\\interprom-back\\public\\index.php')
WARNING - 2025-05-15 18:24:20 --> [DEPRECATED] Optional parameter $id_discipline declared before required parameter $id_tournoi is implicitly treated as a required parameter in APPPATH\Controllers\MatchJController.php on line 164.
 1 SYSTEMPATH\Autoloader\Autoloader.php(317): include_once('C:\\Users\\minoh\\ITU\\L3\\S6\\itu-interprom\\interprom-back\\system\\Debug\\Exceptions.php')
 2 SYSTEMPATH\Autoloader\Autoloader.php(296): CodeIgniter\Autoloader\Autoloader->includeFile('C:\\Users\\minoh\\ITU\\L3\\S6\\itu-interprom\\interprom-back\\app\\Controllers\\MatchJController.php')
 3 SYSTEMPATH\Autoloader\Autoloader.php(272): CodeIgniter\Autoloader\Autoloader->loadInNamespace('App\\Controllers\\MatchJController')
 4 [internal function]: CodeIgniter\Autoloader\Autoloader->loadClass('App\\Controllers\\MatchJController')
 5 SYSTEMPATH\CodeIgniter.php(887): class_exists('\\App\\Controllers\\MatchJController', true)
 6 SYSTEMPATH\CodeIgniter.php(496): CodeIgniter\CodeIgniter->startController()
 7 SYSTEMPATH\CodeIgniter.php(355): CodeIgniter\CodeIgniter->handleRequest(null, Object(Config\Cache), false)
 8 SYSTEMPATH\Boot.php(312): CodeIgniter\CodeIgniter->run()
 9 SYSTEMPATH\Boot.php(67): CodeIgniter\Boot::runCodeIgniter(Object(CodeIgniter\CodeIgniter))
10 FCPATH\index.php(62): CodeIgniter\Boot::bootWeb(Object(Config\Paths))
11 SYSTEMPATH\Commands\Server\rewrite.php(49): require_once('C:\\Users\\minoh\\ITU\\L3\\S6\\itu-interprom\\interprom-back\\public\\index.php')
WARNING - 2025-05-15 18:32:28 --> [DEPRECATED] Optional parameter $id_discipline declared before required parameter $id_tournoi is implicitly treated as a required parameter in APPPATH\Controllers\MatchJController.php on line 164.
 1 SYSTEMPATH\Autoloader\Autoloader.php(317): include_once('C:\\Users\\minoh\\ITU\\L3\\S6\\itu-interprom\\interprom-back\\system\\Debug\\Exceptions.php')
 2 SYSTEMPATH\Autoloader\Autoloader.php(296): CodeIgniter\Autoloader\Autoloader->includeFile('C:\\Users\\minoh\\ITU\\L3\\S6\\itu-interprom\\interprom-back\\app\\Controllers\\MatchJController.php')
 3 SYSTEMPATH\Autoloader\Autoloader.php(272): CodeIgniter\Autoloader\Autoloader->loadInNamespace('App\\Controllers\\MatchJController')
 4 [internal function]: CodeIgniter\Autoloader\Autoloader->loadClass('App\\Controllers\\MatchJController')
 5 SYSTEMPATH\CodeIgniter.php(887): class_exists('\\App\\Controllers\\MatchJController', true)
 6 SYSTEMPATH\CodeIgniter.php(496): CodeIgniter\CodeIgniter->startController()
 7 SYSTEMPATH\CodeIgniter.php(355): CodeIgniter\CodeIgniter->handleRequest(null, Object(Config\Cache), false)
 8 SYSTEMPATH\Boot.php(312): CodeIgniter\CodeIgniter->run()
 9 SYSTEMPATH\Boot.php(67): CodeIgniter\Boot::runCodeIgniter(Object(CodeIgniter\CodeIgniter))
10 FCPATH\index.php(62): CodeIgniter\Boot::bootWeb(Object(Config\Paths))
11 SYSTEMPATH\Commands\Server\rewrite.php(49): require_once('C:\\Users\\minoh\\ITU\\L3\\S6\\itu-interprom\\interprom-back\\public\\index.php')
WARNING - 2025-05-15 18:41:02 --> [DEPRECATED] Optional parameter $id_discipline declared before required parameter $id_tournoi is implicitly treated as a required parameter in APPPATH\Controllers\MatchJController.php on line 164.
 1 SYSTEMPATH\Autoloader\Autoloader.php(317): include_once('C:\\Users\\minoh\\ITU\\L3\\S6\\itu-interprom\\interprom-back\\system\\Debug\\Exceptions.php')
 2 SYSTEMPATH\Autoloader\Autoloader.php(296): CodeIgniter\Autoloader\Autoloader->includeFile('C:\\Users\\minoh\\ITU\\L3\\S6\\itu-interprom\\interprom-back\\app\\Controllers\\MatchJController.php')
 3 SYSTEMPATH\Autoloader\Autoloader.php(272): CodeIgniter\Autoloader\Autoloader->loadInNamespace('App\\Controllers\\MatchJController')
 4 [internal function]: CodeIgniter\Autoloader\Autoloader->loadClass('App\\Controllers\\MatchJController')
 5 SYSTEMPATH\CodeIgniter.php(887): class_exists('\\App\\Controllers\\MatchJController', true)
 6 SYSTEMPATH\CodeIgniter.php(496): CodeIgniter\CodeIgniter->startController()
 7 SYSTEMPATH\CodeIgniter.php(355): CodeIgniter\CodeIgniter->handleRequest(null, Object(Config\Cache), false)
 8 SYSTEMPATH\Boot.php(312): CodeIgniter\CodeIgniter->run()
 9 SYSTEMPATH\Boot.php(67): CodeIgniter\Boot::runCodeIgniter(Object(CodeIgniter\CodeIgniter))
10 FCPATH\index.php(62): CodeIgniter\Boot::bootWeb(Object(Config\Paths))
11 SYSTEMPATH\Commands\Server\rewrite.php(49): require_once('C:\\Users\\minoh\\ITU\\L3\\S6\\itu-interprom\\interprom-back\\public\\index.php')
ERROR - 2025-05-15 18:41:02 --> ErrorException: pg_query(): Query failed: ERREUR:  erreur de syntaxe sur ou près de « m »
LINE 1: ...id_type = tm.id_type_match WHERE et1.id_tournoi=2 m.debut_re...
                                                             ^ in C:\Users\minoh\ITU\L3\S6\itu-interprom\interprom-back\system\Database\Postgre\Connection.php:192
Stack trace:
#0 [internal function]: CodeIgniter\Debug\Exceptions->errorHandler(2, 'pg_query(): Que...', 'C:\\Users\\minoh\\...', 192)
#1 C:\Users\minoh\ITU\L3\S6\itu-interprom\interprom-back\system\Database\Postgre\Connection.php(192): pg_query(Object(PgSql\Connection), 'SELECT m.id_mat...')
#2 C:\Users\minoh\ITU\L3\S6\itu-interprom\interprom-back\system\Database\BaseConnection.php(721): CodeIgniter\Database\Postgre\Connection->execute('SELECT m.id_mat...')
#3 C:\Users\minoh\ITU\L3\S6\itu-interprom\interprom-back\system\Database\BaseConnection.php(635): CodeIgniter\Database\BaseConnection->simpleQuery('SELECT m.id_mat...')
#4 C:\Users\minoh\ITU\L3\S6\itu-interprom\interprom-back\app\Controllers\MatchJController.php(168): CodeIgniter\Database\BaseConnection->query('SELECT m.id_mat...')
#5 C:\Users\minoh\ITU\L3\S6\itu-interprom\interprom-back\system\CodeIgniter.php(933): App\Controllers\MatchJController->get_matche_termine_par_discipline('3', '2')
#6 C:\Users\minoh\ITU\L3\S6\itu-interprom\interprom-back\system\CodeIgniter.php(509): CodeIgniter\CodeIgniter->runController(Object(App\Controllers\MatchJController))
#7 C:\Users\minoh\ITU\L3\S6\itu-interprom\interprom-back\system\CodeIgniter.php(355): CodeIgniter\CodeIgniter->handleRequest(NULL, Object(Config\Cache), false)
#8 C:\Users\minoh\ITU\L3\S6\itu-interprom\interprom-back\system\Boot.php(312): CodeIgniter\CodeIgniter->run()
#9 C:\Users\minoh\ITU\L3\S6\itu-interprom\interprom-back\system\Boot.php(67): CodeIgniter\Boot::runCodeIgniter(Object(CodeIgniter\CodeIgniter))
#10 C:\Users\minoh\ITU\L3\S6\itu-interprom\interprom-back\public\index.php(62): CodeIgniter\Boot::bootWeb(Object(Config\Paths))
#11 C:\Users\minoh\ITU\L3\S6\itu-interprom\interprom-back\system\Commands\Server\rewrite.php(49): require_once('C:\\Users\\minoh\\...')
#12 {main}
CRITICAL - 2025-05-15 18:41:02 --> CodeIgniter\Database\Exceptions\DatabaseException: pg_query(): Query failed: ERREUR:  erreur de syntaxe sur ou près de « m »
LINE 1: ...id_type = tm.id_type_match WHERE et1.id_tournoi=2 m.debut_re...
                                                             ^
[Method: GET, Route: api/match_termine/discipline_3/tournoi_2]
in SYSTEMPATH\Database\BaseConnection.php on line 675.
 1 APPPATH\Controllers\MatchJController.php(168): CodeIgniter\Database\BaseConnection->query('SELECT m.id_match, et1.id_tournoi, e1.nom_equipe AS nom_equipe_1, e2.nom_equipe AS nom_equipe_2, m.date_, d.id_discipline, m.debut_prevision, m.debut_reel, m.fin_prevision, m.fin_reel, d.nom AS nom_discipline, m.score_equipe_1, m.score_equipe_2, tm.nom AS nom_type_match, m.terrain FROM match m JOIN equipe_tournoi et1 ON m.id_equipe_tournoi_1 = et1.id_equipe_tournoi JOIN equipe e1 ON et1.id_equipe = e1.id_equipe JOIN equipe_tournoi et2 ON m.id_equipe_tournoi_2 = et2.id_equipe_tournoi JOIN equipe e2 ON et2.id_equipe = e2.id_equipe JOIN discipline d ON m.id_discipline = d.id_discipline JOIN type_match tm ON m.id_type = tm.id_type_match WHERE et1.id_tournoi=2 m.debut_reel IS not  NULL AND m.fin_reel IS not  NULL and d.id_discipline=3 order by m.debut_reel desc')
 2 SYSTEMPATH\CodeIgniter.php(933): App\Controllers\MatchJController->get_matche_termine_par_discipline('3', '2')
 3 SYSTEMPATH\CodeIgniter.php(509): CodeIgniter\CodeIgniter->runController(Object(App\Controllers\MatchJController))
 4 SYSTEMPATH\CodeIgniter.php(355): CodeIgniter\CodeIgniter->handleRequest(null, Object(Config\Cache), false)
 5 SYSTEMPATH\Boot.php(312): CodeIgniter\CodeIgniter->run()
 6 SYSTEMPATH\Boot.php(67): CodeIgniter\Boot::runCodeIgniter(Object(CodeIgniter\CodeIgniter))
 7 FCPATH\index.php(62): CodeIgniter\Boot::bootWeb(Object(Config\Paths))
 8 SYSTEMPATH\Commands\Server\rewrite.php(49): require_once('C:\\Users\\minoh\\ITU\\L3\\S6\\itu-interprom\\interprom-back\\public\\index.php')
CRITICAL - 2025-05-15 18:41:02 --> [Caused by] CodeIgniter\Database\Exceptions\DatabaseException: pg_query(): Query failed: ERREUR:  erreur de syntaxe sur ou près de « m »
LINE 1: ...id_type = tm.id_type_match WHERE et1.id_tournoi=2 m.debut_re...
                                                             ^
in SYSTEMPATH\Database\Postgre\Connection.php on line 197.
 1 SYSTEMPATH\Database\BaseConnection.php(721): CodeIgniter\Database\Postgre\Connection->execute('SELECT m.id_match, et1.id_tournoi, e1.nom_equipe AS nom_equipe_1, e2.nom_equipe AS nom_equipe_2, m.date_, d.id_discipline, m.debut_prevision, m.debut_reel, m.fin_prevision, m.fin_reel, d.nom AS nom_discipline, m.score_equipe_1, m.score_equipe_2, tm.nom AS nom_type_match, m.terrain FROM match m JOIN equipe_tournoi et1 ON m.id_equipe_tournoi_1 = et1.id_equipe_tournoi JOIN equipe e1 ON et1.id_equipe = e1.id_equipe JOIN equipe_tournoi et2 ON m.id_equipe_tournoi_2 = et2.id_equipe_tournoi JOIN equipe e2 ON et2.id_equipe = e2.id_equipe JOIN discipline d ON m.id_discipline = d.id_discipline JOIN type_match tm ON m.id_type = tm.id_type_match WHERE et1.id_tournoi=2 m.debut_reel IS not  NULL AND m.fin_reel IS not  NULL and d.id_discipline=3 order by m.debut_reel desc')
 2 SYSTEMPATH\Database\BaseConnection.php(635): CodeIgniter\Database\BaseConnection->simpleQuery('SELECT m.id_match, et1.id_tournoi, e1.nom_equipe AS nom_equipe_1, e2.nom_equipe AS nom_equipe_2, m.date_, d.id_discipline, m.debut_prevision, m.debut_reel, m.fin_prevision, m.fin_reel, d.nom AS nom_discipline, m.score_equipe_1, m.score_equipe_2, tm.nom AS nom_type_match, m.terrain FROM match m JOIN equipe_tournoi et1 ON m.id_equipe_tournoi_1 = et1.id_equipe_tournoi JOIN equipe e1 ON et1.id_equipe = e1.id_equipe JOIN equipe_tournoi et2 ON m.id_equipe_tournoi_2 = et2.id_equipe_tournoi JOIN equipe e2 ON et2.id_equipe = e2.id_equipe JOIN discipline d ON m.id_discipline = d.id_discipline JOIN type_match tm ON m.id_type = tm.id_type_match WHERE et1.id_tournoi=2 m.debut_reel IS not  NULL AND m.fin_reel IS not  NULL and d.id_discipline=3 order by m.debut_reel desc')
 3 APPPATH\Controllers\MatchJController.php(168): CodeIgniter\Database\BaseConnection->query('SELECT m.id_match, et1.id_tournoi, e1.nom_equipe AS nom_equipe_1, e2.nom_equipe AS nom_equipe_2, m.date_, d.id_discipline, m.debut_prevision, m.debut_reel, m.fin_prevision, m.fin_reel, d.nom AS nom_discipline, m.score_equipe_1, m.score_equipe_2, tm.nom AS nom_type_match, m.terrain FROM match m JOIN equipe_tournoi et1 ON m.id_equipe_tournoi_1 = et1.id_equipe_tournoi JOIN equipe e1 ON et1.id_equipe = e1.id_equipe JOIN equipe_tournoi et2 ON m.id_equipe_tournoi_2 = et2.id_equipe_tournoi JOIN equipe e2 ON et2.id_equipe = e2.id_equipe JOIN discipline d ON m.id_discipline = d.id_discipline JOIN type_match tm ON m.id_type = tm.id_type_match WHERE et1.id_tournoi=2 m.debut_reel IS not  NULL AND m.fin_reel IS not  NULL and d.id_discipline=3 order by m.debut_reel desc')
 4 SYSTEMPATH\CodeIgniter.php(933): App\Controllers\MatchJController->get_matche_termine_par_discipline('3', '2')
 5 SYSTEMPATH\CodeIgniter.php(509): CodeIgniter\CodeIgniter->runController(Object(App\Controllers\MatchJController))
 6 SYSTEMPATH\CodeIgniter.php(355): CodeIgniter\CodeIgniter->handleRequest(null, Object(Config\Cache), false)
 7 SYSTEMPATH\Boot.php(312): CodeIgniter\CodeIgniter->run()
 8 SYSTEMPATH\Boot.php(67): CodeIgniter\Boot::runCodeIgniter(Object(CodeIgniter\CodeIgniter))
 9 FCPATH\index.php(62): CodeIgniter\Boot::bootWeb(Object(Config\Paths))
10 SYSTEMPATH\Commands\Server\rewrite.php(49): require_once('C:\\Users\\minoh\\ITU\\L3\\S6\\itu-interprom\\interprom-back\\public\\index.php')
CRITICAL - 2025-05-15 18:41:02 --> [Caused by] ErrorException: pg_query(): Query failed: ERREUR:  erreur de syntaxe sur ou près de « m »
LINE 1: ...id_type = tm.id_type_match WHERE et1.id_tournoi=2 m.debut_re...
                                                             ^
in SYSTEMPATH\Database\Postgre\Connection.php on line 192.
 1 [internal function]: CodeIgniter\Debug\Exceptions->errorHandler(2, 'pg_query(): Query failed: ERREUR:  erreur de syntaxe sur ou près de « m »
LINE 1: ...id_type = tm.id_type_match WHERE et1.id_tournoi=2 m.debut_re...
                                                             ^', 'C:\\Users\\minoh\\ITU\\L3\\S6\\itu-interprom\\interprom-back\\system\\Database\\Postgre\\Connection.php', 192)
 2 SYSTEMPATH\Database\Postgre\Connection.php(192): pg_query(Object(PgSql\Connection), 'SELECT m.id_match, et1.id_tournoi, e1.nom_equipe AS nom_equipe_1, e2.nom_equipe AS nom_equipe_2, m.date_, d.id_discipline, m.debut_prevision, m.debut_reel, m.fin_prevision, m.fin_reel, d.nom AS nom_discipline, m.score_equipe_1, m.score_equipe_2, tm.nom AS nom_type_match, m.terrain FROM match m JOIN equipe_tournoi et1 ON m.id_equipe_tournoi_1 = et1.id_equipe_tournoi JOIN equipe e1 ON et1.id_equipe = e1.id_equipe JOIN equipe_tournoi et2 ON m.id_equipe_tournoi_2 = et2.id_equipe_tournoi JOIN equipe e2 ON et2.id_equipe = e2.id_equipe JOIN discipline d ON m.id_discipline = d.id_discipline JOIN type_match tm ON m.id_type = tm.id_type_match WHERE et1.id_tournoi=2 m.debut_reel IS not  NULL AND m.fin_reel IS not  NULL and d.id_discipline=3 order by m.debut_reel desc')
 3 SYSTEMPATH\Database\BaseConnection.php(721): CodeIgniter\Database\Postgre\Connection->execute('SELECT m.id_match, et1.id_tournoi, e1.nom_equipe AS nom_equipe_1, e2.nom_equipe AS nom_equipe_2, m.date_, d.id_discipline, m.debut_prevision, m.debut_reel, m.fin_prevision, m.fin_reel, d.nom AS nom_discipline, m.score_equipe_1, m.score_equipe_2, tm.nom AS nom_type_match, m.terrain FROM match m JOIN equipe_tournoi et1 ON m.id_equipe_tournoi_1 = et1.id_equipe_tournoi JOIN equipe e1 ON et1.id_equipe = e1.id_equipe JOIN equipe_tournoi et2 ON m.id_equipe_tournoi_2 = et2.id_equipe_tournoi JOIN equipe e2 ON et2.id_equipe = e2.id_equipe JOIN discipline d ON m.id_discipline = d.id_discipline JOIN type_match tm ON m.id_type = tm.id_type_match WHERE et1.id_tournoi=2 m.debut_reel IS not  NULL AND m.fin_reel IS not  NULL and d.id_discipline=3 order by m.debut_reel desc')
 4 SYSTEMPATH\Database\BaseConnection.php(635): CodeIgniter\Database\BaseConnection->simpleQuery('SELECT m.id_match, et1.id_tournoi, e1.nom_equipe AS nom_equipe_1, e2.nom_equipe AS nom_equipe_2, m.date_, d.id_discipline, m.debut_prevision, m.debut_reel, m.fin_prevision, m.fin_reel, d.nom AS nom_discipline, m.score_equipe_1, m.score_equipe_2, tm.nom AS nom_type_match, m.terrain FROM match m JOIN equipe_tournoi et1 ON m.id_equipe_tournoi_1 = et1.id_equipe_tournoi JOIN equipe e1 ON et1.id_equipe = e1.id_equipe JOIN equipe_tournoi et2 ON m.id_equipe_tournoi_2 = et2.id_equipe_tournoi JOIN equipe e2 ON et2.id_equipe = e2.id_equipe JOIN discipline d ON m.id_discipline = d.id_discipline JOIN type_match tm ON m.id_type = tm.id_type_match WHERE et1.id_tournoi=2 m.debut_reel IS not  NULL AND m.fin_reel IS not  NULL and d.id_discipline=3 order by m.debut_reel desc')
 5 APPPATH\Controllers\MatchJController.php(168): CodeIgniter\Database\BaseConnection->query('SELECT m.id_match, et1.id_tournoi, e1.nom_equipe AS nom_equipe_1, e2.nom_equipe AS nom_equipe_2, m.date_, d.id_discipline, m.debut_prevision, m.debut_reel, m.fin_prevision, m.fin_reel, d.nom AS nom_discipline, m.score_equipe_1, m.score_equipe_2, tm.nom AS nom_type_match, m.terrain FROM match m JOIN equipe_tournoi et1 ON m.id_equipe_tournoi_1 = et1.id_equipe_tournoi JOIN equipe e1 ON et1.id_equipe = e1.id_equipe JOIN equipe_tournoi et2 ON m.id_equipe_tournoi_2 = et2.id_equipe_tournoi JOIN equipe e2 ON et2.id_equipe = e2.id_equipe JOIN discipline d ON m.id_discipline = d.id_discipline JOIN type_match tm ON m.id_type = tm.id_type_match WHERE et1.id_tournoi=2 m.debut_reel IS not  NULL AND m.fin_reel IS not  NULL and d.id_discipline=3 order by m.debut_reel desc')
 6 SYSTEMPATH\CodeIgniter.php(933): App\Controllers\MatchJController->get_matche_termine_par_discipline('3', '2')
 7 SYSTEMPATH\CodeIgniter.php(509): CodeIgniter\CodeIgniter->runController(Object(App\Controllers\MatchJController))
 8 SYSTEMPATH\CodeIgniter.php(355): CodeIgniter\CodeIgniter->handleRequest(null, Object(Config\Cache), false)
 9 SYSTEMPATH\Boot.php(312): CodeIgniter\CodeIgniter->run()
10 SYSTEMPATH\Boot.php(67): CodeIgniter\Boot::runCodeIgniter(Object(CodeIgniter\CodeIgniter))
11 FCPATH\index.php(62): CodeIgniter\Boot::bootWeb(Object(Config\Paths))
12 SYSTEMPATH\Commands\Server\rewrite.php(49): require_once('C:\\Users\\minoh\\ITU\\L3\\S6\\itu-interprom\\interprom-back\\public\\index.php')
WARNING - 2025-05-15 18:41:03 --> [DEPRECATED] Optional parameter $id_discipline declared before required parameter $id_tournoi is implicitly treated as a required parameter in APPPATH\Controllers\MatchJController.php on line 164.
 1 SYSTEMPATH\Autoloader\Autoloader.php(317): include_once('C:\\Users\\minoh\\ITU\\L3\\S6\\itu-interprom\\interprom-back\\system\\Debug\\Exceptions.php')
 2 SYSTEMPATH\Autoloader\Autoloader.php(296): CodeIgniter\Autoloader\Autoloader->includeFile('C:\\Users\\minoh\\ITU\\L3\\S6\\itu-interprom\\interprom-back\\app\\Controllers\\MatchJController.php')
 3 SYSTEMPATH\Autoloader\Autoloader.php(272): CodeIgniter\Autoloader\Autoloader->loadInNamespace('App\\Controllers\\MatchJController')
 4 [internal function]: CodeIgniter\Autoloader\Autoloader->loadClass('App\\Controllers\\MatchJController')
 5 SYSTEMPATH\CodeIgniter.php(887): class_exists('\\App\\Controllers\\MatchJController', true)
 6 SYSTEMPATH\CodeIgniter.php(496): CodeIgniter\CodeIgniter->startController()
 7 SYSTEMPATH\CodeIgniter.php(355): CodeIgniter\CodeIgniter->handleRequest(null, Object(Config\Cache), false)
 8 SYSTEMPATH\Boot.php(312): CodeIgniter\CodeIgniter->run()
 9 SYSTEMPATH\Boot.php(67): CodeIgniter\Boot::runCodeIgniter(Object(CodeIgniter\CodeIgniter))
10 FCPATH\index.php(62): CodeIgniter\Boot::bootWeb(Object(Config\Paths))
11 SYSTEMPATH\Commands\Server\rewrite.php(49): require_once('C:\\Users\\minoh\\ITU\\L3\\S6\\itu-interprom\\interprom-back\\public\\index.php')
ERROR - 2025-05-15 18:41:03 --> ErrorException: pg_query(): Query failed: ERREUR:  erreur de syntaxe sur ou près de « m »
LINE 1: ...id_type = tm.id_type_match WHERE et1.id_tournoi=2 m.debut_re...
                                                             ^ in C:\Users\minoh\ITU\L3\S6\itu-interprom\interprom-back\system\Database\Postgre\Connection.php:192
Stack trace:
#0 [internal function]: CodeIgniter\Debug\Exceptions->errorHandler(2, 'pg_query(): Que...', 'C:\\Users\\minoh\\...', 192)
#1 C:\Users\minoh\ITU\L3\S6\itu-interprom\interprom-back\system\Database\Postgre\Connection.php(192): pg_query(Object(PgSql\Connection), 'SELECT m.id_mat...')
#2 C:\Users\minoh\ITU\L3\S6\itu-interprom\interprom-back\system\Database\BaseConnection.php(721): CodeIgniter\Database\Postgre\Connection->execute('SELECT m.id_mat...')
#3 C:\Users\minoh\ITU\L3\S6\itu-interprom\interprom-back\system\Database\BaseConnection.php(635): CodeIgniter\Database\BaseConnection->simpleQuery('SELECT m.id_mat...')
#4 C:\Users\minoh\ITU\L3\S6\itu-interprom\interprom-back\app\Controllers\MatchJController.php(168): CodeIgniter\Database\BaseConnection->query('SELECT m.id_mat...')
#5 C:\Users\minoh\ITU\L3\S6\itu-interprom\interprom-back\system\CodeIgniter.php(933): App\Controllers\MatchJController->get_matche_termine_par_discipline('3', '2')
#6 C:\Users\minoh\ITU\L3\S6\itu-interprom\interprom-back\system\CodeIgniter.php(509): CodeIgniter\CodeIgniter->runController(Object(App\Controllers\MatchJController))
#7 C:\Users\minoh\ITU\L3\S6\itu-interprom\interprom-back\system\CodeIgniter.php(355): CodeIgniter\CodeIgniter->handleRequest(NULL, Object(Config\Cache), false)
#8 C:\Users\minoh\ITU\L3\S6\itu-interprom\interprom-back\system\Boot.php(312): CodeIgniter\CodeIgniter->run()
#9 C:\Users\minoh\ITU\L3\S6\itu-interprom\interprom-back\system\Boot.php(67): CodeIgniter\Boot::runCodeIgniter(Object(CodeIgniter\CodeIgniter))
#10 C:\Users\minoh\ITU\L3\S6\itu-interprom\interprom-back\public\index.php(62): CodeIgniter\Boot::bootWeb(Object(Config\Paths))
#11 C:\Users\minoh\ITU\L3\S6\itu-interprom\interprom-back\system\Commands\Server\rewrite.php(49): require_once('C:\\Users\\minoh\\...')
#12 {main}
CRITICAL - 2025-05-15 18:41:03 --> CodeIgniter\Database\Exceptions\DatabaseException: pg_query(): Query failed: ERREUR:  erreur de syntaxe sur ou près de « m »
LINE 1: ...id_type = tm.id_type_match WHERE et1.id_tournoi=2 m.debut_re...
                                                             ^
[Method: GET, Route: api/match_termine/discipline_3/tournoi_2]
in SYSTEMPATH\Database\BaseConnection.php on line 675.
 1 APPPATH\Controllers\MatchJController.php(168): CodeIgniter\Database\BaseConnection->query('SELECT m.id_match, et1.id_tournoi, e1.nom_equipe AS nom_equipe_1, e2.nom_equipe AS nom_equipe_2, m.date_, d.id_discipline, m.debut_prevision, m.debut_reel, m.fin_prevision, m.fin_reel, d.nom AS nom_discipline, m.score_equipe_1, m.score_equipe_2, tm.nom AS nom_type_match, m.terrain FROM match m JOIN equipe_tournoi et1 ON m.id_equipe_tournoi_1 = et1.id_equipe_tournoi JOIN equipe e1 ON et1.id_equipe = e1.id_equipe JOIN equipe_tournoi et2 ON m.id_equipe_tournoi_2 = et2.id_equipe_tournoi JOIN equipe e2 ON et2.id_equipe = e2.id_equipe JOIN discipline d ON m.id_discipline = d.id_discipline JOIN type_match tm ON m.id_type = tm.id_type_match WHERE et1.id_tournoi=2 m.debut_reel IS not  NULL AND m.fin_reel IS not  NULL and d.id_discipline=3 order by m.debut_reel desc')
 2 SYSTEMPATH\CodeIgniter.php(933): App\Controllers\MatchJController->get_matche_termine_par_discipline('3', '2')
 3 SYSTEMPATH\CodeIgniter.php(509): CodeIgniter\CodeIgniter->runController(Object(App\Controllers\MatchJController))
 4 SYSTEMPATH\CodeIgniter.php(355): CodeIgniter\CodeIgniter->handleRequest(null, Object(Config\Cache), false)
 5 SYSTEMPATH\Boot.php(312): CodeIgniter\CodeIgniter->run()
 6 SYSTEMPATH\Boot.php(67): CodeIgniter\Boot::runCodeIgniter(Object(CodeIgniter\CodeIgniter))
 7 FCPATH\index.php(62): CodeIgniter\Boot::bootWeb(Object(Config\Paths))
 8 SYSTEMPATH\Commands\Server\rewrite.php(49): require_once('C:\\Users\\minoh\\ITU\\L3\\S6\\itu-interprom\\interprom-back\\public\\index.php')
CRITICAL - 2025-05-15 18:41:03 --> [Caused by] CodeIgniter\Database\Exceptions\DatabaseException: pg_query(): Query failed: ERREUR:  erreur de syntaxe sur ou près de « m »
LINE 1: ...id_type = tm.id_type_match WHERE et1.id_tournoi=2 m.debut_re...
                                                             ^
in SYSTEMPATH\Database\Postgre\Connection.php on line 197.
 1 SYSTEMPATH\Database\BaseConnection.php(721): CodeIgniter\Database\Postgre\Connection->execute('SELECT m.id_match, et1.id_tournoi, e1.nom_equipe AS nom_equipe_1, e2.nom_equipe AS nom_equipe_2, m.date_, d.id_discipline, m.debut_prevision, m.debut_reel, m.fin_prevision, m.fin_reel, d.nom AS nom_discipline, m.score_equipe_1, m.score_equipe_2, tm.nom AS nom_type_match, m.terrain FROM match m JOIN equipe_tournoi et1 ON m.id_equipe_tournoi_1 = et1.id_equipe_tournoi JOIN equipe e1 ON et1.id_equipe = e1.id_equipe JOIN equipe_tournoi et2 ON m.id_equipe_tournoi_2 = et2.id_equipe_tournoi JOIN equipe e2 ON et2.id_equipe = e2.id_equipe JOIN discipline d ON m.id_discipline = d.id_discipline JOIN type_match tm ON m.id_type = tm.id_type_match WHERE et1.id_tournoi=2 m.debut_reel IS not  NULL AND m.fin_reel IS not  NULL and d.id_discipline=3 order by m.debut_reel desc')
 2 SYSTEMPATH\Database\BaseConnection.php(635): CodeIgniter\Database\BaseConnection->simpleQuery('SELECT m.id_match, et1.id_tournoi, e1.nom_equipe AS nom_equipe_1, e2.nom_equipe AS nom_equipe_2, m.date_, d.id_discipline, m.debut_prevision, m.debut_reel, m.fin_prevision, m.fin_reel, d.nom AS nom_discipline, m.score_equipe_1, m.score_equipe_2, tm.nom AS nom_type_match, m.terrain FROM match m JOIN equipe_tournoi et1 ON m.id_equipe_tournoi_1 = et1.id_equipe_tournoi JOIN equipe e1 ON et1.id_equipe = e1.id_equipe JOIN equipe_tournoi et2 ON m.id_equipe_tournoi_2 = et2.id_equipe_tournoi JOIN equipe e2 ON et2.id_equipe = e2.id_equipe JOIN discipline d ON m.id_discipline = d.id_discipline JOIN type_match tm ON m.id_type = tm.id_type_match WHERE et1.id_tournoi=2 m.debut_reel IS not  NULL AND m.fin_reel IS not  NULL and d.id_discipline=3 order by m.debut_reel desc')
 3 APPPATH\Controllers\MatchJController.php(168): CodeIgniter\Database\BaseConnection->query('SELECT m.id_match, et1.id_tournoi, e1.nom_equipe AS nom_equipe_1, e2.nom_equipe AS nom_equipe_2, m.date_, d.id_discipline, m.debut_prevision, m.debut_reel, m.fin_prevision, m.fin_reel, d.nom AS nom_discipline, m.score_equipe_1, m.score_equipe_2, tm.nom AS nom_type_match, m.terrain FROM match m JOIN equipe_tournoi et1 ON m.id_equipe_tournoi_1 = et1.id_equipe_tournoi JOIN equipe e1 ON et1.id_equipe = e1.id_equipe JOIN equipe_tournoi et2 ON m.id_equipe_tournoi_2 = et2.id_equipe_tournoi JOIN equipe e2 ON et2.id_equipe = e2.id_equipe JOIN discipline d ON m.id_discipline = d.id_discipline JOIN type_match tm ON m.id_type = tm.id_type_match WHERE et1.id_tournoi=2 m.debut_reel IS not  NULL AND m.fin_reel IS not  NULL and d.id_discipline=3 order by m.debut_reel desc')
 4 SYSTEMPATH\CodeIgniter.php(933): App\Controllers\MatchJController->get_matche_termine_par_discipline('3', '2')
 5 SYSTEMPATH\CodeIgniter.php(509): CodeIgniter\CodeIgniter->runController(Object(App\Controllers\MatchJController))
 6 SYSTEMPATH\CodeIgniter.php(355): CodeIgniter\CodeIgniter->handleRequest(null, Object(Config\Cache), false)
 7 SYSTEMPATH\Boot.php(312): CodeIgniter\CodeIgniter->run()
 8 SYSTEMPATH\Boot.php(67): CodeIgniter\Boot::runCodeIgniter(Object(CodeIgniter\CodeIgniter))
 9 FCPATH\index.php(62): CodeIgniter\Boot::bootWeb(Object(Config\Paths))
10 SYSTEMPATH\Commands\Server\rewrite.php(49): require_once('C:\\Users\\minoh\\ITU\\L3\\S6\\itu-interprom\\interprom-back\\public\\index.php')
CRITICAL - 2025-05-15 18:41:03 --> [Caused by] ErrorException: pg_query(): Query failed: ERREUR:  erreur de syntaxe sur ou près de « m »
LINE 1: ...id_type = tm.id_type_match WHERE et1.id_tournoi=2 m.debut_re...
                                                             ^
in SYSTEMPATH\Database\Postgre\Connection.php on line 192.
 1 [internal function]: CodeIgniter\Debug\Exceptions->errorHandler(2, 'pg_query(): Query failed: ERREUR:  erreur de syntaxe sur ou près de « m »
LINE 1: ...id_type = tm.id_type_match WHERE et1.id_tournoi=2 m.debut_re...
                                                             ^', 'C:\\Users\\minoh\\ITU\\L3\\S6\\itu-interprom\\interprom-back\\system\\Database\\Postgre\\Connection.php', 192)
 2 SYSTEMPATH\Database\Postgre\Connection.php(192): pg_query(Object(PgSql\Connection), 'SELECT m.id_match, et1.id_tournoi, e1.nom_equipe AS nom_equipe_1, e2.nom_equipe AS nom_equipe_2, m.date_, d.id_discipline, m.debut_prevision, m.debut_reel, m.fin_prevision, m.fin_reel, d.nom AS nom_discipline, m.score_equipe_1, m.score_equipe_2, tm.nom AS nom_type_match, m.terrain FROM match m JOIN equipe_tournoi et1 ON m.id_equipe_tournoi_1 = et1.id_equipe_tournoi JOIN equipe e1 ON et1.id_equipe = e1.id_equipe JOIN equipe_tournoi et2 ON m.id_equipe_tournoi_2 = et2.id_equipe_tournoi JOIN equipe e2 ON et2.id_equipe = e2.id_equipe JOIN discipline d ON m.id_discipline = d.id_discipline JOIN type_match tm ON m.id_type = tm.id_type_match WHERE et1.id_tournoi=2 m.debut_reel IS not  NULL AND m.fin_reel IS not  NULL and d.id_discipline=3 order by m.debut_reel desc')
 3 SYSTEMPATH\Database\BaseConnection.php(721): CodeIgniter\Database\Postgre\Connection->execute('SELECT m.id_match, et1.id_tournoi, e1.nom_equipe AS nom_equipe_1, e2.nom_equipe AS nom_equipe_2, m.date_, d.id_discipline, m.debut_prevision, m.debut_reel, m.fin_prevision, m.fin_reel, d.nom AS nom_discipline, m.score_equipe_1, m.score_equipe_2, tm.nom AS nom_type_match, m.terrain FROM match m JOIN equipe_tournoi et1 ON m.id_equipe_tournoi_1 = et1.id_equipe_tournoi JOIN equipe e1 ON et1.id_equipe = e1.id_equipe JOIN equipe_tournoi et2 ON m.id_equipe_tournoi_2 = et2.id_equipe_tournoi JOIN equipe e2 ON et2.id_equipe = e2.id_equipe JOIN discipline d ON m.id_discipline = d.id_discipline JOIN type_match tm ON m.id_type = tm.id_type_match WHERE et1.id_tournoi=2 m.debut_reel IS not  NULL AND m.fin_reel IS not  NULL and d.id_discipline=3 order by m.debut_reel desc')
 4 SYSTEMPATH\Database\BaseConnection.php(635): CodeIgniter\Database\BaseConnection->simpleQuery('SELECT m.id_match, et1.id_tournoi, e1.nom_equipe AS nom_equipe_1, e2.nom_equipe AS nom_equipe_2, m.date_, d.id_discipline, m.debut_prevision, m.debut_reel, m.fin_prevision, m.fin_reel, d.nom AS nom_discipline, m.score_equipe_1, m.score_equipe_2, tm.nom AS nom_type_match, m.terrain FROM match m JOIN equipe_tournoi et1 ON m.id_equipe_tournoi_1 = et1.id_equipe_tournoi JOIN equipe e1 ON et1.id_equipe = e1.id_equipe JOIN equipe_tournoi et2 ON m.id_equipe_tournoi_2 = et2.id_equipe_tournoi JOIN equipe e2 ON et2.id_equipe = e2.id_equipe JOIN discipline d ON m.id_discipline = d.id_discipline JOIN type_match tm ON m.id_type = tm.id_type_match WHERE et1.id_tournoi=2 m.debut_reel IS not  NULL AND m.fin_reel IS not  NULL and d.id_discipline=3 order by m.debut_reel desc')
 5 APPPATH\Controllers\MatchJController.php(168): CodeIgniter\Database\BaseConnection->query('SELECT m.id_match, et1.id_tournoi, e1.nom_equipe AS nom_equipe_1, e2.nom_equipe AS nom_equipe_2, m.date_, d.id_discipline, m.debut_prevision, m.debut_reel, m.fin_prevision, m.fin_reel, d.nom AS nom_discipline, m.score_equipe_1, m.score_equipe_2, tm.nom AS nom_type_match, m.terrain FROM match m JOIN equipe_tournoi et1 ON m.id_equipe_tournoi_1 = et1.id_equipe_tournoi JOIN equipe e1 ON et1.id_equipe = e1.id_equipe JOIN equipe_tournoi et2 ON m.id_equipe_tournoi_2 = et2.id_equipe_tournoi JOIN equipe e2 ON et2.id_equipe = e2.id_equipe JOIN discipline d ON m.id_discipline = d.id_discipline JOIN type_match tm ON m.id_type = tm.id_type_match WHERE et1.id_tournoi=2 m.debut_reel IS not  NULL AND m.fin_reel IS not  NULL and d.id_discipline=3 order by m.debut_reel desc')
 6 SYSTEMPATH\CodeIgniter.php(933): App\Controllers\MatchJController->get_matche_termine_par_discipline('3', '2')
 7 SYSTEMPATH\CodeIgniter.php(509): CodeIgniter\CodeIgniter->runController(Object(App\Controllers\MatchJController))
 8 SYSTEMPATH\CodeIgniter.php(355): CodeIgniter\CodeIgniter->handleRequest(null, Object(Config\Cache), false)
 9 SYSTEMPATH\Boot.php(312): CodeIgniter\CodeIgniter->run()
10 SYSTEMPATH\Boot.php(67): CodeIgniter\Boot::runCodeIgniter(Object(CodeIgniter\CodeIgniter))
11 FCPATH\index.php(62): CodeIgniter\Boot::bootWeb(Object(Config\Paths))
12 SYSTEMPATH\Commands\Server\rewrite.php(49): require_once('C:\\Users\\minoh\\ITU\\L3\\S6\\itu-interprom\\interprom-back\\public\\index.php')
WARNING - 2025-05-15 18:41:05 --> [DEPRECATED] Optional parameter $id_discipline declared before required parameter $id_tournoi is implicitly treated as a required parameter in APPPATH\Controllers\MatchJController.php on line 164.
 1 SYSTEMPATH\Autoloader\Autoloader.php(317): include_once('C:\\Users\\minoh\\ITU\\L3\\S6\\itu-interprom\\interprom-back\\system\\Debug\\Exceptions.php')
 2 SYSTEMPATH\Autoloader\Autoloader.php(296): CodeIgniter\Autoloader\Autoloader->includeFile('C:\\Users\\minoh\\ITU\\L3\\S6\\itu-interprom\\interprom-back\\app\\Controllers\\MatchJController.php')
 3 SYSTEMPATH\Autoloader\Autoloader.php(272): CodeIgniter\Autoloader\Autoloader->loadInNamespace('App\\Controllers\\MatchJController')
 4 [internal function]: CodeIgniter\Autoloader\Autoloader->loadClass('App\\Controllers\\MatchJController')
 5 SYSTEMPATH\CodeIgniter.php(887): class_exists('\\App\\Controllers\\MatchJController', true)
 6 SYSTEMPATH\CodeIgniter.php(496): CodeIgniter\CodeIgniter->startController()
 7 SYSTEMPATH\CodeIgniter.php(355): CodeIgniter\CodeIgniter->handleRequest(null, Object(Config\Cache), false)
 8 SYSTEMPATH\Boot.php(312): CodeIgniter\CodeIgniter->run()
 9 SYSTEMPATH\Boot.php(67): CodeIgniter\Boot::runCodeIgniter(Object(CodeIgniter\CodeIgniter))
10 FCPATH\index.php(62): CodeIgniter\Boot::bootWeb(Object(Config\Paths))
11 SYSTEMPATH\Commands\Server\rewrite.php(49): require_once('C:\\Users\\minoh\\ITU\\L3\\S6\\itu-interprom\\interprom-back\\public\\index.php')
ERROR - 2025-05-15 18:41:05 --> ErrorException: pg_query(): Query failed: ERREUR:  erreur de syntaxe sur ou près de « m »
LINE 1: ...id_type = tm.id_type_match WHERE et1.id_tournoi=2 m.debut_re...
                                                             ^ in C:\Users\minoh\ITU\L3\S6\itu-interprom\interprom-back\system\Database\Postgre\Connection.php:192
Stack trace:
#0 [internal function]: CodeIgniter\Debug\Exceptions->errorHandler(2, 'pg_query(): Que...', 'C:\\Users\\minoh\\...', 192)
#1 C:\Users\minoh\ITU\L3\S6\itu-interprom\interprom-back\system\Database\Postgre\Connection.php(192): pg_query(Object(PgSql\Connection), 'SELECT m.id_mat...')
#2 C:\Users\minoh\ITU\L3\S6\itu-interprom\interprom-back\system\Database\BaseConnection.php(721): CodeIgniter\Database\Postgre\Connection->execute('SELECT m.id_mat...')
#3 C:\Users\minoh\ITU\L3\S6\itu-interprom\interprom-back\system\Database\BaseConnection.php(635): CodeIgniter\Database\BaseConnection->simpleQuery('SELECT m.id_mat...')
#4 C:\Users\minoh\ITU\L3\S6\itu-interprom\interprom-back\app\Controllers\MatchJController.php(168): CodeIgniter\Database\BaseConnection->query('SELECT m.id_mat...')
#5 C:\Users\minoh\ITU\L3\S6\itu-interprom\interprom-back\system\CodeIgniter.php(933): App\Controllers\MatchJController->get_matche_termine_par_discipline('3', '2')
#6 C:\Users\minoh\ITU\L3\S6\itu-interprom\interprom-back\system\CodeIgniter.php(509): CodeIgniter\CodeIgniter->runController(Object(App\Controllers\MatchJController))
#7 C:\Users\minoh\ITU\L3\S6\itu-interprom\interprom-back\system\CodeIgniter.php(355): CodeIgniter\CodeIgniter->handleRequest(NULL, Object(Config\Cache), false)
#8 C:\Users\minoh\ITU\L3\S6\itu-interprom\interprom-back\system\Boot.php(312): CodeIgniter\CodeIgniter->run()
#9 C:\Users\minoh\ITU\L3\S6\itu-interprom\interprom-back\system\Boot.php(67): CodeIgniter\Boot::runCodeIgniter(Object(CodeIgniter\CodeIgniter))
#10 C:\Users\minoh\ITU\L3\S6\itu-interprom\interprom-back\public\index.php(62): CodeIgniter\Boot::bootWeb(Object(Config\Paths))
#11 C:\Users\minoh\ITU\L3\S6\itu-interprom\interprom-back\system\Commands\Server\rewrite.php(49): require_once('C:\\Users\\minoh\\...')
#12 {main}
CRITICAL - 2025-05-15 18:41:05 --> CodeIgniter\Database\Exceptions\DatabaseException: pg_query(): Query failed: ERREUR:  erreur de syntaxe sur ou près de « m »
LINE 1: ...id_type = tm.id_type_match WHERE et1.id_tournoi=2 m.debut_re...
                                                             ^
[Method: GET, Route: api/match_termine/discipline_3/tournoi_2]
in SYSTEMPATH\Database\BaseConnection.php on line 675.
 1 APPPATH\Controllers\MatchJController.php(168): CodeIgniter\Database\BaseConnection->query('SELECT m.id_match, et1.id_tournoi, e1.nom_equipe AS nom_equipe_1, e2.nom_equipe AS nom_equipe_2, m.date_, d.id_discipline, m.debut_prevision, m.debut_reel, m.fin_prevision, m.fin_reel, d.nom AS nom_discipline, m.score_equipe_1, m.score_equipe_2, tm.nom AS nom_type_match, m.terrain FROM match m JOIN equipe_tournoi et1 ON m.id_equipe_tournoi_1 = et1.id_equipe_tournoi JOIN equipe e1 ON et1.id_equipe = e1.id_equipe JOIN equipe_tournoi et2 ON m.id_equipe_tournoi_2 = et2.id_equipe_tournoi JOIN equipe e2 ON et2.id_equipe = e2.id_equipe JOIN discipline d ON m.id_discipline = d.id_discipline JOIN type_match tm ON m.id_type = tm.id_type_match WHERE et1.id_tournoi=2 m.debut_reel IS not  NULL AND m.fin_reel IS not  NULL and d.id_discipline=3 order by m.debut_reel desc')
 2 SYSTEMPATH\CodeIgniter.php(933): App\Controllers\MatchJController->get_matche_termine_par_discipline('3', '2')
 3 SYSTEMPATH\CodeIgniter.php(509): CodeIgniter\CodeIgniter->runController(Object(App\Controllers\MatchJController))
 4 SYSTEMPATH\CodeIgniter.php(355): CodeIgniter\CodeIgniter->handleRequest(null, Object(Config\Cache), false)
 5 SYSTEMPATH\Boot.php(312): CodeIgniter\CodeIgniter->run()
 6 SYSTEMPATH\Boot.php(67): CodeIgniter\Boot::runCodeIgniter(Object(CodeIgniter\CodeIgniter))
 7 FCPATH\index.php(62): CodeIgniter\Boot::bootWeb(Object(Config\Paths))
 8 SYSTEMPATH\Commands\Server\rewrite.php(49): require_once('C:\\Users\\minoh\\ITU\\L3\\S6\\itu-interprom\\interprom-back\\public\\index.php')
CRITICAL - 2025-05-15 18:41:05 --> [Caused by] CodeIgniter\Database\Exceptions\DatabaseException: pg_query(): Query failed: ERREUR:  erreur de syntaxe sur ou près de « m »
LINE 1: ...id_type = tm.id_type_match WHERE et1.id_tournoi=2 m.debut_re...
                                                             ^
in SYSTEMPATH\Database\Postgre\Connection.php on line 197.
 1 SYSTEMPATH\Database\BaseConnection.php(721): CodeIgniter\Database\Postgre\Connection->execute('SELECT m.id_match, et1.id_tournoi, e1.nom_equipe AS nom_equipe_1, e2.nom_equipe AS nom_equipe_2, m.date_, d.id_discipline, m.debut_prevision, m.debut_reel, m.fin_prevision, m.fin_reel, d.nom AS nom_discipline, m.score_equipe_1, m.score_equipe_2, tm.nom AS nom_type_match, m.terrain FROM match m JOIN equipe_tournoi et1 ON m.id_equipe_tournoi_1 = et1.id_equipe_tournoi JOIN equipe e1 ON et1.id_equipe = e1.id_equipe JOIN equipe_tournoi et2 ON m.id_equipe_tournoi_2 = et2.id_equipe_tournoi JOIN equipe e2 ON et2.id_equipe = e2.id_equipe JOIN discipline d ON m.id_discipline = d.id_discipline JOIN type_match tm ON m.id_type = tm.id_type_match WHERE et1.id_tournoi=2 m.debut_reel IS not  NULL AND m.fin_reel IS not  NULL and d.id_discipline=3 order by m.debut_reel desc')
 2 SYSTEMPATH\Database\BaseConnection.php(635): CodeIgniter\Database\BaseConnection->simpleQuery('SELECT m.id_match, et1.id_tournoi, e1.nom_equipe AS nom_equipe_1, e2.nom_equipe AS nom_equipe_2, m.date_, d.id_discipline, m.debut_prevision, m.debut_reel, m.fin_prevision, m.fin_reel, d.nom AS nom_discipline, m.score_equipe_1, m.score_equipe_2, tm.nom AS nom_type_match, m.terrain FROM match m JOIN equipe_tournoi et1 ON m.id_equipe_tournoi_1 = et1.id_equipe_tournoi JOIN equipe e1 ON et1.id_equipe = e1.id_equipe JOIN equipe_tournoi et2 ON m.id_equipe_tournoi_2 = et2.id_equipe_tournoi JOIN equipe e2 ON et2.id_equipe = e2.id_equipe JOIN discipline d ON m.id_discipline = d.id_discipline JOIN type_match tm ON m.id_type = tm.id_type_match WHERE et1.id_tournoi=2 m.debut_reel IS not  NULL AND m.fin_reel IS not  NULL and d.id_discipline=3 order by m.debut_reel desc')
 3 APPPATH\Controllers\MatchJController.php(168): CodeIgniter\Database\BaseConnection->query('SELECT m.id_match, et1.id_tournoi, e1.nom_equipe AS nom_equipe_1, e2.nom_equipe AS nom_equipe_2, m.date_, d.id_discipline, m.debut_prevision, m.debut_reel, m.fin_prevision, m.fin_reel, d.nom AS nom_discipline, m.score_equipe_1, m.score_equipe_2, tm.nom AS nom_type_match, m.terrain FROM match m JOIN equipe_tournoi et1 ON m.id_equipe_tournoi_1 = et1.id_equipe_tournoi JOIN equipe e1 ON et1.id_equipe = e1.id_equipe JOIN equipe_tournoi et2 ON m.id_equipe_tournoi_2 = et2.id_equipe_tournoi JOIN equipe e2 ON et2.id_equipe = e2.id_equipe JOIN discipline d ON m.id_discipline = d.id_discipline JOIN type_match tm ON m.id_type = tm.id_type_match WHERE et1.id_tournoi=2 m.debut_reel IS not  NULL AND m.fin_reel IS not  NULL and d.id_discipline=3 order by m.debut_reel desc')
 4 SYSTEMPATH\CodeIgniter.php(933): App\Controllers\MatchJController->get_matche_termine_par_discipline('3', '2')
 5 SYSTEMPATH\CodeIgniter.php(509): CodeIgniter\CodeIgniter->runController(Object(App\Controllers\MatchJController))
 6 SYSTEMPATH\CodeIgniter.php(355): CodeIgniter\CodeIgniter->handleRequest(null, Object(Config\Cache), false)
 7 SYSTEMPATH\Boot.php(312): CodeIgniter\CodeIgniter->run()
 8 SYSTEMPATH\Boot.php(67): CodeIgniter\Boot::runCodeIgniter(Object(CodeIgniter\CodeIgniter))
 9 FCPATH\index.php(62): CodeIgniter\Boot::bootWeb(Object(Config\Paths))
10 SYSTEMPATH\Commands\Server\rewrite.php(49): require_once('C:\\Users\\minoh\\ITU\\L3\\S6\\itu-interprom\\interprom-back\\public\\index.php')
CRITICAL - 2025-05-15 18:41:05 --> [Caused by] ErrorException: pg_query(): Query failed: ERREUR:  erreur de syntaxe sur ou près de « m »
LINE 1: ...id_type = tm.id_type_match WHERE et1.id_tournoi=2 m.debut_re...
                                                             ^
in SYSTEMPATH\Database\Postgre\Connection.php on line 192.
 1 [internal function]: CodeIgniter\Debug\Exceptions->errorHandler(2, 'pg_query(): Query failed: ERREUR:  erreur de syntaxe sur ou près de « m »
LINE 1: ...id_type = tm.id_type_match WHERE et1.id_tournoi=2 m.debut_re...
                                                             ^', 'C:\\Users\\minoh\\ITU\\L3\\S6\\itu-interprom\\interprom-back\\system\\Database\\Postgre\\Connection.php', 192)
 2 SYSTEMPATH\Database\Postgre\Connection.php(192): pg_query(Object(PgSql\Connection), 'SELECT m.id_match, et1.id_tournoi, e1.nom_equipe AS nom_equipe_1, e2.nom_equipe AS nom_equipe_2, m.date_, d.id_discipline, m.debut_prevision, m.debut_reel, m.fin_prevision, m.fin_reel, d.nom AS nom_discipline, m.score_equipe_1, m.score_equipe_2, tm.nom AS nom_type_match, m.terrain FROM match m JOIN equipe_tournoi et1 ON m.id_equipe_tournoi_1 = et1.id_equipe_tournoi JOIN equipe e1 ON et1.id_equipe = e1.id_equipe JOIN equipe_tournoi et2 ON m.id_equipe_tournoi_2 = et2.id_equipe_tournoi JOIN equipe e2 ON et2.id_equipe = e2.id_equipe JOIN discipline d ON m.id_discipline = d.id_discipline JOIN type_match tm ON m.id_type = tm.id_type_match WHERE et1.id_tournoi=2 m.debut_reel IS not  NULL AND m.fin_reel IS not  NULL and d.id_discipline=3 order by m.debut_reel desc')
 3 SYSTEMPATH\Database\BaseConnection.php(721): CodeIgniter\Database\Postgre\Connection->execute('SELECT m.id_match, et1.id_tournoi, e1.nom_equipe AS nom_equipe_1, e2.nom_equipe AS nom_equipe_2, m.date_, d.id_discipline, m.debut_prevision, m.debut_reel, m.fin_prevision, m.fin_reel, d.nom AS nom_discipline, m.score_equipe_1, m.score_equipe_2, tm.nom AS nom_type_match, m.terrain FROM match m JOIN equipe_tournoi et1 ON m.id_equipe_tournoi_1 = et1.id_equipe_tournoi JOIN equipe e1 ON et1.id_equipe = e1.id_equipe JOIN equipe_tournoi et2 ON m.id_equipe_tournoi_2 = et2.id_equipe_tournoi JOIN equipe e2 ON et2.id_equipe = e2.id_equipe JOIN discipline d ON m.id_discipline = d.id_discipline JOIN type_match tm ON m.id_type = tm.id_type_match WHERE et1.id_tournoi=2 m.debut_reel IS not  NULL AND m.fin_reel IS not  NULL and d.id_discipline=3 order by m.debut_reel desc')
 4 SYSTEMPATH\Database\BaseConnection.php(635): CodeIgniter\Database\BaseConnection->simpleQuery('SELECT m.id_match, et1.id_tournoi, e1.nom_equipe AS nom_equipe_1, e2.nom_equipe AS nom_equipe_2, m.date_, d.id_discipline, m.debut_prevision, m.debut_reel, m.fin_prevision, m.fin_reel, d.nom AS nom_discipline, m.score_equipe_1, m.score_equipe_2, tm.nom AS nom_type_match, m.terrain FROM match m JOIN equipe_tournoi et1 ON m.id_equipe_tournoi_1 = et1.id_equipe_tournoi JOIN equipe e1 ON et1.id_equipe = e1.id_equipe JOIN equipe_tournoi et2 ON m.id_equipe_tournoi_2 = et2.id_equipe_tournoi JOIN equipe e2 ON et2.id_equipe = e2.id_equipe JOIN discipline d ON m.id_discipline = d.id_discipline JOIN type_match tm ON m.id_type = tm.id_type_match WHERE et1.id_tournoi=2 m.debut_reel IS not  NULL AND m.fin_reel IS not  NULL and d.id_discipline=3 order by m.debut_reel desc')
 5 APPPATH\Controllers\MatchJController.php(168): CodeIgniter\Database\BaseConnection->query('SELECT m.id_match, et1.id_tournoi, e1.nom_equipe AS nom_equipe_1, e2.nom_equipe AS nom_equipe_2, m.date_, d.id_discipline, m.debut_prevision, m.debut_reel, m.fin_prevision, m.fin_reel, d.nom AS nom_discipline, m.score_equipe_1, m.score_equipe_2, tm.nom AS nom_type_match, m.terrain FROM match m JOIN equipe_tournoi et1 ON m.id_equipe_tournoi_1 = et1.id_equipe_tournoi JOIN equipe e1 ON et1.id_equipe = e1.id_equipe JOIN equipe_tournoi et2 ON m.id_equipe_tournoi_2 = et2.id_equipe_tournoi JOIN equipe e2 ON et2.id_equipe = e2.id_equipe JOIN discipline d ON m.id_discipline = d.id_discipline JOIN type_match tm ON m.id_type = tm.id_type_match WHERE et1.id_tournoi=2 m.debut_reel IS not  NULL AND m.fin_reel IS not  NULL and d.id_discipline=3 order by m.debut_reel desc')
 6 SYSTEMPATH\CodeIgniter.php(933): App\Controllers\MatchJController->get_matche_termine_par_discipline('3', '2')
 7 SYSTEMPATH\CodeIgniter.php(509): CodeIgniter\CodeIgniter->runController(Object(App\Controllers\MatchJController))
 8 SYSTEMPATH\CodeIgniter.php(355): CodeIgniter\CodeIgniter->handleRequest(null, Object(Config\Cache), false)
 9 SYSTEMPATH\Boot.php(312): CodeIgniter\CodeIgniter->run()
10 SYSTEMPATH\Boot.php(67): CodeIgniter\Boot::runCodeIgniter(Object(CodeIgniter\CodeIgniter))
11 FCPATH\index.php(62): CodeIgniter\Boot::bootWeb(Object(Config\Paths))
12 SYSTEMPATH\Commands\Server\rewrite.php(49): require_once('C:\\Users\\minoh\\ITU\\L3\\S6\\itu-interprom\\interprom-back\\public\\index.php')
WARNING - 2025-05-15 18:41:09 --> [DEPRECATED] Optional parameter $id_discipline declared before required parameter $id_tournoi is implicitly treated as a required parameter in APPPATH\Controllers\MatchJController.php on line 164.
 1 SYSTEMPATH\Autoloader\Autoloader.php(317): include_once('C:\\Users\\minoh\\ITU\\L3\\S6\\itu-interprom\\interprom-back\\system\\Debug\\Exceptions.php')
 2 SYSTEMPATH\Autoloader\Autoloader.php(296): CodeIgniter\Autoloader\Autoloader->includeFile('C:\\Users\\minoh\\ITU\\L3\\S6\\itu-interprom\\interprom-back\\app\\Controllers\\MatchJController.php')
 3 SYSTEMPATH\Autoloader\Autoloader.php(272): CodeIgniter\Autoloader\Autoloader->loadInNamespace('App\\Controllers\\MatchJController')
 4 [internal function]: CodeIgniter\Autoloader\Autoloader->loadClass('App\\Controllers\\MatchJController')
 5 SYSTEMPATH\CodeIgniter.php(887): class_exists('\\App\\Controllers\\MatchJController', true)
 6 SYSTEMPATH\CodeIgniter.php(496): CodeIgniter\CodeIgniter->startController()
 7 SYSTEMPATH\CodeIgniter.php(355): CodeIgniter\CodeIgniter->handleRequest(null, Object(Config\Cache), false)
 8 SYSTEMPATH\Boot.php(312): CodeIgniter\CodeIgniter->run()
 9 SYSTEMPATH\Boot.php(67): CodeIgniter\Boot::runCodeIgniter(Object(CodeIgniter\CodeIgniter))
10 FCPATH\index.php(62): CodeIgniter\Boot::bootWeb(Object(Config\Paths))
11 SYSTEMPATH\Commands\Server\rewrite.php(49): require_once('C:\\Users\\minoh\\ITU\\L3\\S6\\itu-interprom\\interprom-back\\public\\index.php')
ERROR - 2025-05-15 18:41:09 --> ErrorException: pg_query(): Query failed: ERREUR:  erreur de syntaxe sur ou près de « m »
LINE 1: ...id_type = tm.id_type_match WHERE et1.id_tournoi=2 m.debut_re...
                                                             ^ in C:\Users\minoh\ITU\L3\S6\itu-interprom\interprom-back\system\Database\Postgre\Connection.php:192
Stack trace:
#0 [internal function]: CodeIgniter\Debug\Exceptions->errorHandler(2, 'pg_query(): Que...', 'C:\\Users\\minoh\\...', 192)
#1 C:\Users\minoh\ITU\L3\S6\itu-interprom\interprom-back\system\Database\Postgre\Connection.php(192): pg_query(Object(PgSql\Connection), 'SELECT m.id_mat...')
#2 C:\Users\minoh\ITU\L3\S6\itu-interprom\interprom-back\system\Database\BaseConnection.php(721): CodeIgniter\Database\Postgre\Connection->execute('SELECT m.id_mat...')
#3 C:\Users\minoh\ITU\L3\S6\itu-interprom\interprom-back\system\Database\BaseConnection.php(635): CodeIgniter\Database\BaseConnection->simpleQuery('SELECT m.id_mat...')
#4 C:\Users\minoh\ITU\L3\S6\itu-interprom\interprom-back\app\Controllers\MatchJController.php(168): CodeIgniter\Database\BaseConnection->query('SELECT m.id_mat...')
#5 C:\Users\minoh\ITU\L3\S6\itu-interprom\interprom-back\system\CodeIgniter.php(933): App\Controllers\MatchJController->get_matche_termine_par_discipline('3', '2')
#6 C:\Users\minoh\ITU\L3\S6\itu-interprom\interprom-back\system\CodeIgniter.php(509): CodeIgniter\CodeIgniter->runController(Object(App\Controllers\MatchJController))
#7 C:\Users\minoh\ITU\L3\S6\itu-interprom\interprom-back\system\CodeIgniter.php(355): CodeIgniter\CodeIgniter->handleRequest(NULL, Object(Config\Cache), false)
#8 C:\Users\minoh\ITU\L3\S6\itu-interprom\interprom-back\system\Boot.php(312): CodeIgniter\CodeIgniter->run()
#9 C:\Users\minoh\ITU\L3\S6\itu-interprom\interprom-back\system\Boot.php(67): CodeIgniter\Boot::runCodeIgniter(Object(CodeIgniter\CodeIgniter))
#10 C:\Users\minoh\ITU\L3\S6\itu-interprom\interprom-back\public\index.php(62): CodeIgniter\Boot::bootWeb(Object(Config\Paths))
#11 C:\Users\minoh\ITU\L3\S6\itu-interprom\interprom-back\system\Commands\Server\rewrite.php(49): require_once('C:\\Users\\minoh\\...')
#12 {main}
CRITICAL - 2025-05-15 18:41:09 --> CodeIgniter\Database\Exceptions\DatabaseException: pg_query(): Query failed: ERREUR:  erreur de syntaxe sur ou près de « m »
LINE 1: ...id_type = tm.id_type_match WHERE et1.id_tournoi=2 m.debut_re...
                                                             ^
[Method: GET, Route: api/match_termine/discipline_3/tournoi_2]
in SYSTEMPATH\Database\BaseConnection.php on line 675.
 1 APPPATH\Controllers\MatchJController.php(168): CodeIgniter\Database\BaseConnection->query('SELECT m.id_match, et1.id_tournoi, e1.nom_equipe AS nom_equipe_1, e2.nom_equipe AS nom_equipe_2, m.date_, d.id_discipline, m.debut_prevision, m.debut_reel, m.fin_prevision, m.fin_reel, d.nom AS nom_discipline, m.score_equipe_1, m.score_equipe_2, tm.nom AS nom_type_match, m.terrain FROM match m JOIN equipe_tournoi et1 ON m.id_equipe_tournoi_1 = et1.id_equipe_tournoi JOIN equipe e1 ON et1.id_equipe = e1.id_equipe JOIN equipe_tournoi et2 ON m.id_equipe_tournoi_2 = et2.id_equipe_tournoi JOIN equipe e2 ON et2.id_equipe = e2.id_equipe JOIN discipline d ON m.id_discipline = d.id_discipline JOIN type_match tm ON m.id_type = tm.id_type_match WHERE et1.id_tournoi=2 m.debut_reel IS not  NULL AND m.fin_reel IS not  NULL and d.id_discipline=3 order by m.debut_reel desc')
 2 SYSTEMPATH\CodeIgniter.php(933): App\Controllers\MatchJController->get_matche_termine_par_discipline('3', '2')
 3 SYSTEMPATH\CodeIgniter.php(509): CodeIgniter\CodeIgniter->runController(Object(App\Controllers\MatchJController))
 4 SYSTEMPATH\CodeIgniter.php(355): CodeIgniter\CodeIgniter->handleRequest(null, Object(Config\Cache), false)
 5 SYSTEMPATH\Boot.php(312): CodeIgniter\CodeIgniter->run()
 6 SYSTEMPATH\Boot.php(67): CodeIgniter\Boot::runCodeIgniter(Object(CodeIgniter\CodeIgniter))
 7 FCPATH\index.php(62): CodeIgniter\Boot::bootWeb(Object(Config\Paths))
 8 SYSTEMPATH\Commands\Server\rewrite.php(49): require_once('C:\\Users\\minoh\\ITU\\L3\\S6\\itu-interprom\\interprom-back\\public\\index.php')
CRITICAL - 2025-05-15 18:41:09 --> [Caused by] CodeIgniter\Database\Exceptions\DatabaseException: pg_query(): Query failed: ERREUR:  erreur de syntaxe sur ou près de « m »
LINE 1: ...id_type = tm.id_type_match WHERE et1.id_tournoi=2 m.debut_re...
                                                             ^
in SYSTEMPATH\Database\Postgre\Connection.php on line 197.
 1 SYSTEMPATH\Database\BaseConnection.php(721): CodeIgniter\Database\Postgre\Connection->execute('SELECT m.id_match, et1.id_tournoi, e1.nom_equipe AS nom_equipe_1, e2.nom_equipe AS nom_equipe_2, m.date_, d.id_discipline, m.debut_prevision, m.debut_reel, m.fin_prevision, m.fin_reel, d.nom AS nom_discipline, m.score_equipe_1, m.score_equipe_2, tm.nom AS nom_type_match, m.terrain FROM match m JOIN equipe_tournoi et1 ON m.id_equipe_tournoi_1 = et1.id_equipe_tournoi JOIN equipe e1 ON et1.id_equipe = e1.id_equipe JOIN equipe_tournoi et2 ON m.id_equipe_tournoi_2 = et2.id_equipe_tournoi JOIN equipe e2 ON et2.id_equipe = e2.id_equipe JOIN discipline d ON m.id_discipline = d.id_discipline JOIN type_match tm ON m.id_type = tm.id_type_match WHERE et1.id_tournoi=2 m.debut_reel IS not  NULL AND m.fin_reel IS not  NULL and d.id_discipline=3 order by m.debut_reel desc')
 2 SYSTEMPATH\Database\BaseConnection.php(635): CodeIgniter\Database\BaseConnection->simpleQuery('SELECT m.id_match, et1.id_tournoi, e1.nom_equipe AS nom_equipe_1, e2.nom_equipe AS nom_equipe_2, m.date_, d.id_discipline, m.debut_prevision, m.debut_reel, m.fin_prevision, m.fin_reel, d.nom AS nom_discipline, m.score_equipe_1, m.score_equipe_2, tm.nom AS nom_type_match, m.terrain FROM match m JOIN equipe_tournoi et1 ON m.id_equipe_tournoi_1 = et1.id_equipe_tournoi JOIN equipe e1 ON et1.id_equipe = e1.id_equipe JOIN equipe_tournoi et2 ON m.id_equipe_tournoi_2 = et2.id_equipe_tournoi JOIN equipe e2 ON et2.id_equipe = e2.id_equipe JOIN discipline d ON m.id_discipline = d.id_discipline JOIN type_match tm ON m.id_type = tm.id_type_match WHERE et1.id_tournoi=2 m.debut_reel IS not  NULL AND m.fin_reel IS not  NULL and d.id_discipline=3 order by m.debut_reel desc')
 3 APPPATH\Controllers\MatchJController.php(168): CodeIgniter\Database\BaseConnection->query('SELECT m.id_match, et1.id_tournoi, e1.nom_equipe AS nom_equipe_1, e2.nom_equipe AS nom_equipe_2, m.date_, d.id_discipline, m.debut_prevision, m.debut_reel, m.fin_prevision, m.fin_reel, d.nom AS nom_discipline, m.score_equipe_1, m.score_equipe_2, tm.nom AS nom_type_match, m.terrain FROM match m JOIN equipe_tournoi et1 ON m.id_equipe_tournoi_1 = et1.id_equipe_tournoi JOIN equipe e1 ON et1.id_equipe = e1.id_equipe JOIN equipe_tournoi et2 ON m.id_equipe_tournoi_2 = et2.id_equipe_tournoi JOIN equipe e2 ON et2.id_equipe = e2.id_equipe JOIN discipline d ON m.id_discipline = d.id_discipline JOIN type_match tm ON m.id_type = tm.id_type_match WHERE et1.id_tournoi=2 m.debut_reel IS not  NULL AND m.fin_reel IS not  NULL and d.id_discipline=3 order by m.debut_reel desc')
 4 SYSTEMPATH\CodeIgniter.php(933): App\Controllers\MatchJController->get_matche_termine_par_discipline('3', '2')
 5 SYSTEMPATH\CodeIgniter.php(509): CodeIgniter\CodeIgniter->runController(Object(App\Controllers\MatchJController))
 6 SYSTEMPATH\CodeIgniter.php(355): CodeIgniter\CodeIgniter->handleRequest(null, Object(Config\Cache), false)
 7 SYSTEMPATH\Boot.php(312): CodeIgniter\CodeIgniter->run()
 8 SYSTEMPATH\Boot.php(67): CodeIgniter\Boot::runCodeIgniter(Object(CodeIgniter\CodeIgniter))
 9 FCPATH\index.php(62): CodeIgniter\Boot::bootWeb(Object(Config\Paths))
10 SYSTEMPATH\Commands\Server\rewrite.php(49): require_once('C:\\Users\\minoh\\ITU\\L3\\S6\\itu-interprom\\interprom-back\\public\\index.php')
CRITICAL - 2025-05-15 18:41:09 --> [Caused by] ErrorException: pg_query(): Query failed: ERREUR:  erreur de syntaxe sur ou près de « m »
LINE 1: ...id_type = tm.id_type_match WHERE et1.id_tournoi=2 m.debut_re...
                                                             ^
in SYSTEMPATH\Database\Postgre\Connection.php on line 192.
 1 [internal function]: CodeIgniter\Debug\Exceptions->errorHandler(2, 'pg_query(): Query failed: ERREUR:  erreur de syntaxe sur ou près de « m »
LINE 1: ...id_type = tm.id_type_match WHERE et1.id_tournoi=2 m.debut_re...
                                                             ^', 'C:\\Users\\minoh\\ITU\\L3\\S6\\itu-interprom\\interprom-back\\system\\Database\\Postgre\\Connection.php', 192)
 2 SYSTEMPATH\Database\Postgre\Connection.php(192): pg_query(Object(PgSql\Connection), 'SELECT m.id_match, et1.id_tournoi, e1.nom_equipe AS nom_equipe_1, e2.nom_equipe AS nom_equipe_2, m.date_, d.id_discipline, m.debut_prevision, m.debut_reel, m.fin_prevision, m.fin_reel, d.nom AS nom_discipline, m.score_equipe_1, m.score_equipe_2, tm.nom AS nom_type_match, m.terrain FROM match m JOIN equipe_tournoi et1 ON m.id_equipe_tournoi_1 = et1.id_equipe_tournoi JOIN equipe e1 ON et1.id_equipe = e1.id_equipe JOIN equipe_tournoi et2 ON m.id_equipe_tournoi_2 = et2.id_equipe_tournoi JOIN equipe e2 ON et2.id_equipe = e2.id_equipe JOIN discipline d ON m.id_discipline = d.id_discipline JOIN type_match tm ON m.id_type = tm.id_type_match WHERE et1.id_tournoi=2 m.debut_reel IS not  NULL AND m.fin_reel IS not  NULL and d.id_discipline=3 order by m.debut_reel desc')
 3 SYSTEMPATH\Database\BaseConnection.php(721): CodeIgniter\Database\Postgre\Connection->execute('SELECT m.id_match, et1.id_tournoi, e1.nom_equipe AS nom_equipe_1, e2.nom_equipe AS nom_equipe_2, m.date_, d.id_discipline, m.debut_prevision, m.debut_reel, m.fin_prevision, m.fin_reel, d.nom AS nom_discipline, m.score_equipe_1, m.score_equipe_2, tm.nom AS nom_type_match, m.terrain FROM match m JOIN equipe_tournoi et1 ON m.id_equipe_tournoi_1 = et1.id_equipe_tournoi JOIN equipe e1 ON et1.id_equipe = e1.id_equipe JOIN equipe_tournoi et2 ON m.id_equipe_tournoi_2 = et2.id_equipe_tournoi JOIN equipe e2 ON et2.id_equipe = e2.id_equipe JOIN discipline d ON m.id_discipline = d.id_discipline JOIN type_match tm ON m.id_type = tm.id_type_match WHERE et1.id_tournoi=2 m.debut_reel IS not  NULL AND m.fin_reel IS not  NULL and d.id_discipline=3 order by m.debut_reel desc')
 4 SYSTEMPATH\Database\BaseConnection.php(635): CodeIgniter\Database\BaseConnection->simpleQuery('SELECT m.id_match, et1.id_tournoi, e1.nom_equipe AS nom_equipe_1, e2.nom_equipe AS nom_equipe_2, m.date_, d.id_discipline, m.debut_prevision, m.debut_reel, m.fin_prevision, m.fin_reel, d.nom AS nom_discipline, m.score_equipe_1, m.score_equipe_2, tm.nom AS nom_type_match, m.terrain FROM match m JOIN equipe_tournoi et1 ON m.id_equipe_tournoi_1 = et1.id_equipe_tournoi JOIN equipe e1 ON et1.id_equipe = e1.id_equipe JOIN equipe_tournoi et2 ON m.id_equipe_tournoi_2 = et2.id_equipe_tournoi JOIN equipe e2 ON et2.id_equipe = e2.id_equipe JOIN discipline d ON m.id_discipline = d.id_discipline JOIN type_match tm ON m.id_type = tm.id_type_match WHERE et1.id_tournoi=2 m.debut_reel IS not  NULL AND m.fin_reel IS not  NULL and d.id_discipline=3 order by m.debut_reel desc')
 5 APPPATH\Controllers\MatchJController.php(168): CodeIgniter\Database\BaseConnection->query('SELECT m.id_match, et1.id_tournoi, e1.nom_equipe AS nom_equipe_1, e2.nom_equipe AS nom_equipe_2, m.date_, d.id_discipline, m.debut_prevision, m.debut_reel, m.fin_prevision, m.fin_reel, d.nom AS nom_discipline, m.score_equipe_1, m.score_equipe_2, tm.nom AS nom_type_match, m.terrain FROM match m JOIN equipe_tournoi et1 ON m.id_equipe_tournoi_1 = et1.id_equipe_tournoi JOIN equipe e1 ON et1.id_equipe = e1.id_equipe JOIN equipe_tournoi et2 ON m.id_equipe_tournoi_2 = et2.id_equipe_tournoi JOIN equipe e2 ON et2.id_equipe = e2.id_equipe JOIN discipline d ON m.id_discipline = d.id_discipline JOIN type_match tm ON m.id_type = tm.id_type_match WHERE et1.id_tournoi=2 m.debut_reel IS not  NULL AND m.fin_reel IS not  NULL and d.id_discipline=3 order by m.debut_reel desc')
 6 SYSTEMPATH\CodeIgniter.php(933): App\Controllers\MatchJController->get_matche_termine_par_discipline('3', '2')
 7 SYSTEMPATH\CodeIgniter.php(509): CodeIgniter\CodeIgniter->runController(Object(App\Controllers\MatchJController))
 8 SYSTEMPATH\CodeIgniter.php(355): CodeIgniter\CodeIgniter->handleRequest(null, Object(Config\Cache), false)
 9 SYSTEMPATH\Boot.php(312): CodeIgniter\CodeIgniter->run()
10 SYSTEMPATH\Boot.php(67): CodeIgniter\Boot::runCodeIgniter(Object(CodeIgniter\CodeIgniter))
11 FCPATH\index.php(62): CodeIgniter\Boot::bootWeb(Object(Config\Paths))
12 SYSTEMPATH\Commands\Server\rewrite.php(49): require_once('C:\\Users\\minoh\\ITU\\L3\\S6\\itu-interprom\\interprom-back\\public\\index.php')
WARNING - 2025-05-15 18:41:42 --> [DEPRECATED] Optional parameter $id_discipline declared before required parameter $id_tournoi is implicitly treated as a required parameter in APPPATH\Controllers\MatchJController.php on line 164.
 1 SYSTEMPATH\Autoloader\Autoloader.php(317): include_once('C:\\Users\\minoh\\ITU\\L3\\S6\\itu-interprom\\interprom-back\\system\\Debug\\Exceptions.php')
 2 SYSTEMPATH\Autoloader\Autoloader.php(296): CodeIgniter\Autoloader\Autoloader->includeFile('C:\\Users\\minoh\\ITU\\L3\\S6\\itu-interprom\\interprom-back\\app\\Controllers\\MatchJController.php')
 3 SYSTEMPATH\Autoloader\Autoloader.php(272): CodeIgniter\Autoloader\Autoloader->loadInNamespace('App\\Controllers\\MatchJController')
 4 [internal function]: CodeIgniter\Autoloader\Autoloader->loadClass('App\\Controllers\\MatchJController')
 5 SYSTEMPATH\CodeIgniter.php(887): class_exists('\\App\\Controllers\\MatchJController', true)
 6 SYSTEMPATH\CodeIgniter.php(496): CodeIgniter\CodeIgniter->startController()
 7 SYSTEMPATH\CodeIgniter.php(355): CodeIgniter\CodeIgniter->handleRequest(null, Object(Config\Cache), false)
 8 SYSTEMPATH\Boot.php(312): CodeIgniter\CodeIgniter->run()
 9 SYSTEMPATH\Boot.php(67): CodeIgniter\Boot::runCodeIgniter(Object(CodeIgniter\CodeIgniter))
10 FCPATH\index.php(62): CodeIgniter\Boot::bootWeb(Object(Config\Paths))
11 SYSTEMPATH\Commands\Server\rewrite.php(49): require_once('C:\\Users\\minoh\\ITU\\L3\\S6\\itu-interprom\\interprom-back\\public\\index.php')
WARNING - 2025-05-15 18:42:15 --> [DEPRECATED] Optional parameter $id_discipline declared before required parameter $id_tournoi is implicitly treated as a required parameter in APPPATH\Controllers\MatchJController.php on line 164.
 1 SYSTEMPATH\Autoloader\Autoloader.php(317): include_once('C:\\Users\\minoh\\ITU\\L3\\S6\\itu-interprom\\interprom-back\\system\\Debug\\Exceptions.php')
 2 SYSTEMPATH\Autoloader\Autoloader.php(296): CodeIgniter\Autoloader\Autoloader->includeFile('C:\\Users\\minoh\\ITU\\L3\\S6\\itu-interprom\\interprom-back\\app\\Controllers\\MatchJController.php')
 3 SYSTEMPATH\Autoloader\Autoloader.php(272): CodeIgniter\Autoloader\Autoloader->loadInNamespace('App\\Controllers\\MatchJController')
 4 [internal function]: CodeIgniter\Autoloader\Autoloader->loadClass('App\\Controllers\\MatchJController')
 5 SYSTEMPATH\CodeIgniter.php(887): class_exists('\\App\\Controllers\\MatchJController', true)
 6 SYSTEMPATH\CodeIgniter.php(496): CodeIgniter\CodeIgniter->startController()
 7 SYSTEMPATH\CodeIgniter.php(355): CodeIgniter\CodeIgniter->handleRequest(null, Object(Config\Cache), false)
 8 SYSTEMPATH\Boot.php(312): CodeIgniter\CodeIgniter->run()
 9 SYSTEMPATH\Boot.php(67): CodeIgniter\Boot::runCodeIgniter(Object(CodeIgniter\CodeIgniter))
10 FCPATH\index.php(62): CodeIgniter\Boot::bootWeb(Object(Config\Paths))
11 SYSTEMPATH\Commands\Server\rewrite.php(49): require_once('C:\\Users\\minoh\\ITU\\L3\\S6\\itu-interprom\\interprom-back\\public\\index.php')
WARNING - 2025-05-15 18:44:25 --> [DEPRECATED] Optional parameter $id_discipline declared before required parameter $id_tournoi is implicitly treated as a required parameter in APPPATH\Controllers\MatchJController.php on line 164.
 1 SYSTEMPATH\Autoloader\Autoloader.php(317): include_once('C:\\Users\\minoh\\ITU\\L3\\S6\\itu-interprom\\interprom-back\\system\\Debug\\Exceptions.php')
 2 SYSTEMPATH\Autoloader\Autoloader.php(296): CodeIgniter\Autoloader\Autoloader->includeFile('C:\\Users\\minoh\\ITU\\L3\\S6\\itu-interprom\\interprom-back\\app\\Controllers\\MatchJController.php')
 3 SYSTEMPATH\Autoloader\Autoloader.php(272): CodeIgniter\Autoloader\Autoloader->loadInNamespace('App\\Controllers\\MatchJController')
 4 [internal function]: CodeIgniter\Autoloader\Autoloader->loadClass('App\\Controllers\\MatchJController')
 5 SYSTEMPATH\CodeIgniter.php(887): class_exists('\\App\\Controllers\\MatchJController', true)
 6 SYSTEMPATH\CodeIgniter.php(496): CodeIgniter\CodeIgniter->startController()
 7 SYSTEMPATH\CodeIgniter.php(355): CodeIgniter\CodeIgniter->handleRequest(null, Object(Config\Cache), false)
 8 SYSTEMPATH\Boot.php(312): CodeIgniter\CodeIgniter->run()
 9 SYSTEMPATH\Boot.php(67): CodeIgniter\Boot::runCodeIgniter(Object(CodeIgniter\CodeIgniter))
10 FCPATH\index.php(62): CodeIgniter\Boot::bootWeb(Object(Config\Paths))
11 SYSTEMPATH\Commands\Server\rewrite.php(49): require_once('C:\\Users\\minoh\\ITU\\L3\\S6\\itu-interprom\\interprom-back\\public\\index.php')
WARNING - 2025-05-15 18:44:29 --> [DEPRECATED] Optional parameter $id_discipline declared before required parameter $id_tournoi is implicitly treated as a required parameter in APPPATH\Controllers\MatchJController.php on line 164.
 1 SYSTEMPATH\Autoloader\Autoloader.php(317): include_once('C:\\Users\\minoh\\ITU\\L3\\S6\\itu-interprom\\interprom-back\\system\\Debug\\Exceptions.php')
 2 SYSTEMPATH\Autoloader\Autoloader.php(296): CodeIgniter\Autoloader\Autoloader->includeFile('C:\\Users\\minoh\\ITU\\L3\\S6\\itu-interprom\\interprom-back\\app\\Controllers\\MatchJController.php')
 3 SYSTEMPATH\Autoloader\Autoloader.php(272): CodeIgniter\Autoloader\Autoloader->loadInNamespace('App\\Controllers\\MatchJController')
 4 [internal function]: CodeIgniter\Autoloader\Autoloader->loadClass('App\\Controllers\\MatchJController')
 5 SYSTEMPATH\CodeIgniter.php(887): class_exists('\\App\\Controllers\\MatchJController', true)
 6 SYSTEMPATH\CodeIgniter.php(496): CodeIgniter\CodeIgniter->startController()
 7 SYSTEMPATH\CodeIgniter.php(355): CodeIgniter\CodeIgniter->handleRequest(null, Object(Config\Cache), false)
 8 SYSTEMPATH\Boot.php(312): CodeIgniter\CodeIgniter->run()
 9 SYSTEMPATH\Boot.php(67): CodeIgniter\Boot::runCodeIgniter(Object(CodeIgniter\CodeIgniter))
10 FCPATH\index.php(62): CodeIgniter\Boot::bootWeb(Object(Config\Paths))
11 SYSTEMPATH\Commands\Server\rewrite.php(49): require_once('C:\\Users\\minoh\\ITU\\L3\\S6\\itu-interprom\\interprom-back\\public\\index.php')
WARNING - 2025-05-15 18:44:30 --> [DEPRECATED] Optional parameter $id_discipline declared before required parameter $id_tournoi is implicitly treated as a required parameter in APPPATH\Controllers\MatchJController.php on line 164.
 1 SYSTEMPATH\Autoloader\Autoloader.php(317): include_once('C:\\Users\\minoh\\ITU\\L3\\S6\\itu-interprom\\interprom-back\\system\\Debug\\Exceptions.php')
 2 SYSTEMPATH\Autoloader\Autoloader.php(296): CodeIgniter\Autoloader\Autoloader->includeFile('C:\\Users\\minoh\\ITU\\L3\\S6\\itu-interprom\\interprom-back\\app\\Controllers\\MatchJController.php')
 3 SYSTEMPATH\Autoloader\Autoloader.php(272): CodeIgniter\Autoloader\Autoloader->loadInNamespace('App\\Controllers\\MatchJController')
 4 [internal function]: CodeIgniter\Autoloader\Autoloader->loadClass('App\\Controllers\\MatchJController')
 5 SYSTEMPATH\CodeIgniter.php(887): class_exists('\\App\\Controllers\\MatchJController', true)
 6 SYSTEMPATH\CodeIgniter.php(496): CodeIgniter\CodeIgniter->startController()
 7 SYSTEMPATH\CodeIgniter.php(355): CodeIgniter\CodeIgniter->handleRequest(null, Object(Config\Cache), false)
 8 SYSTEMPATH\Boot.php(312): CodeIgniter\CodeIgniter->run()
 9 SYSTEMPATH\Boot.php(67): CodeIgniter\Boot::runCodeIgniter(Object(CodeIgniter\CodeIgniter))
10 FCPATH\index.php(62): CodeIgniter\Boot::bootWeb(Object(Config\Paths))
11 SYSTEMPATH\Commands\Server\rewrite.php(49): require_once('C:\\Users\\minoh\\ITU\\L3\\S6\\itu-interprom\\interprom-back\\public\\index.php')
WARNING - 2025-05-15 18:44:30 --> [DEPRECATED] Optional parameter $id_discipline declared before required parameter $id_tournoi is implicitly treated as a required parameter in APPPATH\Controllers\MatchJController.php on line 164.
 1 SYSTEMPATH\Autoloader\Autoloader.php(317): include_once('C:\\Users\\minoh\\ITU\\L3\\S6\\itu-interprom\\interprom-back\\system\\Debug\\Exceptions.php')
 2 SYSTEMPATH\Autoloader\Autoloader.php(296): CodeIgniter\Autoloader\Autoloader->includeFile('C:\\Users\\minoh\\ITU\\L3\\S6\\itu-interprom\\interprom-back\\app\\Controllers\\MatchJController.php')
 3 SYSTEMPATH\Autoloader\Autoloader.php(272): CodeIgniter\Autoloader\Autoloader->loadInNamespace('App\\Controllers\\MatchJController')
 4 [internal function]: CodeIgniter\Autoloader\Autoloader->loadClass('App\\Controllers\\MatchJController')
 5 SYSTEMPATH\CodeIgniter.php(887): class_exists('\\App\\Controllers\\MatchJController', true)
 6 SYSTEMPATH\CodeIgniter.php(496): CodeIgniter\CodeIgniter->startController()
 7 SYSTEMPATH\CodeIgniter.php(355): CodeIgniter\CodeIgniter->handleRequest(null, Object(Config\Cache), false)
 8 SYSTEMPATH\Boot.php(312): CodeIgniter\CodeIgniter->run()
 9 SYSTEMPATH\Boot.php(67): CodeIgniter\Boot::runCodeIgniter(Object(CodeIgniter\CodeIgniter))
10 FCPATH\index.php(62): CodeIgniter\Boot::bootWeb(Object(Config\Paths))
11 SYSTEMPATH\Commands\Server\rewrite.php(49): require_once('C:\\Users\\minoh\\ITU\\L3\\S6\\itu-interprom\\interprom-back\\public\\index.php')
WARNING - 2025-05-15 18:44:30 --> [DEPRECATED] Optional parameter $id_discipline declared before required parameter $id_tournoi is implicitly treated as a required parameter in APPPATH\Controllers\MatchJController.php on line 164.
 1 SYSTEMPATH\Autoloader\Autoloader.php(317): include_once('C:\\Users\\minoh\\ITU\\L3\\S6\\itu-interprom\\interprom-back\\system\\Debug\\Exceptions.php')
 2 SYSTEMPATH\Autoloader\Autoloader.php(296): CodeIgniter\Autoloader\Autoloader->includeFile('C:\\Users\\minoh\\ITU\\L3\\S6\\itu-interprom\\interprom-back\\app\\Controllers\\MatchJController.php')
 3 SYSTEMPATH\Autoloader\Autoloader.php(272): CodeIgniter\Autoloader\Autoloader->loadInNamespace('App\\Controllers\\MatchJController')
 4 [internal function]: CodeIgniter\Autoloader\Autoloader->loadClass('App\\Controllers\\MatchJController')
 5 SYSTEMPATH\CodeIgniter.php(887): class_exists('\\App\\Controllers\\MatchJController', true)
 6 SYSTEMPATH\CodeIgniter.php(496): CodeIgniter\CodeIgniter->startController()
 7 SYSTEMPATH\CodeIgniter.php(355): CodeIgniter\CodeIgniter->handleRequest(null, Object(Config\Cache), false)
 8 SYSTEMPATH\Boot.php(312): CodeIgniter\CodeIgniter->run()
 9 SYSTEMPATH\Boot.php(67): CodeIgniter\Boot::runCodeIgniter(Object(CodeIgniter\CodeIgniter))
10 FCPATH\index.php(62): CodeIgniter\Boot::bootWeb(Object(Config\Paths))
11 SYSTEMPATH\Commands\Server\rewrite.php(49): require_once('C:\\Users\\minoh\\ITU\\L3\\S6\\itu-interprom\\interprom-back\\public\\index.php')
WARNING - 2025-05-15 18:45:14 --> [DEPRECATED] Optional parameter $id_discipline declared before required parameter $id_tournoi is implicitly treated as a required parameter in APPPATH\Controllers\MatchJController.php on line 164.
 1 SYSTEMPATH\Autoloader\Autoloader.php(317): include_once('C:\\Users\\minoh\\ITU\\L3\\S6\\itu-interprom\\interprom-back\\system\\Debug\\Exceptions.php')
 2 SYSTEMPATH\Autoloader\Autoloader.php(296): CodeIgniter\Autoloader\Autoloader->includeFile('C:\\Users\\minoh\\ITU\\L3\\S6\\itu-interprom\\interprom-back\\app\\Controllers\\MatchJController.php')
 3 SYSTEMPATH\Autoloader\Autoloader.php(272): CodeIgniter\Autoloader\Autoloader->loadInNamespace('App\\Controllers\\MatchJController')
 4 [internal function]: CodeIgniter\Autoloader\Autoloader->loadClass('App\\Controllers\\MatchJController')
 5 SYSTEMPATH\CodeIgniter.php(887): class_exists('\\App\\Controllers\\MatchJController', true)
 6 SYSTEMPATH\CodeIgniter.php(496): CodeIgniter\CodeIgniter->startController()
 7 SYSTEMPATH\CodeIgniter.php(355): CodeIgniter\CodeIgniter->handleRequest(null, Object(Config\Cache), false)
 8 SYSTEMPATH\Boot.php(312): CodeIgniter\CodeIgniter->run()
 9 SYSTEMPATH\Boot.php(67): CodeIgniter\Boot::runCodeIgniter(Object(CodeIgniter\CodeIgniter))
10 FCPATH\index.php(62): CodeIgniter\Boot::bootWeb(Object(Config\Paths))
11 SYSTEMPATH\Commands\Server\rewrite.php(49): require_once('C:\\Users\\minoh\\ITU\\L3\\S6\\itu-interprom\\interprom-back\\public\\index.php')
WARNING - 2025-05-15 18:45:14 --> [DEPRECATED] Optional parameter $id_discipline declared before required parameter $id_tournoi is implicitly treated as a required parameter in APPPATH\Controllers\MatchJController.php on line 164.
 1 SYSTEMPATH\Autoloader\Autoloader.php(317): include_once('C:\\Users\\minoh\\ITU\\L3\\S6\\itu-interprom\\interprom-back\\system\\Debug\\Exceptions.php')
 2 SYSTEMPATH\Autoloader\Autoloader.php(296): CodeIgniter\Autoloader\Autoloader->includeFile('C:\\Users\\minoh\\ITU\\L3\\S6\\itu-interprom\\interprom-back\\app\\Controllers\\MatchJController.php')
 3 SYSTEMPATH\Autoloader\Autoloader.php(272): CodeIgniter\Autoloader\Autoloader->loadInNamespace('App\\Controllers\\MatchJController')
 4 [internal function]: CodeIgniter\Autoloader\Autoloader->loadClass('App\\Controllers\\MatchJController')
 5 SYSTEMPATH\CodeIgniter.php(887): class_exists('\\App\\Controllers\\MatchJController', true)
 6 SYSTEMPATH\CodeIgniter.php(496): CodeIgniter\CodeIgniter->startController()
 7 SYSTEMPATH\CodeIgniter.php(355): CodeIgniter\CodeIgniter->handleRequest(null, Object(Config\Cache), false)
 8 SYSTEMPATH\Boot.php(312): CodeIgniter\CodeIgniter->run()
 9 SYSTEMPATH\Boot.php(67): CodeIgniter\Boot::runCodeIgniter(Object(CodeIgniter\CodeIgniter))
10 FCPATH\index.php(62): CodeIgniter\Boot::bootWeb(Object(Config\Paths))
11 SYSTEMPATH\Commands\Server\rewrite.php(49): require_once('C:\\Users\\minoh\\ITU\\L3\\S6\\itu-interprom\\interprom-back\\public\\index.php')
WARNING - 2025-05-15 18:45:15 --> [DEPRECATED] Optional parameter $id_discipline declared before required parameter $id_tournoi is implicitly treated as a required parameter in APPPATH\Controllers\MatchJController.php on line 164.
 1 SYSTEMPATH\Autoloader\Autoloader.php(317): include_once('C:\\Users\\minoh\\ITU\\L3\\S6\\itu-interprom\\interprom-back\\system\\Debug\\Exceptions.php')
 2 SYSTEMPATH\Autoloader\Autoloader.php(296): CodeIgniter\Autoloader\Autoloader->includeFile('C:\\Users\\minoh\\ITU\\L3\\S6\\itu-interprom\\interprom-back\\app\\Controllers\\MatchJController.php')
 3 SYSTEMPATH\Autoloader\Autoloader.php(272): CodeIgniter\Autoloader\Autoloader->loadInNamespace('App\\Controllers\\MatchJController')
 4 [internal function]: CodeIgniter\Autoloader\Autoloader->loadClass('App\\Controllers\\MatchJController')
 5 SYSTEMPATH\CodeIgniter.php(887): class_exists('\\App\\Controllers\\MatchJController', true)
 6 SYSTEMPATH\CodeIgniter.php(496): CodeIgniter\CodeIgniter->startController()
 7 SYSTEMPATH\CodeIgniter.php(355): CodeIgniter\CodeIgniter->handleRequest(null, Object(Config\Cache), false)
 8 SYSTEMPATH\Boot.php(312): CodeIgniter\CodeIgniter->run()
 9 SYSTEMPATH\Boot.php(67): CodeIgniter\Boot::runCodeIgniter(Object(CodeIgniter\CodeIgniter))
10 FCPATH\index.php(62): CodeIgniter\Boot::bootWeb(Object(Config\Paths))
11 SYSTEMPATH\Commands\Server\rewrite.php(49): require_once('C:\\Users\\minoh\\ITU\\L3\\S6\\itu-interprom\\interprom-back\\public\\index.php')
WARNING - 2025-05-15 18:45:15 --> [DEPRECATED] Optional parameter $id_discipline declared before required parameter $id_tournoi is implicitly treated as a required parameter in APPPATH\Controllers\MatchJController.php on line 164.
 1 SYSTEMPATH\Autoloader\Autoloader.php(317): include_once('C:\\Users\\minoh\\ITU\\L3\\S6\\itu-interprom\\interprom-back\\system\\Debug\\Exceptions.php')
 2 SYSTEMPATH\Autoloader\Autoloader.php(296): CodeIgniter\Autoloader\Autoloader->includeFile('C:\\Users\\minoh\\ITU\\L3\\S6\\itu-interprom\\interprom-back\\app\\Controllers\\MatchJController.php')
 3 SYSTEMPATH\Autoloader\Autoloader.php(272): CodeIgniter\Autoloader\Autoloader->loadInNamespace('App\\Controllers\\MatchJController')
 4 [internal function]: CodeIgniter\Autoloader\Autoloader->loadClass('App\\Controllers\\MatchJController')
 5 SYSTEMPATH\CodeIgniter.php(887): class_exists('\\App\\Controllers\\MatchJController', true)
 6 SYSTEMPATH\CodeIgniter.php(496): CodeIgniter\CodeIgniter->startController()
 7 SYSTEMPATH\CodeIgniter.php(355): CodeIgniter\CodeIgniter->handleRequest(null, Object(Config\Cache), false)
 8 SYSTEMPATH\Boot.php(312): CodeIgniter\CodeIgniter->run()
 9 SYSTEMPATH\Boot.php(67): CodeIgniter\Boot::runCodeIgniter(Object(CodeIgniter\CodeIgniter))
10 FCPATH\index.php(62): CodeIgniter\Boot::bootWeb(Object(Config\Paths))
11 SYSTEMPATH\Commands\Server\rewrite.php(49): require_once('C:\\Users\\minoh\\ITU\\L3\\S6\\itu-interprom\\interprom-back\\public\\index.php')
WARNING - 2025-05-15 18:45:23 --> [DEPRECATED] Optional parameter $id_discipline declared before required parameter $id_tournoi is implicitly treated as a required parameter in APPPATH\Controllers\MatchJController.php on line 164.
 1 SYSTEMPATH\Autoloader\Autoloader.php(317): include_once('C:\\Users\\minoh\\ITU\\L3\\S6\\itu-interprom\\interprom-back\\system\\Debug\\Exceptions.php')
 2 SYSTEMPATH\Autoloader\Autoloader.php(296): CodeIgniter\Autoloader\Autoloader->includeFile('C:\\Users\\minoh\\ITU\\L3\\S6\\itu-interprom\\interprom-back\\app\\Controllers\\MatchJController.php')
 3 SYSTEMPATH\Autoloader\Autoloader.php(272): CodeIgniter\Autoloader\Autoloader->loadInNamespace('App\\Controllers\\MatchJController')
 4 [internal function]: CodeIgniter\Autoloader\Autoloader->loadClass('App\\Controllers\\MatchJController')
 5 SYSTEMPATH\CodeIgniter.php(887): class_exists('\\App\\Controllers\\MatchJController', true)
 6 SYSTEMPATH\CodeIgniter.php(496): CodeIgniter\CodeIgniter->startController()
 7 SYSTEMPATH\CodeIgniter.php(355): CodeIgniter\CodeIgniter->handleRequest(null, Object(Config\Cache), false)
 8 SYSTEMPATH\Boot.php(312): CodeIgniter\CodeIgniter->run()
 9 SYSTEMPATH\Boot.php(67): CodeIgniter\Boot::runCodeIgniter(Object(CodeIgniter\CodeIgniter))
10 FCPATH\index.php(62): CodeIgniter\Boot::bootWeb(Object(Config\Paths))
11 SYSTEMPATH\Commands\Server\rewrite.php(49): require_once('C:\\Users\\minoh\\ITU\\L3\\S6\\itu-interprom\\interprom-back\\public\\index.php')
WARNING - 2025-05-15 18:45:23 --> [DEPRECATED] Optional parameter $id_discipline declared before required parameter $id_tournoi is implicitly treated as a required parameter in APPPATH\Controllers\MatchJController.php on line 164.
 1 SYSTEMPATH\Autoloader\Autoloader.php(317): include_once('C:\\Users\\minoh\\ITU\\L3\\S6\\itu-interprom\\interprom-back\\system\\Debug\\Exceptions.php')
 2 SYSTEMPATH\Autoloader\Autoloader.php(296): CodeIgniter\Autoloader\Autoloader->includeFile('C:\\Users\\minoh\\ITU\\L3\\S6\\itu-interprom\\interprom-back\\app\\Controllers\\MatchJController.php')
 3 SYSTEMPATH\Autoloader\Autoloader.php(272): CodeIgniter\Autoloader\Autoloader->loadInNamespace('App\\Controllers\\MatchJController')
 4 [internal function]: CodeIgniter\Autoloader\Autoloader->loadClass('App\\Controllers\\MatchJController')
 5 SYSTEMPATH\CodeIgniter.php(887): class_exists('\\App\\Controllers\\MatchJController', true)
 6 SYSTEMPATH\CodeIgniter.php(496): CodeIgniter\CodeIgniter->startController()
 7 SYSTEMPATH\CodeIgniter.php(355): CodeIgniter\CodeIgniter->handleRequest(null, Object(Config\Cache), false)
 8 SYSTEMPATH\Boot.php(312): CodeIgniter\CodeIgniter->run()
 9 SYSTEMPATH\Boot.php(67): CodeIgniter\Boot::runCodeIgniter(Object(CodeIgniter\CodeIgniter))
10 FCPATH\index.php(62): CodeIgniter\Boot::bootWeb(Object(Config\Paths))
11 SYSTEMPATH\Commands\Server\rewrite.php(49): require_once('C:\\Users\\minoh\\ITU\\L3\\S6\\itu-interprom\\interprom-back\\public\\index.php')
WARNING - 2025-05-15 18:45:24 --> [DEPRECATED] Optional parameter $id_discipline declared before required parameter $id_tournoi is implicitly treated as a required parameter in APPPATH\Controllers\MatchJController.php on line 164.
 1 SYSTEMPATH\Autoloader\Autoloader.php(317): include_once('C:\\Users\\minoh\\ITU\\L3\\S6\\itu-interprom\\interprom-back\\system\\Debug\\Exceptions.php')
 2 SYSTEMPATH\Autoloader\Autoloader.php(296): CodeIgniter\Autoloader\Autoloader->includeFile('C:\\Users\\minoh\\ITU\\L3\\S6\\itu-interprom\\interprom-back\\app\\Controllers\\MatchJController.php')
 3 SYSTEMPATH\Autoloader\Autoloader.php(272): CodeIgniter\Autoloader\Autoloader->loadInNamespace('App\\Controllers\\MatchJController')
 4 [internal function]: CodeIgniter\Autoloader\Autoloader->loadClass('App\\Controllers\\MatchJController')
 5 SYSTEMPATH\CodeIgniter.php(887): class_exists('\\App\\Controllers\\MatchJController', true)
 6 SYSTEMPATH\CodeIgniter.php(496): CodeIgniter\CodeIgniter->startController()
 7 SYSTEMPATH\CodeIgniter.php(355): CodeIgniter\CodeIgniter->handleRequest(null, Object(Config\Cache), false)
 8 SYSTEMPATH\Boot.php(312): CodeIgniter\CodeIgniter->run()
 9 SYSTEMPATH\Boot.php(67): CodeIgniter\Boot::runCodeIgniter(Object(CodeIgniter\CodeIgniter))
10 FCPATH\index.php(62): CodeIgniter\Boot::bootWeb(Object(Config\Paths))
11 SYSTEMPATH\Commands\Server\rewrite.php(49): require_once('C:\\Users\\minoh\\ITU\\L3\\S6\\itu-interprom\\interprom-back\\public\\index.php')
WARNING - 2025-05-15 18:45:25 --> [DEPRECATED] Optional parameter $id_discipline declared before required parameter $id_tournoi is implicitly treated as a required parameter in APPPATH\Controllers\MatchJController.php on line 164.
 1 SYSTEMPATH\Autoloader\Autoloader.php(317): include_once('C:\\Users\\minoh\\ITU\\L3\\S6\\itu-interprom\\interprom-back\\system\\Debug\\Exceptions.php')
 2 SYSTEMPATH\Autoloader\Autoloader.php(296): CodeIgniter\Autoloader\Autoloader->includeFile('C:\\Users\\minoh\\ITU\\L3\\S6\\itu-interprom\\interprom-back\\app\\Controllers\\MatchJController.php')
 3 SYSTEMPATH\Autoloader\Autoloader.php(272): CodeIgniter\Autoloader\Autoloader->loadInNamespace('App\\Controllers\\MatchJController')
 4 [internal function]: CodeIgniter\Autoloader\Autoloader->loadClass('App\\Controllers\\MatchJController')
 5 SYSTEMPATH\CodeIgniter.php(887): class_exists('\\App\\Controllers\\MatchJController', true)
 6 SYSTEMPATH\CodeIgniter.php(496): CodeIgniter\CodeIgniter->startController()
 7 SYSTEMPATH\CodeIgniter.php(355): CodeIgniter\CodeIgniter->handleRequest(null, Object(Config\Cache), false)
 8 SYSTEMPATH\Boot.php(312): CodeIgniter\CodeIgniter->run()
 9 SYSTEMPATH\Boot.php(67): CodeIgniter\Boot::runCodeIgniter(Object(CodeIgniter\CodeIgniter))
10 FCPATH\index.php(62): CodeIgniter\Boot::bootWeb(Object(Config\Paths))
11 SYSTEMPATH\Commands\Server\rewrite.php(49): require_once('C:\\Users\\minoh\\ITU\\L3\\S6\\itu-interprom\\interprom-back\\public\\index.php')
WARNING - 2025-05-15 18:45:27 --> [DEPRECATED] Optional parameter $id_discipline declared before required parameter $id_tournoi is implicitly treated as a required parameter in APPPATH\Controllers\MatchJController.php on line 164.
 1 SYSTEMPATH\Autoloader\Autoloader.php(317): include_once('C:\\Users\\minoh\\ITU\\L3\\S6\\itu-interprom\\interprom-back\\system\\Debug\\Exceptions.php')
 2 SYSTEMPATH\Autoloader\Autoloader.php(296): CodeIgniter\Autoloader\Autoloader->includeFile('C:\\Users\\minoh\\ITU\\L3\\S6\\itu-interprom\\interprom-back\\app\\Controllers\\MatchJController.php')
 3 SYSTEMPATH\Autoloader\Autoloader.php(272): CodeIgniter\Autoloader\Autoloader->loadInNamespace('App\\Controllers\\MatchJController')
 4 [internal function]: CodeIgniter\Autoloader\Autoloader->loadClass('App\\Controllers\\MatchJController')
 5 SYSTEMPATH\CodeIgniter.php(887): class_exists('\\App\\Controllers\\MatchJController', true)
 6 SYSTEMPATH\CodeIgniter.php(496): CodeIgniter\CodeIgniter->startController()
 7 SYSTEMPATH\CodeIgniter.php(355): CodeIgniter\CodeIgniter->handleRequest(null, Object(Config\Cache), false)
 8 SYSTEMPATH\Boot.php(312): CodeIgniter\CodeIgniter->run()
 9 SYSTEMPATH\Boot.php(67): CodeIgniter\Boot::runCodeIgniter(Object(CodeIgniter\CodeIgniter))
10 FCPATH\index.php(62): CodeIgniter\Boot::bootWeb(Object(Config\Paths))
11 SYSTEMPATH\Commands\Server\rewrite.php(49): require_once('C:\\Users\\minoh\\ITU\\L3\\S6\\itu-interprom\\interprom-back\\public\\index.php')
WARNING - 2025-05-15 18:45:29 --> [DEPRECATED] Optional parameter $id_discipline declared before required parameter $id_tournoi is implicitly treated as a required parameter in APPPATH\Controllers\MatchJController.php on line 164.
 1 SYSTEMPATH\Autoloader\Autoloader.php(317): include_once('C:\\Users\\minoh\\ITU\\L3\\S6\\itu-interprom\\interprom-back\\system\\Debug\\Exceptions.php')
 2 SYSTEMPATH\Autoloader\Autoloader.php(296): CodeIgniter\Autoloader\Autoloader->includeFile('C:\\Users\\minoh\\ITU\\L3\\S6\\itu-interprom\\interprom-back\\app\\Controllers\\MatchJController.php')
 3 SYSTEMPATH\Autoloader\Autoloader.php(272): CodeIgniter\Autoloader\Autoloader->loadInNamespace('App\\Controllers\\MatchJController')
 4 [internal function]: CodeIgniter\Autoloader\Autoloader->loadClass('App\\Controllers\\MatchJController')
 5 SYSTEMPATH\CodeIgniter.php(887): class_exists('\\App\\Controllers\\MatchJController', true)
 6 SYSTEMPATH\CodeIgniter.php(496): CodeIgniter\CodeIgniter->startController()
 7 SYSTEMPATH\CodeIgniter.php(355): CodeIgniter\CodeIgniter->handleRequest(null, Object(Config\Cache), false)
 8 SYSTEMPATH\Boot.php(312): CodeIgniter\CodeIgniter->run()
 9 SYSTEMPATH\Boot.php(67): CodeIgniter\Boot::runCodeIgniter(Object(CodeIgniter\CodeIgniter))
10 FCPATH\index.php(62): CodeIgniter\Boot::bootWeb(Object(Config\Paths))
11 SYSTEMPATH\Commands\Server\rewrite.php(49): require_once('C:\\Users\\minoh\\ITU\\L3\\S6\\itu-interprom\\interprom-back\\public\\index.php')
WARNING - 2025-05-15 18:45:35 --> [DEPRECATED] Optional parameter $id_discipline declared before required parameter $id_tournoi is implicitly treated as a required parameter in APPPATH\Controllers\MatchJController.php on line 164.
 1 SYSTEMPATH\Autoloader\Autoloader.php(317): include_once('C:\\Users\\minoh\\ITU\\L3\\S6\\itu-interprom\\interprom-back\\system\\Debug\\Exceptions.php')
 2 SYSTEMPATH\Autoloader\Autoloader.php(296): CodeIgniter\Autoloader\Autoloader->includeFile('C:\\Users\\minoh\\ITU\\L3\\S6\\itu-interprom\\interprom-back\\app\\Controllers\\MatchJController.php')
 3 SYSTEMPATH\Autoloader\Autoloader.php(272): CodeIgniter\Autoloader\Autoloader->loadInNamespace('App\\Controllers\\MatchJController')
 4 [internal function]: CodeIgniter\Autoloader\Autoloader->loadClass('App\\Controllers\\MatchJController')
 5 SYSTEMPATH\CodeIgniter.php(887): class_exists('\\App\\Controllers\\MatchJController', true)
 6 SYSTEMPATH\CodeIgniter.php(496): CodeIgniter\CodeIgniter->startController()
 7 SYSTEMPATH\CodeIgniter.php(355): CodeIgniter\CodeIgniter->handleRequest(null, Object(Config\Cache), false)
 8 SYSTEMPATH\Boot.php(312): CodeIgniter\CodeIgniter->run()
 9 SYSTEMPATH\Boot.php(67): CodeIgniter\Boot::runCodeIgniter(Object(CodeIgniter\CodeIgniter))
10 FCPATH\index.php(62): CodeIgniter\Boot::bootWeb(Object(Config\Paths))
11 SYSTEMPATH\Commands\Server\rewrite.php(49): require_once('C:\\Users\\minoh\\ITU\\L3\\S6\\itu-interprom\\interprom-back\\public\\index.php')
WARNING - 2025-05-15 18:45:35 --> [DEPRECATED] Optional parameter $id_discipline declared before required parameter $id_tournoi is implicitly treated as a required parameter in APPPATH\Controllers\MatchJController.php on line 164.
 1 SYSTEMPATH\Autoloader\Autoloader.php(317): include_once('C:\\Users\\minoh\\ITU\\L3\\S6\\itu-interprom\\interprom-back\\system\\Debug\\Exceptions.php')
 2 SYSTEMPATH\Autoloader\Autoloader.php(296): CodeIgniter\Autoloader\Autoloader->includeFile('C:\\Users\\minoh\\ITU\\L3\\S6\\itu-interprom\\interprom-back\\app\\Controllers\\MatchJController.php')
 3 SYSTEMPATH\Autoloader\Autoloader.php(272): CodeIgniter\Autoloader\Autoloader->loadInNamespace('App\\Controllers\\MatchJController')
 4 [internal function]: CodeIgniter\Autoloader\Autoloader->loadClass('App\\Controllers\\MatchJController')
 5 SYSTEMPATH\CodeIgniter.php(887): class_exists('\\App\\Controllers\\MatchJController', true)
 6 SYSTEMPATH\CodeIgniter.php(496): CodeIgniter\CodeIgniter->startController()
 7 SYSTEMPATH\CodeIgniter.php(355): CodeIgniter\CodeIgniter->handleRequest(null, Object(Config\Cache), false)
 8 SYSTEMPATH\Boot.php(312): CodeIgniter\CodeIgniter->run()
 9 SYSTEMPATH\Boot.php(67): CodeIgniter\Boot::runCodeIgniter(Object(CodeIgniter\CodeIgniter))
10 FCPATH\index.php(62): CodeIgniter\Boot::bootWeb(Object(Config\Paths))
11 SYSTEMPATH\Commands\Server\rewrite.php(49): require_once('C:\\Users\\minoh\\ITU\\L3\\S6\\itu-interprom\\interprom-back\\public\\index.php')
WARNING - 2025-05-15 18:45:36 --> [DEPRECATED] Optional parameter $id_discipline declared before required parameter $id_tournoi is implicitly treated as a required parameter in APPPATH\Controllers\MatchJController.php on line 164.
 1 SYSTEMPATH\Autoloader\Autoloader.php(317): include_once('C:\\Users\\minoh\\ITU\\L3\\S6\\itu-interprom\\interprom-back\\system\\Debug\\Exceptions.php')
 2 SYSTEMPATH\Autoloader\Autoloader.php(296): CodeIgniter\Autoloader\Autoloader->includeFile('C:\\Users\\minoh\\ITU\\L3\\S6\\itu-interprom\\interprom-back\\app\\Controllers\\MatchJController.php')
 3 SYSTEMPATH\Autoloader\Autoloader.php(272): CodeIgniter\Autoloader\Autoloader->loadInNamespace('App\\Controllers\\MatchJController')
 4 [internal function]: CodeIgniter\Autoloader\Autoloader->loadClass('App\\Controllers\\MatchJController')
 5 SYSTEMPATH\CodeIgniter.php(887): class_exists('\\App\\Controllers\\MatchJController', true)
 6 SYSTEMPATH\CodeIgniter.php(496): CodeIgniter\CodeIgniter->startController()
 7 SYSTEMPATH\CodeIgniter.php(355): CodeIgniter\CodeIgniter->handleRequest(null, Object(Config\Cache), false)
 8 SYSTEMPATH\Boot.php(312): CodeIgniter\CodeIgniter->run()
 9 SYSTEMPATH\Boot.php(67): CodeIgniter\Boot::runCodeIgniter(Object(CodeIgniter\CodeIgniter))
10 FCPATH\index.php(62): CodeIgniter\Boot::bootWeb(Object(Config\Paths))
11 SYSTEMPATH\Commands\Server\rewrite.php(49): require_once('C:\\Users\\minoh\\ITU\\L3\\S6\\itu-interprom\\interprom-back\\public\\index.php')
WARNING - 2025-05-15 18:45:36 --> [DEPRECATED] Optional parameter $id_discipline declared before required parameter $id_tournoi is implicitly treated as a required parameter in APPPATH\Controllers\MatchJController.php on line 164.
 1 SYSTEMPATH\Autoloader\Autoloader.php(317): include_once('C:\\Users\\minoh\\ITU\\L3\\S6\\itu-interprom\\interprom-back\\system\\Debug\\Exceptions.php')
 2 SYSTEMPATH\Autoloader\Autoloader.php(296): CodeIgniter\Autoloader\Autoloader->includeFile('C:\\Users\\minoh\\ITU\\L3\\S6\\itu-interprom\\interprom-back\\app\\Controllers\\MatchJController.php')
 3 SYSTEMPATH\Autoloader\Autoloader.php(272): CodeIgniter\Autoloader\Autoloader->loadInNamespace('App\\Controllers\\MatchJController')
 4 [internal function]: CodeIgniter\Autoloader\Autoloader->loadClass('App\\Controllers\\MatchJController')
 5 SYSTEMPATH\CodeIgniter.php(887): class_exists('\\App\\Controllers\\MatchJController', true)
 6 SYSTEMPATH\CodeIgniter.php(496): CodeIgniter\CodeIgniter->startController()
 7 SYSTEMPATH\CodeIgniter.php(355): CodeIgniter\CodeIgniter->handleRequest(null, Object(Config\Cache), false)
 8 SYSTEMPATH\Boot.php(312): CodeIgniter\CodeIgniter->run()
 9 SYSTEMPATH\Boot.php(67): CodeIgniter\Boot::runCodeIgniter(Object(CodeIgniter\CodeIgniter))
10 FCPATH\index.php(62): CodeIgniter\Boot::bootWeb(Object(Config\Paths))
11 SYSTEMPATH\Commands\Server\rewrite.php(49): require_once('C:\\Users\\minoh\\ITU\\L3\\S6\\itu-interprom\\interprom-back\\public\\index.php')
WARNING - 2025-05-15 18:45:36 --> [DEPRECATED] Optional parameter $id_discipline declared before required parameter $id_tournoi is implicitly treated as a required parameter in APPPATH\Controllers\MatchJController.php on line 164.
 1 SYSTEMPATH\Autoloader\Autoloader.php(317): include_once('C:\\Users\\minoh\\ITU\\L3\\S6\\itu-interprom\\interprom-back\\system\\Debug\\Exceptions.php')
 2 SYSTEMPATH\Autoloader\Autoloader.php(296): CodeIgniter\Autoloader\Autoloader->includeFile('C:\\Users\\minoh\\ITU\\L3\\S6\\itu-interprom\\interprom-back\\app\\Controllers\\MatchJController.php')
 3 SYSTEMPATH\Autoloader\Autoloader.php(272): CodeIgniter\Autoloader\Autoloader->loadInNamespace('App\\Controllers\\MatchJController')
 4 [internal function]: CodeIgniter\Autoloader\Autoloader->loadClass('App\\Controllers\\MatchJController')
 5 SYSTEMPATH\CodeIgniter.php(887): class_exists('\\App\\Controllers\\MatchJController', true)
 6 SYSTEMPATH\CodeIgniter.php(496): CodeIgniter\CodeIgniter->startController()
 7 SYSTEMPATH\CodeIgniter.php(355): CodeIgniter\CodeIgniter->handleRequest(null, Object(Config\Cache), false)
 8 SYSTEMPATH\Boot.php(312): CodeIgniter\CodeIgniter->run()
 9 SYSTEMPATH\Boot.php(67): CodeIgniter\Boot::runCodeIgniter(Object(CodeIgniter\CodeIgniter))
10 FCPATH\index.php(62): CodeIgniter\Boot::bootWeb(Object(Config\Paths))
11 SYSTEMPATH\Commands\Server\rewrite.php(49): require_once('C:\\Users\\minoh\\ITU\\L3\\S6\\itu-interprom\\interprom-back\\public\\index.php')
WARNING - 2025-05-15 18:45:36 --> [DEPRECATED] Optional parameter $id_discipline declared before required parameter $id_tournoi is implicitly treated as a required parameter in APPPATH\Controllers\MatchJController.php on line 164.
 1 SYSTEMPATH\Autoloader\Autoloader.php(317): include_once('C:\\Users\\minoh\\ITU\\L3\\S6\\itu-interprom\\interprom-back\\system\\Debug\\Exceptions.php')
 2 SYSTEMPATH\Autoloader\Autoloader.php(296): CodeIgniter\Autoloader\Autoloader->includeFile('C:\\Users\\minoh\\ITU\\L3\\S6\\itu-interprom\\interprom-back\\app\\Controllers\\MatchJController.php')
 3 SYSTEMPATH\Autoloader\Autoloader.php(272): CodeIgniter\Autoloader\Autoloader->loadInNamespace('App\\Controllers\\MatchJController')
 4 [internal function]: CodeIgniter\Autoloader\Autoloader->loadClass('App\\Controllers\\MatchJController')
 5 SYSTEMPATH\CodeIgniter.php(887): class_exists('\\App\\Controllers\\MatchJController', true)
 6 SYSTEMPATH\CodeIgniter.php(496): CodeIgniter\CodeIgniter->startController()
 7 SYSTEMPATH\CodeIgniter.php(355): CodeIgniter\CodeIgniter->handleRequest(null, Object(Config\Cache), false)
 8 SYSTEMPATH\Boot.php(312): CodeIgniter\CodeIgniter->run()
 9 SYSTEMPATH\Boot.php(67): CodeIgniter\Boot::runCodeIgniter(Object(CodeIgniter\CodeIgniter))
10 FCPATH\index.php(62): CodeIgniter\Boot::bootWeb(Object(Config\Paths))
11 SYSTEMPATH\Commands\Server\rewrite.php(49): require_once('C:\\Users\\minoh\\ITU\\L3\\S6\\itu-interprom\\interprom-back\\public\\index.php')
WARNING - 2025-05-15 18:45:45 --> [DEPRECATED] Optional parameter $id_discipline declared before required parameter $id_tournoi is implicitly treated as a required parameter in APPPATH\Controllers\MatchJController.php on line 164.
 1 SYSTEMPATH\Autoloader\Autoloader.php(317): include_once('C:\\Users\\minoh\\ITU\\L3\\S6\\itu-interprom\\interprom-back\\system\\Debug\\Exceptions.php')
 2 SYSTEMPATH\Autoloader\Autoloader.php(296): CodeIgniter\Autoloader\Autoloader->includeFile('C:\\Users\\minoh\\ITU\\L3\\S6\\itu-interprom\\interprom-back\\app\\Controllers\\MatchJController.php')
 3 SYSTEMPATH\Autoloader\Autoloader.php(272): CodeIgniter\Autoloader\Autoloader->loadInNamespace('App\\Controllers\\MatchJController')
 4 [internal function]: CodeIgniter\Autoloader\Autoloader->loadClass('App\\Controllers\\MatchJController')
 5 SYSTEMPATH\CodeIgniter.php(887): class_exists('\\App\\Controllers\\MatchJController', true)
 6 SYSTEMPATH\CodeIgniter.php(496): CodeIgniter\CodeIgniter->startController()
 7 SYSTEMPATH\CodeIgniter.php(355): CodeIgniter\CodeIgniter->handleRequest(null, Object(Config\Cache), false)
 8 SYSTEMPATH\Boot.php(312): CodeIgniter\CodeIgniter->run()
 9 SYSTEMPATH\Boot.php(67): CodeIgniter\Boot::runCodeIgniter(Object(CodeIgniter\CodeIgniter))
10 FCPATH\index.php(62): CodeIgniter\Boot::bootWeb(Object(Config\Paths))
11 SYSTEMPATH\Commands\Server\rewrite.php(49): require_once('C:\\Users\\minoh\\ITU\\L3\\S6\\itu-interprom\\interprom-back\\public\\index.php')
WARNING - 2025-05-15 18:45:46 --> [DEPRECATED] Optional parameter $id_discipline declared before required parameter $id_tournoi is implicitly treated as a required parameter in APPPATH\Controllers\MatchJController.php on line 164.
 1 SYSTEMPATH\Autoloader\Autoloader.php(317): include_once('C:\\Users\\minoh\\ITU\\L3\\S6\\itu-interprom\\interprom-back\\system\\Debug\\Exceptions.php')
 2 SYSTEMPATH\Autoloader\Autoloader.php(296): CodeIgniter\Autoloader\Autoloader->includeFile('C:\\Users\\minoh\\ITU\\L3\\S6\\itu-interprom\\interprom-back\\app\\Controllers\\MatchJController.php')
 3 SYSTEMPATH\Autoloader\Autoloader.php(272): CodeIgniter\Autoloader\Autoloader->loadInNamespace('App\\Controllers\\MatchJController')
 4 [internal function]: CodeIgniter\Autoloader\Autoloader->loadClass('App\\Controllers\\MatchJController')
 5 SYSTEMPATH\CodeIgniter.php(887): class_exists('\\App\\Controllers\\MatchJController', true)
 6 SYSTEMPATH\CodeIgniter.php(496): CodeIgniter\CodeIgniter->startController()
 7 SYSTEMPATH\CodeIgniter.php(355): CodeIgniter\CodeIgniter->handleRequest(null, Object(Config\Cache), false)
 8 SYSTEMPATH\Boot.php(312): CodeIgniter\CodeIgniter->run()
 9 SYSTEMPATH\Boot.php(67): CodeIgniter\Boot::runCodeIgniter(Object(CodeIgniter\CodeIgniter))
10 FCPATH\index.php(62): CodeIgniter\Boot::bootWeb(Object(Config\Paths))
11 SYSTEMPATH\Commands\Server\rewrite.php(49): require_once('C:\\Users\\minoh\\ITU\\L3\\S6\\itu-interprom\\interprom-back\\public\\index.php')
WARNING - 2025-05-15 18:45:46 --> [DEPRECATED] Optional parameter $id_discipline declared before required parameter $id_tournoi is implicitly treated as a required parameter in APPPATH\Controllers\MatchJController.php on line 164.
 1 SYSTEMPATH\Autoloader\Autoloader.php(317): include_once('C:\\Users\\minoh\\ITU\\L3\\S6\\itu-interprom\\interprom-back\\system\\Debug\\Exceptions.php')
 2 SYSTEMPATH\Autoloader\Autoloader.php(296): CodeIgniter\Autoloader\Autoloader->includeFile('C:\\Users\\minoh\\ITU\\L3\\S6\\itu-interprom\\interprom-back\\app\\Controllers\\MatchJController.php')
 3 SYSTEMPATH\Autoloader\Autoloader.php(272): CodeIgniter\Autoloader\Autoloader->loadInNamespace('App\\Controllers\\MatchJController')
 4 [internal function]: CodeIgniter\Autoloader\Autoloader->loadClass('App\\Controllers\\MatchJController')
 5 SYSTEMPATH\CodeIgniter.php(887): class_exists('\\App\\Controllers\\MatchJController', true)
 6 SYSTEMPATH\CodeIgniter.php(496): CodeIgniter\CodeIgniter->startController()
 7 SYSTEMPATH\CodeIgniter.php(355): CodeIgniter\CodeIgniter->handleRequest(null, Object(Config\Cache), false)
 8 SYSTEMPATH\Boot.php(312): CodeIgniter\CodeIgniter->run()
 9 SYSTEMPATH\Boot.php(67): CodeIgniter\Boot::runCodeIgniter(Object(CodeIgniter\CodeIgniter))
10 FCPATH\index.php(62): CodeIgniter\Boot::bootWeb(Object(Config\Paths))
11 SYSTEMPATH\Commands\Server\rewrite.php(49): require_once('C:\\Users\\minoh\\ITU\\L3\\S6\\itu-interprom\\interprom-back\\public\\index.php')
WARNING - 2025-05-15 18:45:47 --> [DEPRECATED] Optional parameter $id_discipline declared before required parameter $id_tournoi is implicitly treated as a required parameter in APPPATH\Controllers\MatchJController.php on line 164.
 1 SYSTEMPATH\Autoloader\Autoloader.php(317): include_once('C:\\Users\\minoh\\ITU\\L3\\S6\\itu-interprom\\interprom-back\\system\\Debug\\Exceptions.php')
 2 SYSTEMPATH\Autoloader\Autoloader.php(296): CodeIgniter\Autoloader\Autoloader->includeFile('C:\\Users\\minoh\\ITU\\L3\\S6\\itu-interprom\\interprom-back\\app\\Controllers\\MatchJController.php')
 3 SYSTEMPATH\Autoloader\Autoloader.php(272): CodeIgniter\Autoloader\Autoloader->loadInNamespace('App\\Controllers\\MatchJController')
 4 [internal function]: CodeIgniter\Autoloader\Autoloader->loadClass('App\\Controllers\\MatchJController')
 5 SYSTEMPATH\CodeIgniter.php(887): class_exists('\\App\\Controllers\\MatchJController', true)
 6 SYSTEMPATH\CodeIgniter.php(496): CodeIgniter\CodeIgniter->startController()
 7 SYSTEMPATH\CodeIgniter.php(355): CodeIgniter\CodeIgniter->handleRequest(null, Object(Config\Cache), false)
 8 SYSTEMPATH\Boot.php(312): CodeIgniter\CodeIgniter->run()
 9 SYSTEMPATH\Boot.php(67): CodeIgniter\Boot::runCodeIgniter(Object(CodeIgniter\CodeIgniter))
10 FCPATH\index.php(62): CodeIgniter\Boot::bootWeb(Object(Config\Paths))
11 SYSTEMPATH\Commands\Server\rewrite.php(49): require_once('C:\\Users\\minoh\\ITU\\L3\\S6\\itu-interprom\\interprom-back\\public\\index.php')
WARNING - 2025-05-15 18:54:24 --> [DEPRECATED] Optional parameter $id_discipline declared before required parameter $id_tournoi is implicitly treated as a required parameter in APPPATH\Controllers\MatchJController.php on line 164.
 1 SYSTEMPATH\Autoloader\Autoloader.php(317): include_once('C:\\Users\\minoh\\ITU\\L3\\S6\\itu-interprom\\interprom-back\\system\\Debug\\Exceptions.php')
 2 SYSTEMPATH\Autoloader\Autoloader.php(296): CodeIgniter\Autoloader\Autoloader->includeFile('C:\\Users\\minoh\\ITU\\L3\\S6\\itu-interprom\\interprom-back\\app\\Controllers\\MatchJController.php')
 3 SYSTEMPATH\Autoloader\Autoloader.php(272): CodeIgniter\Autoloader\Autoloader->loadInNamespace('App\\Controllers\\MatchJController')
 4 [internal function]: CodeIgniter\Autoloader\Autoloader->loadClass('App\\Controllers\\MatchJController')
 5 SYSTEMPATH\CodeIgniter.php(887): class_exists('\\App\\Controllers\\MatchJController', true)
 6 SYSTEMPATH\CodeIgniter.php(496): CodeIgniter\CodeIgniter->startController()
 7 SYSTEMPATH\CodeIgniter.php(355): CodeIgniter\CodeIgniter->handleRequest(null, Object(Config\Cache), false)
 8 SYSTEMPATH\Boot.php(312): CodeIgniter\CodeIgniter->run()
 9 SYSTEMPATH\Boot.php(67): CodeIgniter\Boot::runCodeIgniter(Object(CodeIgniter\CodeIgniter))
10 FCPATH\index.php(62): CodeIgniter\Boot::bootWeb(Object(Config\Paths))
11 SYSTEMPATH\Commands\Server\rewrite.php(49): require_once('C:\\Users\\minoh\\ITU\\L3\\S6\\itu-interprom\\interprom-back\\public\\index.php')
WARNING - 2025-05-15 18:54:25 --> [DEPRECATED] Optional parameter $id_discipline declared before required parameter $id_tournoi is implicitly treated as a required parameter in APPPATH\Controllers\MatchJController.php on line 164.
 1 SYSTEMPATH\Autoloader\Autoloader.php(317): include_once('C:\\Users\\minoh\\ITU\\L3\\S6\\itu-interprom\\interprom-back\\system\\Debug\\Exceptions.php')
 2 SYSTEMPATH\Autoloader\Autoloader.php(296): CodeIgniter\Autoloader\Autoloader->includeFile('C:\\Users\\minoh\\ITU\\L3\\S6\\itu-interprom\\interprom-back\\app\\Controllers\\MatchJController.php')
 3 SYSTEMPATH\Autoloader\Autoloader.php(272): CodeIgniter\Autoloader\Autoloader->loadInNamespace('App\\Controllers\\MatchJController')
 4 [internal function]: CodeIgniter\Autoloader\Autoloader->loadClass('App\\Controllers\\MatchJController')
 5 SYSTEMPATH\CodeIgniter.php(887): class_exists('\\App\\Controllers\\MatchJController', true)
 6 SYSTEMPATH\CodeIgniter.php(496): CodeIgniter\CodeIgniter->startController()
 7 SYSTEMPATH\CodeIgniter.php(355): CodeIgniter\CodeIgniter->handleRequest(null, Object(Config\Cache), false)
 8 SYSTEMPATH\Boot.php(312): CodeIgniter\CodeIgniter->run()
 9 SYSTEMPATH\Boot.php(67): CodeIgniter\Boot::runCodeIgniter(Object(CodeIgniter\CodeIgniter))
10 FCPATH\index.php(62): CodeIgniter\Boot::bootWeb(Object(Config\Paths))
11 SYSTEMPATH\Commands\Server\rewrite.php(49): require_once('C:\\Users\\minoh\\ITU\\L3\\S6\\itu-interprom\\interprom-back\\public\\index.php')
WARNING - 2025-05-15 18:54:26 --> [DEPRECATED] Optional parameter $id_discipline declared before required parameter $id_tournoi is implicitly treated as a required parameter in APPPATH\Controllers\MatchJController.php on line 164.
 1 SYSTEMPATH\Autoloader\Autoloader.php(317): include_once('C:\\Users\\minoh\\ITU\\L3\\S6\\itu-interprom\\interprom-back\\system\\Debug\\Exceptions.php')
 2 SYSTEMPATH\Autoloader\Autoloader.php(296): CodeIgniter\Autoloader\Autoloader->includeFile('C:\\Users\\minoh\\ITU\\L3\\S6\\itu-interprom\\interprom-back\\app\\Controllers\\MatchJController.php')
 3 SYSTEMPATH\Autoloader\Autoloader.php(272): CodeIgniter\Autoloader\Autoloader->loadInNamespace('App\\Controllers\\MatchJController')
 4 [internal function]: CodeIgniter\Autoloader\Autoloader->loadClass('App\\Controllers\\MatchJController')
 5 SYSTEMPATH\CodeIgniter.php(887): class_exists('\\App\\Controllers\\MatchJController', true)
 6 SYSTEMPATH\CodeIgniter.php(496): CodeIgniter\CodeIgniter->startController()
 7 SYSTEMPATH\CodeIgniter.php(355): CodeIgniter\CodeIgniter->handleRequest(null, Object(Config\Cache), false)
 8 SYSTEMPATH\Boot.php(312): CodeIgniter\CodeIgniter->run()
 9 SYSTEMPATH\Boot.php(67): CodeIgniter\Boot::runCodeIgniter(Object(CodeIgniter\CodeIgniter))
10 FCPATH\index.php(62): CodeIgniter\Boot::bootWeb(Object(Config\Paths))
11 SYSTEMPATH\Commands\Server\rewrite.php(49): require_once('C:\\Users\\minoh\\ITU\\L3\\S6\\itu-interprom\\interprom-back\\public\\index.php')
WARNING - 2025-05-15 19:01:57 --> [DEPRECATED] Optional parameter $id_discipline declared before required parameter $id_tournoi is implicitly treated as a required parameter in APPPATH\Controllers\MatchJController.php on line 164.
 1 SYSTEMPATH\Autoloader\Autoloader.php(317): include_once('C:\\Users\\minoh\\ITU\\L3\\S6\\itu-interprom\\interprom-back\\system\\Debug\\Exceptions.php')
 2 SYSTEMPATH\Autoloader\Autoloader.php(296): CodeIgniter\Autoloader\Autoloader->includeFile('C:\\Users\\minoh\\ITU\\L3\\S6\\itu-interprom\\interprom-back\\app\\Controllers\\MatchJController.php')
 3 SYSTEMPATH\Autoloader\Autoloader.php(272): CodeIgniter\Autoloader\Autoloader->loadInNamespace('App\\Controllers\\MatchJController')
 4 [internal function]: CodeIgniter\Autoloader\Autoloader->loadClass('App\\Controllers\\MatchJController')
 5 SYSTEMPATH\CodeIgniter.php(887): class_exists('\\App\\Controllers\\MatchJController', true)
 6 SYSTEMPATH\CodeIgniter.php(496): CodeIgniter\CodeIgniter->startController()
 7 SYSTEMPATH\CodeIgniter.php(355): CodeIgniter\CodeIgniter->handleRequest(null, Object(Config\Cache), false)
 8 SYSTEMPATH\Boot.php(312): CodeIgniter\CodeIgniter->run()
 9 SYSTEMPATH\Boot.php(67): CodeIgniter\Boot::runCodeIgniter(Object(CodeIgniter\CodeIgniter))
10 FCPATH\index.php(62): CodeIgniter\Boot::bootWeb(Object(Config\Paths))
11 SYSTEMPATH\Commands\Server\rewrite.php(49): require_once('C:\\Users\\minoh\\ITU\\L3\\S6\\itu-interprom\\interprom-back\\public\\index.php')
WARNING - 2025-05-15 19:01:57 --> [DEPRECATED] Optional parameter $id_discipline declared before required parameter $id_tournoi is implicitly treated as a required parameter in APPPATH\Controllers\MatchJController.php on line 164.
 1 SYSTEMPATH\Autoloader\Autoloader.php(317): include_once('C:\\Users\\minoh\\ITU\\L3\\S6\\itu-interprom\\interprom-back\\system\\Debug\\Exceptions.php')
 2 SYSTEMPATH\Autoloader\Autoloader.php(296): CodeIgniter\Autoloader\Autoloader->includeFile('C:\\Users\\minoh\\ITU\\L3\\S6\\itu-interprom\\interprom-back\\app\\Controllers\\MatchJController.php')
 3 SYSTEMPATH\Autoloader\Autoloader.php(272): CodeIgniter\Autoloader\Autoloader->loadInNamespace('App\\Controllers\\MatchJController')
 4 [internal function]: CodeIgniter\Autoloader\Autoloader->loadClass('App\\Controllers\\MatchJController')
 5 SYSTEMPATH\CodeIgniter.php(887): class_exists('\\App\\Controllers\\MatchJController', true)
 6 SYSTEMPATH\CodeIgniter.php(496): CodeIgniter\CodeIgniter->startController()
 7 SYSTEMPATH\CodeIgniter.php(355): CodeIgniter\CodeIgniter->handleRequest(null, Object(Config\Cache), false)
 8 SYSTEMPATH\Boot.php(312): CodeIgniter\CodeIgniter->run()
 9 SYSTEMPATH\Boot.php(67): CodeIgniter\Boot::runCodeIgniter(Object(CodeIgniter\CodeIgniter))
10 FCPATH\index.php(62): CodeIgniter\Boot::bootWeb(Object(Config\Paths))
11 SYSTEMPATH\Commands\Server\rewrite.php(49): require_once('C:\\Users\\minoh\\ITU\\L3\\S6\\itu-interprom\\interprom-back\\public\\index.php')
WARNING - 2025-05-15 19:01:57 --> [DEPRECATED] Optional parameter $id_discipline declared before required parameter $id_tournoi is implicitly treated as a required parameter in APPPATH\Controllers\MatchJController.php on line 164.
 1 SYSTEMPATH\Autoloader\Autoloader.php(317): include_once('C:\\Users\\minoh\\ITU\\L3\\S6\\itu-interprom\\interprom-back\\system\\Debug\\Exceptions.php')
 2 SYSTEMPATH\Autoloader\Autoloader.php(296): CodeIgniter\Autoloader\Autoloader->includeFile('C:\\Users\\minoh\\ITU\\L3\\S6\\itu-interprom\\interprom-back\\app\\Controllers\\MatchJController.php')
 3 SYSTEMPATH\Autoloader\Autoloader.php(272): CodeIgniter\Autoloader\Autoloader->loadInNamespace('App\\Controllers\\MatchJController')
 4 [internal function]: CodeIgniter\Autoloader\Autoloader->loadClass('App\\Controllers\\MatchJController')
 5 SYSTEMPATH\CodeIgniter.php(887): class_exists('\\App\\Controllers\\MatchJController', true)
 6 SYSTEMPATH\CodeIgniter.php(496): CodeIgniter\CodeIgniter->startController()
 7 SYSTEMPATH\CodeIgniter.php(355): CodeIgniter\CodeIgniter->handleRequest(null, Object(Config\Cache), false)
 8 SYSTEMPATH\Boot.php(312): CodeIgniter\CodeIgniter->run()
 9 SYSTEMPATH\Boot.php(67): CodeIgniter\Boot::runCodeIgniter(Object(CodeIgniter\CodeIgniter))
10 FCPATH\index.php(62): CodeIgniter\Boot::bootWeb(Object(Config\Paths))
11 SYSTEMPATH\Commands\Server\rewrite.php(49): require_once('C:\\Users\\minoh\\ITU\\L3\\S6\\itu-interprom\\interprom-back\\public\\index.php')
WARNING - 2025-05-15 19:01:58 --> [DEPRECATED] Optional parameter $id_discipline declared before required parameter $id_tournoi is implicitly treated as a required parameter in APPPATH\Controllers\MatchJController.php on line 164.
 1 SYSTEMPATH\Autoloader\Autoloader.php(317): include_once('C:\\Users\\minoh\\ITU\\L3\\S6\\itu-interprom\\interprom-back\\system\\Debug\\Exceptions.php')
 2 SYSTEMPATH\Autoloader\Autoloader.php(296): CodeIgniter\Autoloader\Autoloader->includeFile('C:\\Users\\minoh\\ITU\\L3\\S6\\itu-interprom\\interprom-back\\app\\Controllers\\MatchJController.php')
 3 SYSTEMPATH\Autoloader\Autoloader.php(272): CodeIgniter\Autoloader\Autoloader->loadInNamespace('App\\Controllers\\MatchJController')
 4 [internal function]: CodeIgniter\Autoloader\Autoloader->loadClass('App\\Controllers\\MatchJController')
 5 SYSTEMPATH\CodeIgniter.php(887): class_exists('\\App\\Controllers\\MatchJController', true)
 6 SYSTEMPATH\CodeIgniter.php(496): CodeIgniter\CodeIgniter->startController()
 7 SYSTEMPATH\CodeIgniter.php(355): CodeIgniter\CodeIgniter->handleRequest(null, Object(Config\Cache), false)
 8 SYSTEMPATH\Boot.php(312): CodeIgniter\CodeIgniter->run()
 9 SYSTEMPATH\Boot.php(67): CodeIgniter\Boot::runCodeIgniter(Object(CodeIgniter\CodeIgniter))
10 FCPATH\index.php(62): CodeIgniter\Boot::bootWeb(Object(Config\Paths))
11 SYSTEMPATH\Commands\Server\rewrite.php(49): require_once('C:\\Users\\minoh\\ITU\\L3\\S6\\itu-interprom\\interprom-back\\public\\index.php')
WARNING - 2025-05-15 19:02:03 --> [DEPRECATED] Optional parameter $id_discipline declared before required parameter $id_tournoi is implicitly treated as a required parameter in APPPATH\Controllers\MatchJController.php on line 164.
 1 SYSTEMPATH\Autoloader\Autoloader.php(317): include_once('C:\\Users\\minoh\\ITU\\L3\\S6\\itu-interprom\\interprom-back\\system\\Debug\\Exceptions.php')
 2 SYSTEMPATH\Autoloader\Autoloader.php(296): CodeIgniter\Autoloader\Autoloader->includeFile('C:\\Users\\minoh\\ITU\\L3\\S6\\itu-interprom\\interprom-back\\app\\Controllers\\MatchJController.php')
 3 SYSTEMPATH\Autoloader\Autoloader.php(272): CodeIgniter\Autoloader\Autoloader->loadInNamespace('App\\Controllers\\MatchJController')
 4 [internal function]: CodeIgniter\Autoloader\Autoloader->loadClass('App\\Controllers\\MatchJController')
 5 SYSTEMPATH\CodeIgniter.php(887): class_exists('\\App\\Controllers\\MatchJController', true)
 6 SYSTEMPATH\CodeIgniter.php(496): CodeIgniter\CodeIgniter->startController()
 7 SYSTEMPATH\CodeIgniter.php(355): CodeIgniter\CodeIgniter->handleRequest(null, Object(Config\Cache), false)
 8 SYSTEMPATH\Boot.php(312): CodeIgniter\CodeIgniter->run()
 9 SYSTEMPATH\Boot.php(67): CodeIgniter\Boot::runCodeIgniter(Object(CodeIgniter\CodeIgniter))
10 FCPATH\index.php(62): CodeIgniter\Boot::bootWeb(Object(Config\Paths))
11 SYSTEMPATH\Commands\Server\rewrite.php(49): require_once('C:\\Users\\minoh\\ITU\\L3\\S6\\itu-interprom\\interprom-back\\public\\index.php')
WARNING - 2025-05-15 19:02:03 --> [DEPRECATED] Optional parameter $id_discipline declared before required parameter $id_tournoi is implicitly treated as a required parameter in APPPATH\Controllers\MatchJController.php on line 164.
 1 SYSTEMPATH\Autoloader\Autoloader.php(317): include_once('C:\\Users\\minoh\\ITU\\L3\\S6\\itu-interprom\\interprom-back\\system\\Debug\\Exceptions.php')
 2 SYSTEMPATH\Autoloader\Autoloader.php(296): CodeIgniter\Autoloader\Autoloader->includeFile('C:\\Users\\minoh\\ITU\\L3\\S6\\itu-interprom\\interprom-back\\app\\Controllers\\MatchJController.php')
 3 SYSTEMPATH\Autoloader\Autoloader.php(272): CodeIgniter\Autoloader\Autoloader->loadInNamespace('App\\Controllers\\MatchJController')
 4 [internal function]: CodeIgniter\Autoloader\Autoloader->loadClass('App\\Controllers\\MatchJController')
 5 SYSTEMPATH\CodeIgniter.php(887): class_exists('\\App\\Controllers\\MatchJController', true)
 6 SYSTEMPATH\CodeIgniter.php(496): CodeIgniter\CodeIgniter->startController()
 7 SYSTEMPATH\CodeIgniter.php(355): CodeIgniter\CodeIgniter->handleRequest(null, Object(Config\Cache), false)
 8 SYSTEMPATH\Boot.php(312): CodeIgniter\CodeIgniter->run()
 9 SYSTEMPATH\Boot.php(67): CodeIgniter\Boot::runCodeIgniter(Object(CodeIgniter\CodeIgniter))
10 FCPATH\index.php(62): CodeIgniter\Boot::bootWeb(Object(Config\Paths))
11 SYSTEMPATH\Commands\Server\rewrite.php(49): require_once('C:\\Users\\minoh\\ITU\\L3\\S6\\itu-interprom\\interprom-back\\public\\index.php')
WARNING - 2025-05-15 19:02:04 --> [DEPRECATED] Optional parameter $id_discipline declared before required parameter $id_tournoi is implicitly treated as a required parameter in APPPATH\Controllers\MatchJController.php on line 164.
 1 SYSTEMPATH\Autoloader\Autoloader.php(317): include_once('C:\\Users\\minoh\\ITU\\L3\\S6\\itu-interprom\\interprom-back\\system\\Debug\\Exceptions.php')
 2 SYSTEMPATH\Autoloader\Autoloader.php(296): CodeIgniter\Autoloader\Autoloader->includeFile('C:\\Users\\minoh\\ITU\\L3\\S6\\itu-interprom\\interprom-back\\app\\Controllers\\MatchJController.php')
 3 SYSTEMPATH\Autoloader\Autoloader.php(272): CodeIgniter\Autoloader\Autoloader->loadInNamespace('App\\Controllers\\MatchJController')
 4 [internal function]: CodeIgniter\Autoloader\Autoloader->loadClass('App\\Controllers\\MatchJController')
 5 SYSTEMPATH\CodeIgniter.php(887): class_exists('\\App\\Controllers\\MatchJController', true)
 6 SYSTEMPATH\CodeIgniter.php(496): CodeIgniter\CodeIgniter->startController()
 7 SYSTEMPATH\CodeIgniter.php(355): CodeIgniter\CodeIgniter->handleRequest(null, Object(Config\Cache), false)
 8 SYSTEMPATH\Boot.php(312): CodeIgniter\CodeIgniter->run()
 9 SYSTEMPATH\Boot.php(67): CodeIgniter\Boot::runCodeIgniter(Object(CodeIgniter\CodeIgniter))
10 FCPATH\index.php(62): CodeIgniter\Boot::bootWeb(Object(Config\Paths))
11 SYSTEMPATH\Commands\Server\rewrite.php(49): require_once('C:\\Users\\minoh\\ITU\\L3\\S6\\itu-interprom\\interprom-back\\public\\index.php')
WARNING - 2025-05-15 19:02:04 --> [DEPRECATED] Optional parameter $id_discipline declared before required parameter $id_tournoi is implicitly treated as a required parameter in APPPATH\Controllers\MatchJController.php on line 164.
 1 SYSTEMPATH\Autoloader\Autoloader.php(317): include_once('C:\\Users\\minoh\\ITU\\L3\\S6\\itu-interprom\\interprom-back\\system\\Debug\\Exceptions.php')
 2 SYSTEMPATH\Autoloader\Autoloader.php(296): CodeIgniter\Autoloader\Autoloader->includeFile('C:\\Users\\minoh\\ITU\\L3\\S6\\itu-interprom\\interprom-back\\app\\Controllers\\MatchJController.php')
 3 SYSTEMPATH\Autoloader\Autoloader.php(272): CodeIgniter\Autoloader\Autoloader->loadInNamespace('App\\Controllers\\MatchJController')
 4 [internal function]: CodeIgniter\Autoloader\Autoloader->loadClass('App\\Controllers\\MatchJController')
 5 SYSTEMPATH\CodeIgniter.php(887): class_exists('\\App\\Controllers\\MatchJController', true)
 6 SYSTEMPATH\CodeIgniter.php(496): CodeIgniter\CodeIgniter->startController()
 7 SYSTEMPATH\CodeIgniter.php(355): CodeIgniter\CodeIgniter->handleRequest(null, Object(Config\Cache), false)
 8 SYSTEMPATH\Boot.php(312): CodeIgniter\CodeIgniter->run()
 9 SYSTEMPATH\Boot.php(67): CodeIgniter\Boot::runCodeIgniter(Object(CodeIgniter\CodeIgniter))
10 FCPATH\index.php(62): CodeIgniter\Boot::bootWeb(Object(Config\Paths))
11 SYSTEMPATH\Commands\Server\rewrite.php(49): require_once('C:\\Users\\minoh\\ITU\\L3\\S6\\itu-interprom\\interprom-back\\public\\index.php')
WARNING - 2025-05-15 19:05:30 --> [DEPRECATED] Optional parameter $id_discipline declared before required parameter $id_tournoi is implicitly treated as a required parameter in APPPATH\Controllers\MatchJController.php on line 164.
 1 SYSTEMPATH\Autoloader\Autoloader.php(317): include_once('C:\\Users\\minoh\\ITU\\L3\\S6\\itu-interprom\\interprom-back\\system\\Debug\\Exceptions.php')
 2 SYSTEMPATH\Autoloader\Autoloader.php(296): CodeIgniter\Autoloader\Autoloader->includeFile('C:\\Users\\minoh\\ITU\\L3\\S6\\itu-interprom\\interprom-back\\app\\Controllers\\MatchJController.php')
 3 SYSTEMPATH\Autoloader\Autoloader.php(272): CodeIgniter\Autoloader\Autoloader->loadInNamespace('App\\Controllers\\MatchJController')
 4 [internal function]: CodeIgniter\Autoloader\Autoloader->loadClass('App\\Controllers\\MatchJController')
 5 SYSTEMPATH\CodeIgniter.php(887): class_exists('\\App\\Controllers\\MatchJController', true)
 6 SYSTEMPATH\CodeIgniter.php(496): CodeIgniter\CodeIgniter->startController()
 7 SYSTEMPATH\CodeIgniter.php(355): CodeIgniter\CodeIgniter->handleRequest(null, Object(Config\Cache), false)
 8 SYSTEMPATH\Boot.php(312): CodeIgniter\CodeIgniter->run()
 9 SYSTEMPATH\Boot.php(67): CodeIgniter\Boot::runCodeIgniter(Object(CodeIgniter\CodeIgniter))
10 FCPATH\index.php(62): CodeIgniter\Boot::bootWeb(Object(Config\Paths))
11 SYSTEMPATH\Commands\Server\rewrite.php(49): require_once('C:\\Users\\minoh\\ITU\\L3\\S6\\itu-interprom\\interprom-back\\public\\index.php')
WARNING - 2025-05-15 19:05:30 --> [DEPRECATED] Optional parameter $id_discipline declared before required parameter $id_tournoi is implicitly treated as a required parameter in APPPATH\Controllers\MatchJController.php on line 164.
 1 SYSTEMPATH\Autoloader\Autoloader.php(317): include_once('C:\\Users\\minoh\\ITU\\L3\\S6\\itu-interprom\\interprom-back\\system\\Debug\\Exceptions.php')
 2 SYSTEMPATH\Autoloader\Autoloader.php(296): CodeIgniter\Autoloader\Autoloader->includeFile('C:\\Users\\minoh\\ITU\\L3\\S6\\itu-interprom\\interprom-back\\app\\Controllers\\MatchJController.php')
 3 SYSTEMPATH\Autoloader\Autoloader.php(272): CodeIgniter\Autoloader\Autoloader->loadInNamespace('App\\Controllers\\MatchJController')
 4 [internal function]: CodeIgniter\Autoloader\Autoloader->loadClass('App\\Controllers\\MatchJController')
 5 SYSTEMPATH\CodeIgniter.php(887): class_exists('\\App\\Controllers\\MatchJController', true)
 6 SYSTEMPATH\CodeIgniter.php(496): CodeIgniter\CodeIgniter->startController()
 7 SYSTEMPATH\CodeIgniter.php(355): CodeIgniter\CodeIgniter->handleRequest(null, Object(Config\Cache), false)
 8 SYSTEMPATH\Boot.php(312): CodeIgniter\CodeIgniter->run()
 9 SYSTEMPATH\Boot.php(67): CodeIgniter\Boot::runCodeIgniter(Object(CodeIgniter\CodeIgniter))
10 FCPATH\index.php(62): CodeIgniter\Boot::bootWeb(Object(Config\Paths))
11 SYSTEMPATH\Commands\Server\rewrite.php(49): require_once('C:\\Users\\minoh\\ITU\\L3\\S6\\itu-interprom\\interprom-back\\public\\index.php')
WARNING - 2025-05-15 19:05:31 --> [DEPRECATED] Optional parameter $id_discipline declared before required parameter $id_tournoi is implicitly treated as a required parameter in APPPATH\Controllers\MatchJController.php on line 164.
 1 SYSTEMPATH\Autoloader\Autoloader.php(317): include_once('C:\\Users\\minoh\\ITU\\L3\\S6\\itu-interprom\\interprom-back\\system\\Debug\\Exceptions.php')
 2 SYSTEMPATH\Autoloader\Autoloader.php(296): CodeIgniter\Autoloader\Autoloader->includeFile('C:\\Users\\minoh\\ITU\\L3\\S6\\itu-interprom\\interprom-back\\app\\Controllers\\MatchJController.php')
 3 SYSTEMPATH\Autoloader\Autoloader.php(272): CodeIgniter\Autoloader\Autoloader->loadInNamespace('App\\Controllers\\MatchJController')
 4 [internal function]: CodeIgniter\Autoloader\Autoloader->loadClass('App\\Controllers\\MatchJController')
 5 SYSTEMPATH\CodeIgniter.php(887): class_exists('\\App\\Controllers\\MatchJController', true)
 6 SYSTEMPATH\CodeIgniter.php(496): CodeIgniter\CodeIgniter->startController()
 7 SYSTEMPATH\CodeIgniter.php(355): CodeIgniter\CodeIgniter->handleRequest(null, Object(Config\Cache), false)
 8 SYSTEMPATH\Boot.php(312): CodeIgniter\CodeIgniter->run()
 9 SYSTEMPATH\Boot.php(67): CodeIgniter\Boot::runCodeIgniter(Object(CodeIgniter\CodeIgniter))
10 FCPATH\index.php(62): CodeIgniter\Boot::bootWeb(Object(Config\Paths))
11 SYSTEMPATH\Commands\Server\rewrite.php(49): require_once('C:\\Users\\minoh\\ITU\\L3\\S6\\itu-interprom\\interprom-back\\public\\index.php')
WARNING - 2025-05-15 19:09:03 --> [DEPRECATED] Optional parameter $id_discipline declared before required parameter $id_tournoi is implicitly treated as a required parameter in APPPATH\Controllers\MatchJController.php on line 164.
 1 SYSTEMPATH\Autoloader\Autoloader.php(317): include_once('C:\\Users\\minoh\\ITU\\L3\\S6\\itu-interprom\\interprom-back\\system\\Debug\\Exceptions.php')
 2 SYSTEMPATH\Autoloader\Autoloader.php(296): CodeIgniter\Autoloader\Autoloader->includeFile('C:\\Users\\minoh\\ITU\\L3\\S6\\itu-interprom\\interprom-back\\app\\Controllers\\MatchJController.php')
 3 SYSTEMPATH\Autoloader\Autoloader.php(272): CodeIgniter\Autoloader\Autoloader->loadInNamespace('App\\Controllers\\MatchJController')
 4 [internal function]: CodeIgniter\Autoloader\Autoloader->loadClass('App\\Controllers\\MatchJController')
 5 SYSTEMPATH\CodeIgniter.php(887): class_exists('\\App\\Controllers\\MatchJController', true)
 6 SYSTEMPATH\CodeIgniter.php(496): CodeIgniter\CodeIgniter->startController()
 7 SYSTEMPATH\CodeIgniter.php(355): CodeIgniter\CodeIgniter->handleRequest(null, Object(Config\Cache), false)
 8 SYSTEMPATH\Boot.php(312): CodeIgniter\CodeIgniter->run()
 9 SYSTEMPATH\Boot.php(67): CodeIgniter\Boot::runCodeIgniter(Object(CodeIgniter\CodeIgniter))
10 FCPATH\index.php(62): CodeIgniter\Boot::bootWeb(Object(Config\Paths))
11 SYSTEMPATH\Commands\Server\rewrite.php(49): require_once('C:\\Users\\minoh\\ITU\\L3\\S6\\itu-interprom\\interprom-back\\public\\index.php')
WARNING - 2025-05-15 19:09:03 --> [DEPRECATED] Optional parameter $id_discipline declared before required parameter $id_tournoi is implicitly treated as a required parameter in APPPATH\Controllers\MatchJController.php on line 164.
 1 SYSTEMPATH\Autoloader\Autoloader.php(317): include_once('C:\\Users\\minoh\\ITU\\L3\\S6\\itu-interprom\\interprom-back\\system\\Debug\\Exceptions.php')
 2 SYSTEMPATH\Autoloader\Autoloader.php(296): CodeIgniter\Autoloader\Autoloader->includeFile('C:\\Users\\minoh\\ITU\\L3\\S6\\itu-interprom\\interprom-back\\app\\Controllers\\MatchJController.php')
 3 SYSTEMPATH\Autoloader\Autoloader.php(272): CodeIgniter\Autoloader\Autoloader->loadInNamespace('App\\Controllers\\MatchJController')
 4 [internal function]: CodeIgniter\Autoloader\Autoloader->loadClass('App\\Controllers\\MatchJController')
 5 SYSTEMPATH\CodeIgniter.php(887): class_exists('\\App\\Controllers\\MatchJController', true)
 6 SYSTEMPATH\CodeIgniter.php(496): CodeIgniter\CodeIgniter->startController()
 7 SYSTEMPATH\CodeIgniter.php(355): CodeIgniter\CodeIgniter->handleRequest(null, Object(Config\Cache), false)
 8 SYSTEMPATH\Boot.php(312): CodeIgniter\CodeIgniter->run()
 9 SYSTEMPATH\Boot.php(67): CodeIgniter\Boot::runCodeIgniter(Object(CodeIgniter\CodeIgniter))
10 FCPATH\index.php(62): CodeIgniter\Boot::bootWeb(Object(Config\Paths))
11 SYSTEMPATH\Commands\Server\rewrite.php(49): require_once('C:\\Users\\minoh\\ITU\\L3\\S6\\itu-interprom\\interprom-back\\public\\index.php')
WARNING - 2025-05-15 19:09:04 --> [DEPRECATED] Optional parameter $id_discipline declared before required parameter $id_tournoi is implicitly treated as a required parameter in APPPATH\Controllers\MatchJController.php on line 164.
 1 SYSTEMPATH\Autoloader\Autoloader.php(317): include_once('C:\\Users\\minoh\\ITU\\L3\\S6\\itu-interprom\\interprom-back\\system\\Debug\\Exceptions.php')
 2 SYSTEMPATH\Autoloader\Autoloader.php(296): CodeIgniter\Autoloader\Autoloader->includeFile('C:\\Users\\minoh\\ITU\\L3\\S6\\itu-interprom\\interprom-back\\app\\Controllers\\MatchJController.php')
 3 SYSTEMPATH\Autoloader\Autoloader.php(272): CodeIgniter\Autoloader\Autoloader->loadInNamespace('App\\Controllers\\MatchJController')
 4 [internal function]: CodeIgniter\Autoloader\Autoloader->loadClass('App\\Controllers\\MatchJController')
 5 SYSTEMPATH\CodeIgniter.php(887): class_exists('\\App\\Controllers\\MatchJController', true)
 6 SYSTEMPATH\CodeIgniter.php(496): CodeIgniter\CodeIgniter->startController()
 7 SYSTEMPATH\CodeIgniter.php(355): CodeIgniter\CodeIgniter->handleRequest(null, Object(Config\Cache), false)
 8 SYSTEMPATH\Boot.php(312): CodeIgniter\CodeIgniter->run()
 9 SYSTEMPATH\Boot.php(67): CodeIgniter\Boot::runCodeIgniter(Object(CodeIgniter\CodeIgniter))
10 FCPATH\index.php(62): CodeIgniter\Boot::bootWeb(Object(Config\Paths))
11 SYSTEMPATH\Commands\Server\rewrite.php(49): require_once('C:\\Users\\minoh\\ITU\\L3\\S6\\itu-interprom\\interprom-back\\public\\index.php')
WARNING - 2025-05-15 19:09:16 --> [DEPRECATED] Optional parameter $id_discipline declared before required parameter $id_tournoi is implicitly treated as a required parameter in APPPATH\Controllers\MatchJController.php on line 164.
 1 SYSTEMPATH\Autoloader\Autoloader.php(317): include_once('C:\\Users\\minoh\\ITU\\L3\\S6\\itu-interprom\\interprom-back\\system\\Debug\\Exceptions.php')
 2 SYSTEMPATH\Autoloader\Autoloader.php(296): CodeIgniter\Autoloader\Autoloader->includeFile('C:\\Users\\minoh\\ITU\\L3\\S6\\itu-interprom\\interprom-back\\app\\Controllers\\MatchJController.php')
 3 SYSTEMPATH\Autoloader\Autoloader.php(272): CodeIgniter\Autoloader\Autoloader->loadInNamespace('App\\Controllers\\MatchJController')
 4 [internal function]: CodeIgniter\Autoloader\Autoloader->loadClass('App\\Controllers\\MatchJController')
 5 SYSTEMPATH\CodeIgniter.php(887): class_exists('\\App\\Controllers\\MatchJController', true)
 6 SYSTEMPATH\CodeIgniter.php(496): CodeIgniter\CodeIgniter->startController()
 7 SYSTEMPATH\CodeIgniter.php(355): CodeIgniter\CodeIgniter->handleRequest(null, Object(Config\Cache), false)
 8 SYSTEMPATH\Boot.php(312): CodeIgniter\CodeIgniter->run()
 9 SYSTEMPATH\Boot.php(67): CodeIgniter\Boot::runCodeIgniter(Object(CodeIgniter\CodeIgniter))
10 FCPATH\index.php(62): CodeIgniter\Boot::bootWeb(Object(Config\Paths))
11 SYSTEMPATH\Commands\Server\rewrite.php(49): require_once('C:\\Users\\minoh\\ITU\\L3\\S6\\itu-interprom\\interprom-back\\public\\index.php')
WARNING - 2025-05-15 19:09:16 --> [DEPRECATED] Optional parameter $id_discipline declared before required parameter $id_tournoi is implicitly treated as a required parameter in APPPATH\Controllers\MatchJController.php on line 164.
 1 SYSTEMPATH\Autoloader\Autoloader.php(317): include_once('C:\\Users\\minoh\\ITU\\L3\\S6\\itu-interprom\\interprom-back\\system\\Debug\\Exceptions.php')
 2 SYSTEMPATH\Autoloader\Autoloader.php(296): CodeIgniter\Autoloader\Autoloader->includeFile('C:\\Users\\minoh\\ITU\\L3\\S6\\itu-interprom\\interprom-back\\app\\Controllers\\MatchJController.php')
 3 SYSTEMPATH\Autoloader\Autoloader.php(272): CodeIgniter\Autoloader\Autoloader->loadInNamespace('App\\Controllers\\MatchJController')
 4 [internal function]: CodeIgniter\Autoloader\Autoloader->loadClass('App\\Controllers\\MatchJController')
 5 SYSTEMPATH\CodeIgniter.php(887): class_exists('\\App\\Controllers\\MatchJController', true)
 6 SYSTEMPATH\CodeIgniter.php(496): CodeIgniter\CodeIgniter->startController()
 7 SYSTEMPATH\CodeIgniter.php(355): CodeIgniter\CodeIgniter->handleRequest(null, Object(Config\Cache), false)
 8 SYSTEMPATH\Boot.php(312): CodeIgniter\CodeIgniter->run()
 9 SYSTEMPATH\Boot.php(67): CodeIgniter\Boot::runCodeIgniter(Object(CodeIgniter\CodeIgniter))
10 FCPATH\index.php(62): CodeIgniter\Boot::bootWeb(Object(Config\Paths))
11 SYSTEMPATH\Commands\Server\rewrite.php(49): require_once('C:\\Users\\minoh\\ITU\\L3\\S6\\itu-interprom\\interprom-back\\public\\index.php')
WARNING - 2025-05-15 19:09:16 --> [DEPRECATED] Optional parameter $id_discipline declared before required parameter $id_tournoi is implicitly treated as a required parameter in APPPATH\Controllers\MatchJController.php on line 164.
 1 SYSTEMPATH\Autoloader\Autoloader.php(317): include_once('C:\\Users\\minoh\\ITU\\L3\\S6\\itu-interprom\\interprom-back\\system\\Debug\\Exceptions.php')
 2 SYSTEMPATH\Autoloader\Autoloader.php(296): CodeIgniter\Autoloader\Autoloader->includeFile('C:\\Users\\minoh\\ITU\\L3\\S6\\itu-interprom\\interprom-back\\app\\Controllers\\MatchJController.php')
 3 SYSTEMPATH\Autoloader\Autoloader.php(272): CodeIgniter\Autoloader\Autoloader->loadInNamespace('App\\Controllers\\MatchJController')
 4 [internal function]: CodeIgniter\Autoloader\Autoloader->loadClass('App\\Controllers\\MatchJController')
 5 SYSTEMPATH\CodeIgniter.php(887): class_exists('\\App\\Controllers\\MatchJController', true)
 6 SYSTEMPATH\CodeIgniter.php(496): CodeIgniter\CodeIgniter->startController()
 7 SYSTEMPATH\CodeIgniter.php(355): CodeIgniter\CodeIgniter->handleRequest(null, Object(Config\Cache), false)
 8 SYSTEMPATH\Boot.php(312): CodeIgniter\CodeIgniter->run()
 9 SYSTEMPATH\Boot.php(67): CodeIgniter\Boot::runCodeIgniter(Object(CodeIgniter\CodeIgniter))
10 FCPATH\index.php(62): CodeIgniter\Boot::bootWeb(Object(Config\Paths))
11 SYSTEMPATH\Commands\Server\rewrite.php(49): require_once('C:\\Users\\minoh\\ITU\\L3\\S6\\itu-interprom\\interprom-back\\public\\index.php')
WARNING - 2025-05-15 19:09:17 --> [DEPRECATED] Optional parameter $id_discipline declared before required parameter $id_tournoi is implicitly treated as a required parameter in APPPATH\Controllers\MatchJController.php on line 164.
 1 SYSTEMPATH\Autoloader\Autoloader.php(317): include_once('C:\\Users\\minoh\\ITU\\L3\\S6\\itu-interprom\\interprom-back\\system\\Debug\\Exceptions.php')
 2 SYSTEMPATH\Autoloader\Autoloader.php(296): CodeIgniter\Autoloader\Autoloader->includeFile('C:\\Users\\minoh\\ITU\\L3\\S6\\itu-interprom\\interprom-back\\app\\Controllers\\MatchJController.php')
 3 SYSTEMPATH\Autoloader\Autoloader.php(272): CodeIgniter\Autoloader\Autoloader->loadInNamespace('App\\Controllers\\MatchJController')
 4 [internal function]: CodeIgniter\Autoloader\Autoloader->loadClass('App\\Controllers\\MatchJController')
 5 SYSTEMPATH\CodeIgniter.php(887): class_exists('\\App\\Controllers\\MatchJController', true)
 6 SYSTEMPATH\CodeIgniter.php(496): CodeIgniter\CodeIgniter->startController()
 7 SYSTEMPATH\CodeIgniter.php(355): CodeIgniter\CodeIgniter->handleRequest(null, Object(Config\Cache), false)
 8 SYSTEMPATH\Boot.php(312): CodeIgniter\CodeIgniter->run()
 9 SYSTEMPATH\Boot.php(67): CodeIgniter\Boot::runCodeIgniter(Object(CodeIgniter\CodeIgniter))
10 FCPATH\index.php(62): CodeIgniter\Boot::bootWeb(Object(Config\Paths))
11 SYSTEMPATH\Commands\Server\rewrite.php(49): require_once('C:\\Users\\minoh\\ITU\\L3\\S6\\itu-interprom\\interprom-back\\public\\index.php')
WARNING - 2025-05-15 19:09:26 --> [DEPRECATED] Optional parameter $id_discipline declared before required parameter $id_tournoi is implicitly treated as a required parameter in APPPATH\Controllers\MatchJController.php on line 164.
 1 SYSTEMPATH\Autoloader\Autoloader.php(317): include_once('C:\\Users\\minoh\\ITU\\L3\\S6\\itu-interprom\\interprom-back\\system\\Debug\\Exceptions.php')
 2 SYSTEMPATH\Autoloader\Autoloader.php(296): CodeIgniter\Autoloader\Autoloader->includeFile('C:\\Users\\minoh\\ITU\\L3\\S6\\itu-interprom\\interprom-back\\app\\Controllers\\MatchJController.php')
 3 SYSTEMPATH\Autoloader\Autoloader.php(272): CodeIgniter\Autoloader\Autoloader->loadInNamespace('App\\Controllers\\MatchJController')
 4 [internal function]: CodeIgniter\Autoloader\Autoloader->loadClass('App\\Controllers\\MatchJController')
 5 SYSTEMPATH\CodeIgniter.php(887): class_exists('\\App\\Controllers\\MatchJController', true)
 6 SYSTEMPATH\CodeIgniter.php(496): CodeIgniter\CodeIgniter->startController()
 7 SYSTEMPATH\CodeIgniter.php(355): CodeIgniter\CodeIgniter->handleRequest(null, Object(Config\Cache), false)
 8 SYSTEMPATH\Boot.php(312): CodeIgniter\CodeIgniter->run()
 9 SYSTEMPATH\Boot.php(67): CodeIgniter\Boot::runCodeIgniter(Object(CodeIgniter\CodeIgniter))
10 FCPATH\index.php(62): CodeIgniter\Boot::bootWeb(Object(Config\Paths))
11 SYSTEMPATH\Commands\Server\rewrite.php(49): require_once('C:\\Users\\minoh\\ITU\\L3\\S6\\itu-interprom\\interprom-back\\public\\index.php')
WARNING - 2025-05-15 19:09:27 --> [DEPRECATED] Optional parameter $id_discipline declared before required parameter $id_tournoi is implicitly treated as a required parameter in APPPATH\Controllers\MatchJController.php on line 164.
 1 SYSTEMPATH\Autoloader\Autoloader.php(317): include_once('C:\\Users\\minoh\\ITU\\L3\\S6\\itu-interprom\\interprom-back\\system\\Debug\\Exceptions.php')
 2 SYSTEMPATH\Autoloader\Autoloader.php(296): CodeIgniter\Autoloader\Autoloader->includeFile('C:\\Users\\minoh\\ITU\\L3\\S6\\itu-interprom\\interprom-back\\app\\Controllers\\MatchJController.php')
 3 SYSTEMPATH\Autoloader\Autoloader.php(272): CodeIgniter\Autoloader\Autoloader->loadInNamespace('App\\Controllers\\MatchJController')
 4 [internal function]: CodeIgniter\Autoloader\Autoloader->loadClass('App\\Controllers\\MatchJController')
 5 SYSTEMPATH\CodeIgniter.php(887): class_exists('\\App\\Controllers\\MatchJController', true)
 6 SYSTEMPATH\CodeIgniter.php(496): CodeIgniter\CodeIgniter->startController()
 7 SYSTEMPATH\CodeIgniter.php(355): CodeIgniter\CodeIgniter->handleRequest(null, Object(Config\Cache), false)
 8 SYSTEMPATH\Boot.php(312): CodeIgniter\CodeIgniter->run()
 9 SYSTEMPATH\Boot.php(67): CodeIgniter\Boot::runCodeIgniter(Object(CodeIgniter\CodeIgniter))
10 FCPATH\index.php(62): CodeIgniter\Boot::bootWeb(Object(Config\Paths))
11 SYSTEMPATH\Commands\Server\rewrite.php(49): require_once('C:\\Users\\minoh\\ITU\\L3\\S6\\itu-interprom\\interprom-back\\public\\index.php')
WARNING - 2025-05-15 19:09:27 --> [DEPRECATED] Optional parameter $id_discipline declared before required parameter $id_tournoi is implicitly treated as a required parameter in APPPATH\Controllers\MatchJController.php on line 164.
 1 SYSTEMPATH\Autoloader\Autoloader.php(317): include_once('C:\\Users\\minoh\\ITU\\L3\\S6\\itu-interprom\\interprom-back\\system\\Debug\\Exceptions.php')
 2 SYSTEMPATH\Autoloader\Autoloader.php(296): CodeIgniter\Autoloader\Autoloader->includeFile('C:\\Users\\minoh\\ITU\\L3\\S6\\itu-interprom\\interprom-back\\app\\Controllers\\MatchJController.php')
 3 SYSTEMPATH\Autoloader\Autoloader.php(272): CodeIgniter\Autoloader\Autoloader->loadInNamespace('App\\Controllers\\MatchJController')
 4 [internal function]: CodeIgniter\Autoloader\Autoloader->loadClass('App\\Controllers\\MatchJController')
 5 SYSTEMPATH\CodeIgniter.php(887): class_exists('\\App\\Controllers\\MatchJController', true)
 6 SYSTEMPATH\CodeIgniter.php(496): CodeIgniter\CodeIgniter->startController()
 7 SYSTEMPATH\CodeIgniter.php(355): CodeIgniter\CodeIgniter->handleRequest(null, Object(Config\Cache), false)
 8 SYSTEMPATH\Boot.php(312): CodeIgniter\CodeIgniter->run()
 9 SYSTEMPATH\Boot.php(67): CodeIgniter\Boot::runCodeIgniter(Object(CodeIgniter\CodeIgniter))
10 FCPATH\index.php(62): CodeIgniter\Boot::bootWeb(Object(Config\Paths))
11 SYSTEMPATH\Commands\Server\rewrite.php(49): require_once('C:\\Users\\minoh\\ITU\\L3\\S6\\itu-interprom\\interprom-back\\public\\index.php')
WARNING - 2025-05-15 19:09:27 --> [DEPRECATED] Optional parameter $id_discipline declared before required parameter $id_tournoi is implicitly treated as a required parameter in APPPATH\Controllers\MatchJController.php on line 164.
 1 SYSTEMPATH\Autoloader\Autoloader.php(317): include_once('C:\\Users\\minoh\\ITU\\L3\\S6\\itu-interprom\\interprom-back\\system\\Debug\\Exceptions.php')
 2 SYSTEMPATH\Autoloader\Autoloader.php(296): CodeIgniter\Autoloader\Autoloader->includeFile('C:\\Users\\minoh\\ITU\\L3\\S6\\itu-interprom\\interprom-back\\app\\Controllers\\MatchJController.php')
 3 SYSTEMPATH\Autoloader\Autoloader.php(272): CodeIgniter\Autoloader\Autoloader->loadInNamespace('App\\Controllers\\MatchJController')
 4 [internal function]: CodeIgniter\Autoloader\Autoloader->loadClass('App\\Controllers\\MatchJController')
 5 SYSTEMPATH\CodeIgniter.php(887): class_exists('\\App\\Controllers\\MatchJController', true)
 6 SYSTEMPATH\CodeIgniter.php(496): CodeIgniter\CodeIgniter->startController()
 7 SYSTEMPATH\CodeIgniter.php(355): CodeIgniter\CodeIgniter->handleRequest(null, Object(Config\Cache), false)
 8 SYSTEMPATH\Boot.php(312): CodeIgniter\CodeIgniter->run()
 9 SYSTEMPATH\Boot.php(67): CodeIgniter\Boot::runCodeIgniter(Object(CodeIgniter\CodeIgniter))
10 FCPATH\index.php(62): CodeIgniter\Boot::bootWeb(Object(Config\Paths))
11 SYSTEMPATH\Commands\Server\rewrite.php(49): require_once('C:\\Users\\minoh\\ITU\\L3\\S6\\itu-interprom\\interprom-back\\public\\index.php')
WARNING - 2025-05-15 19:57:50 --> [DEPRECATED] Optional parameter $id_discipline declared before required parameter $id_tournoi is implicitly treated as a required parameter in APPPATH\Controllers\MatchJController.php on line 164.
 1 SYSTEMPATH\Autoloader\Autoloader.php(317): include_once('C:\\Users\\Mialisoa\\ASA\\interprom\\interprom-back\\system\\Debug\\Exceptions.php')
 2 SYSTEMPATH\Autoloader\Autoloader.php(296): CodeIgniter\Autoloader\Autoloader->includeFile('C:\\Users\\Mialisoa\\ASA\\interprom\\interprom-back\\app\\Controllers\\MatchJController.php')
 3 SYSTEMPATH\Autoloader\Autoloader.php(272): CodeIgniter\Autoloader\Autoloader->loadInNamespace('App\\Controllers\\MatchJController')
 4 [internal function]: CodeIgniter\Autoloader\Autoloader->loadClass('App\\Controllers\\MatchJController')
 5 SYSTEMPATH\CodeIgniter.php(887): class_exists('\\App\\Controllers\\MatchJController', true)
 6 SYSTEMPATH\CodeIgniter.php(496): CodeIgniter\CodeIgniter->startController()
 7 SYSTEMPATH\CodeIgniter.php(355): CodeIgniter\CodeIgniter->handleRequest(null, Object(Config\Cache), false)
 8 SYSTEMPATH\Boot.php(312): CodeIgniter\CodeIgniter->run()
 9 SYSTEMPATH\Boot.php(67): CodeIgniter\Boot::runCodeIgniter(Object(CodeIgniter\CodeIgniter))
10 FCPATH\index.php(62): CodeIgniter\Boot::bootWeb(Object(Config\Paths))
11 SYSTEMPATH\Commands\Server\rewrite.php(49): require_once('C:\\Users\\Mialisoa\\ASA\\interprom\\interprom-back\\public\\index.php')
WARNING - 2025-05-15 19:57:50 --> [DEPRECATED] Optional parameter $id_discipline declared before required parameter $id_tournoi is implicitly treated as a required parameter in APPPATH\Controllers\MatchJController.php on line 164.
 1 SYSTEMPATH\Autoloader\Autoloader.php(317): include_once('C:\\Users\\Mialisoa\\ASA\\interprom\\interprom-back\\system\\Debug\\Exceptions.php')
 2 SYSTEMPATH\Autoloader\Autoloader.php(296): CodeIgniter\Autoloader\Autoloader->includeFile('C:\\Users\\Mialisoa\\ASA\\interprom\\interprom-back\\app\\Controllers\\MatchJController.php')
 3 SYSTEMPATH\Autoloader\Autoloader.php(272): CodeIgniter\Autoloader\Autoloader->loadInNamespace('App\\Controllers\\MatchJController')
 4 [internal function]: CodeIgniter\Autoloader\Autoloader->loadClass('App\\Controllers\\MatchJController')
 5 SYSTEMPATH\CodeIgniter.php(887): class_exists('\\App\\Controllers\\MatchJController', true)
 6 SYSTEMPATH\CodeIgniter.php(496): CodeIgniter\CodeIgniter->startController()
 7 SYSTEMPATH\CodeIgniter.php(355): CodeIgniter\CodeIgniter->handleRequest(null, Object(Config\Cache), false)
 8 SYSTEMPATH\Boot.php(312): CodeIgniter\CodeIgniter->run()
 9 SYSTEMPATH\Boot.php(67): CodeIgniter\Boot::runCodeIgniter(Object(CodeIgniter\CodeIgniter))
10 FCPATH\index.php(62): CodeIgniter\Boot::bootWeb(Object(Config\Paths))
11 SYSTEMPATH\Commands\Server\rewrite.php(49): require_once('C:\\Users\\Mialisoa\\ASA\\interprom\\interprom-back\\public\\index.php')
WARNING - 2025-05-15 19:57:52 --> [DEPRECATED] Optional parameter $id_discipline declared before required parameter $id_tournoi is implicitly treated as a required parameter in APPPATH\Controllers\MatchJController.php on line 164.
 1 SYSTEMPATH\Autoloader\Autoloader.php(317): include_once('C:\\Users\\Mialisoa\\ASA\\interprom\\interprom-back\\system\\Debug\\Exceptions.php')
 2 SYSTEMPATH\Autoloader\Autoloader.php(296): CodeIgniter\Autoloader\Autoloader->includeFile('C:\\Users\\Mialisoa\\ASA\\interprom\\interprom-back\\app\\Controllers\\MatchJController.php')
 3 SYSTEMPATH\Autoloader\Autoloader.php(272): CodeIgniter\Autoloader\Autoloader->loadInNamespace('App\\Controllers\\MatchJController')
 4 [internal function]: CodeIgniter\Autoloader\Autoloader->loadClass('App\\Controllers\\MatchJController')
 5 SYSTEMPATH\CodeIgniter.php(887): class_exists('\\App\\Controllers\\MatchJController', true)
 6 SYSTEMPATH\CodeIgniter.php(496): CodeIgniter\CodeIgniter->startController()
 7 SYSTEMPATH\CodeIgniter.php(355): CodeIgniter\CodeIgniter->handleRequest(null, Object(Config\Cache), false)
 8 SYSTEMPATH\Boot.php(312): CodeIgniter\CodeIgniter->run()
 9 SYSTEMPATH\Boot.php(67): CodeIgniter\Boot::runCodeIgniter(Object(CodeIgniter\CodeIgniter))
10 FCPATH\index.php(62): CodeIgniter\Boot::bootWeb(Object(Config\Paths))
11 SYSTEMPATH\Commands\Server\rewrite.php(49): require_once('C:\\Users\\Mialisoa\\ASA\\interprom\\interprom-back\\public\\index.php')
ERROR - 2025-05-15 19:57:54 --> ErrorException: pg_query(): Query failed: ERREUR:  la relation « v_resultat_par_equipe_tournoi_view_vaovao » n'existe pas
LINE 2: FROM &quot;v_resultat_par_equipe_tournoi_view_vaovao&quot; &quot;vr&quot;
             ^ in C:\Users\Mialisoa\ASA\interprom\interprom-back\system\Database\Postgre\Connection.php:192
Stack trace:
#0 [internal function]: CodeIgniter\Debug\Exceptions->errorHandler(2, 'pg_query(): Que...', 'C:\\Users\\Mialis...', 192)
#1 C:\Users\Mialisoa\ASA\interprom\interprom-back\system\Database\Postgre\Connection.php(192): pg_query(Object(PgSql\Connection), 'SELECT "vr".*, ...')
#2 C:\Users\Mialisoa\ASA\interprom\interprom-back\system\Database\BaseConnection.php(721): CodeIgniter\Database\Postgre\Connection->execute('SELECT "vr".*, ...')
#3 C:\Users\Mialisoa\ASA\interprom\interprom-back\system\Database\BaseConnection.php(635): CodeIgniter\Database\BaseConnection->simpleQuery('SELECT "vr".*, ...')
#4 C:\Users\Mialisoa\ASA\interprom\interprom-back\system\Database\BaseBuilder.php(1629): CodeIgniter\Database\BaseConnection->query('SELECT "vr".*, ...', Array, false)
#5 C:\Users\Mialisoa\ASA\interprom\interprom-back\app\Controllers\PouleJController.php(108): CodeIgniter\Database\BaseBuilder->get()
#6 C:\Users\Mialisoa\ASA\interprom\interprom-back\system\CodeIgniter.php(933): App\Controllers\PouleJController->get_classement_par_poule_choisi('3', '2')
#7 C:\Users\Mialisoa\ASA\interprom\interprom-back\system\CodeIgniter.php(509): CodeIgniter\CodeIgniter->runController(Object(App\Controllers\PouleJController))
#8 C:\Users\Mialisoa\ASA\interprom\interprom-back\system\CodeIgniter.php(355): CodeIgniter\CodeIgniter->handleRequest(NULL, Object(Config\Cache), false)
#9 C:\Users\Mialisoa\ASA\interprom\interprom-back\system\Boot.php(312): CodeIgniter\CodeIgniter->run()
#10 C:\Users\Mialisoa\ASA\interprom\interprom-back\system\Boot.php(67): CodeIgniter\Boot::runCodeIgniter(Object(CodeIgniter\CodeIgniter))
#11 C:\Users\Mialisoa\ASA\interprom\interprom-back\public\index.php(62): CodeIgniter\Boot::bootWeb(Object(Config\Paths))
#12 C:\Users\Mialisoa\ASA\interprom\interprom-back\system\Commands\Server\rewrite.php(49): require_once('C:\\Users\\Mialis...')
#13 {main}
CRITICAL - 2025-05-15 19:57:54 --> CodeIgniter\Database\Exceptions\DatabaseException: pg_query(): Query failed: ERREUR:  la relation « v_resultat_par_equipe_tournoi_view_vaovao » n'existe pas
LINE 2: FROM &quot;v_resultat_par_equipe_tournoi_view_vaovao&quot; &quot;vr&quot;
             ^
[Method: GET, Route: api/classement/poule_3/tournoi_2]
in SYSTEMPATH\Database\BaseConnection.php on line 675.
 1 SYSTEMPATH\Database\BaseBuilder.php(1629): CodeIgniter\Database\BaseConnection->query('SELECT "vr".*, "e".*
FROM "v_resultat_par_equipe_tournoi_view_vaovao" "vr"
JOIN "equipe_tournoi" "et" ON "et"."id_equipe_tournoi" = "vr"."id_equipe_tournoi"
JOIN "equipe" "e" ON "e"."id_equipe" = "et"."id_equipe"
JOIN "poule" "p" ON "p"."id_poule" = "et"."id_poule"
WHERE "et"."id_tournoi" = :et.id_tournoi:
AND "et"."id_poule" = :et.id_poule:
AND "et"."id_poule" = :et.id_poule.1:
ORDER BY "vr"."points" DESC, "vr"."difference_score" DESC, "vr"."score_marque" DESC', [...], false)
 2 APPPATH\Controllers\PouleJController.php(108): CodeIgniter\Database\BaseBuilder->get()
 3 SYSTEMPATH\CodeIgniter.php(933): App\Controllers\PouleJController->get_classement_par_poule_choisi('3', '2')
 4 SYSTEMPATH\CodeIgniter.php(509): CodeIgniter\CodeIgniter->runController(Object(App\Controllers\PouleJController))
 5 SYSTEMPATH\CodeIgniter.php(355): CodeIgniter\CodeIgniter->handleRequest(null, Object(Config\Cache), false)
 6 SYSTEMPATH\Boot.php(312): CodeIgniter\CodeIgniter->run()
 7 SYSTEMPATH\Boot.php(67): CodeIgniter\Boot::runCodeIgniter(Object(CodeIgniter\CodeIgniter))
 8 FCPATH\index.php(62): CodeIgniter\Boot::bootWeb(Object(Config\Paths))
 9 SYSTEMPATH\Commands\Server\rewrite.php(49): require_once('C:\\Users\\Mialisoa\\ASA\\interprom\\interprom-back\\public\\index.php')
CRITICAL - 2025-05-15 19:57:54 --> [Caused by] CodeIgniter\Database\Exceptions\DatabaseException: pg_query(): Query failed: ERREUR:  la relation « v_resultat_par_equipe_tournoi_view_vaovao » n'existe pas
LINE 2: FROM &quot;v_resultat_par_equipe_tournoi_view_vaovao&quot; &quot;vr&quot;
             ^
in SYSTEMPATH\Database\Postgre\Connection.php on line 197.
 1 SYSTEMPATH\Database\BaseConnection.php(721): CodeIgniter\Database\Postgre\Connection->execute('SELECT "vr".*, "e".*
FROM "v_resultat_par_equipe_tournoi_view_vaovao" "vr"
JOIN "equipe_tournoi" "et" ON "et"."id_equipe_tournoi" = "vr"."id_equipe_tournoi"
JOIN "equipe" "e" ON "e"."id_equipe" = "et"."id_equipe"
JOIN "poule" "p" ON "p"."id_poule" = "et"."id_poule"
WHERE "et"."id_tournoi" = \'2\'
AND "et"."id_poule" = \'3\'
AND "et"."id_poule" = \'3\'
ORDER BY "vr"."points" DESC, "vr"."difference_score" DESC, "vr"."score_marque" DESC')
 2 SYSTEMPATH\Database\BaseConnection.php(635): CodeIgniter\Database\BaseConnection->simpleQuery('SELECT "vr".*, "e".*
FROM "v_resultat_par_equipe_tournoi_view_vaovao" "vr"
JOIN "equipe_tournoi" "et" ON "et"."id_equipe_tournoi" = "vr"."id_equipe_tournoi"
JOIN "equipe" "e" ON "e"."id_equipe" = "et"."id_equipe"
JOIN "poule" "p" ON "p"."id_poule" = "et"."id_poule"
WHERE "et"."id_tournoi" = \'2\'
AND "et"."id_poule" = \'3\'
AND "et"."id_poule" = \'3\'
ORDER BY "vr"."points" DESC, "vr"."difference_score" DESC, "vr"."score_marque" DESC')
 3 SYSTEMPATH\Database\BaseBuilder.php(1629): CodeIgniter\Database\BaseConnection->query('SELECT "vr".*, "e".*
FROM "v_resultat_par_equipe_tournoi_view_vaovao" "vr"
JOIN "equipe_tournoi" "et" ON "et"."id_equipe_tournoi" = "vr"."id_equipe_tournoi"
JOIN "equipe" "e" ON "e"."id_equipe" = "et"."id_equipe"
JOIN "poule" "p" ON "p"."id_poule" = "et"."id_poule"
WHERE "et"."id_tournoi" = :et.id_tournoi:
AND "et"."id_poule" = :et.id_poule:
AND "et"."id_poule" = :et.id_poule.1:
ORDER BY "vr"."points" DESC, "vr"."difference_score" DESC, "vr"."score_marque" DESC', [...], false)
 4 APPPATH\Controllers\PouleJController.php(108): CodeIgniter\Database\BaseBuilder->get()
 5 SYSTEMPATH\CodeIgniter.php(933): App\Controllers\PouleJController->get_classement_par_poule_choisi('3', '2')
 6 SYSTEMPATH\CodeIgniter.php(509): CodeIgniter\CodeIgniter->runController(Object(App\Controllers\PouleJController))
 7 SYSTEMPATH\CodeIgniter.php(355): CodeIgniter\CodeIgniter->handleRequest(null, Object(Config\Cache), false)
 8 SYSTEMPATH\Boot.php(312): CodeIgniter\CodeIgniter->run()
 9 SYSTEMPATH\Boot.php(67): CodeIgniter\Boot::runCodeIgniter(Object(CodeIgniter\CodeIgniter))
10 FCPATH\index.php(62): CodeIgniter\Boot::bootWeb(Object(Config\Paths))
11 SYSTEMPATH\Commands\Server\rewrite.php(49): require_once('C:\\Users\\Mialisoa\\ASA\\interprom\\interprom-back\\public\\index.php')
CRITICAL - 2025-05-15 19:57:54 --> [Caused by] ErrorException: pg_query(): Query failed: ERREUR:  la relation « v_resultat_par_equipe_tournoi_view_vaovao » n'existe pas
LINE 2: FROM &quot;v_resultat_par_equipe_tournoi_view_vaovao&quot; &quot;vr&quot;
             ^
in SYSTEMPATH\Database\Postgre\Connection.php on line 192.
 1 [internal function]: CodeIgniter\Debug\Exceptions->errorHandler(2, 'pg_query(): Query failed: ERREUR:  la relation « v_resultat_par_equipe_tournoi_view_vaovao » n\'existe pas
LINE 2: FROM &quot;v_resultat_par_equipe_tournoi_view_vaovao&quot; &quot;vr&quot;
             ^', 'C:\\Users\\Mialisoa\\ASA\\interprom\\interprom-back\\system\\Database\\Postgre\\Connection.php', 192)
 2 SYSTEMPATH\Database\Postgre\Connection.php(192): pg_query(Object(PgSql\Connection), 'SELECT "vr".*, "e".*
FROM "v_resultat_par_equipe_tournoi_view_vaovao" "vr"
JOIN "equipe_tournoi" "et" ON "et"."id_equipe_tournoi" = "vr"."id_equipe_tournoi"
JOIN "equipe" "e" ON "e"."id_equipe" = "et"."id_equipe"
JOIN "poule" "p" ON "p"."id_poule" = "et"."id_poule"
WHERE "et"."id_tournoi" = \'2\'
AND "et"."id_poule" = \'3\'
AND "et"."id_poule" = \'3\'
ORDER BY "vr"."points" DESC, "vr"."difference_score" DESC, "vr"."score_marque" DESC')
 3 SYSTEMPATH\Database\BaseConnection.php(721): CodeIgniter\Database\Postgre\Connection->execute('SELECT "vr".*, "e".*
FROM "v_resultat_par_equipe_tournoi_view_vaovao" "vr"
JOIN "equipe_tournoi" "et" ON "et"."id_equipe_tournoi" = "vr"."id_equipe_tournoi"
JOIN "equipe" "e" ON "e"."id_equipe" = "et"."id_equipe"
JOIN "poule" "p" ON "p"."id_poule" = "et"."id_poule"
WHERE "et"."id_tournoi" = \'2\'
AND "et"."id_poule" = \'3\'
AND "et"."id_poule" = \'3\'
ORDER BY "vr"."points" DESC, "vr"."difference_score" DESC, "vr"."score_marque" DESC')
 4 SYSTEMPATH\Database\BaseConnection.php(635): CodeIgniter\Database\BaseConnection->simpleQuery('SELECT "vr".*, "e".*
FROM "v_resultat_par_equipe_tournoi_view_vaovao" "vr"
JOIN "equipe_tournoi" "et" ON "et"."id_equipe_tournoi" = "vr"."id_equipe_tournoi"
JOIN "equipe" "e" ON "e"."id_equipe" = "et"."id_equipe"
JOIN "poule" "p" ON "p"."id_poule" = "et"."id_poule"
WHERE "et"."id_tournoi" = \'2\'
AND "et"."id_poule" = \'3\'
AND "et"."id_poule" = \'3\'
ORDER BY "vr"."points" DESC, "vr"."difference_score" DESC, "vr"."score_marque" DESC')
 5 SYSTEMPATH\Database\BaseBuilder.php(1629): CodeIgniter\Database\BaseConnection->query('SELECT "vr".*, "e".*
FROM "v_resultat_par_equipe_tournoi_view_vaovao" "vr"
JOIN "equipe_tournoi" "et" ON "et"."id_equipe_tournoi" = "vr"."id_equipe_tournoi"
JOIN "equipe" "e" ON "e"."id_equipe" = "et"."id_equipe"
JOIN "poule" "p" ON "p"."id_poule" = "et"."id_poule"
WHERE "et"."id_tournoi" = :et.id_tournoi:
AND "et"."id_poule" = :et.id_poule:
AND "et"."id_poule" = :et.id_poule.1:
ORDER BY "vr"."points" DESC, "vr"."difference_score" DESC, "vr"."score_marque" DESC', [...], false)
 6 APPPATH\Controllers\PouleJController.php(108): CodeIgniter\Database\BaseBuilder->get()
 7 SYSTEMPATH\CodeIgniter.php(933): App\Controllers\PouleJController->get_classement_par_poule_choisi('3', '2')
 8 SYSTEMPATH\CodeIgniter.php(509): CodeIgniter\CodeIgniter->runController(Object(App\Controllers\PouleJController))
 9 SYSTEMPATH\CodeIgniter.php(355): CodeIgniter\CodeIgniter->handleRequest(null, Object(Config\Cache), false)
10 SYSTEMPATH\Boot.php(312): CodeIgniter\CodeIgniter->run()
11 SYSTEMPATH\Boot.php(67): CodeIgniter\Boot::runCodeIgniter(Object(CodeIgniter\CodeIgniter))
12 FCPATH\index.php(62): CodeIgniter\Boot::bootWeb(Object(Config\Paths))
13 SYSTEMPATH\Commands\Server\rewrite.php(49): require_once('C:\\Users\\Mialisoa\\ASA\\interprom\\interprom-back\\public\\index.php')
ERROR - 2025-05-15 19:57:56 --> ErrorException: pg_query(): Query failed: ERREUR:  la relation « v_resultat_par_equipe_tournoi_view_vaovao » n'existe pas
LINE 2: FROM &quot;v_resultat_par_equipe_tournoi_view_vaovao&quot; &quot;vr&quot;
             ^ in C:\Users\Mialisoa\ASA\interprom\interprom-back\system\Database\Postgre\Connection.php:192
Stack trace:
#0 [internal function]: CodeIgniter\Debug\Exceptions->errorHandler(2, 'pg_query(): Que...', 'C:\\Users\\Mialis...', 192)
#1 C:\Users\Mialisoa\ASA\interprom\interprom-back\system\Database\Postgre\Connection.php(192): pg_query(Object(PgSql\Connection), 'SELECT "vr".*, ...')
#2 C:\Users\Mialisoa\ASA\interprom\interprom-back\system\Database\BaseConnection.php(721): CodeIgniter\Database\Postgre\Connection->execute('SELECT "vr".*, ...')
#3 C:\Users\Mialisoa\ASA\interprom\interprom-back\system\Database\BaseConnection.php(635): CodeIgniter\Database\BaseConnection->simpleQuery('SELECT "vr".*, ...')
#4 C:\Users\Mialisoa\ASA\interprom\interprom-back\system\Database\BaseBuilder.php(1629): CodeIgniter\Database\BaseConnection->query('SELECT "vr".*, ...', Array, false)
#5 C:\Users\Mialisoa\ASA\interprom\interprom-back\app\Controllers\PouleJController.php(108): CodeIgniter\Database\BaseBuilder->get()
#6 C:\Users\Mialisoa\ASA\interprom\interprom-back\system\CodeIgniter.php(933): App\Controllers\PouleJController->get_classement_par_poule_choisi('3', '2')
#7 C:\Users\Mialisoa\ASA\interprom\interprom-back\system\CodeIgniter.php(509): CodeIgniter\CodeIgniter->runController(Object(App\Controllers\PouleJController))
#8 C:\Users\Mialisoa\ASA\interprom\interprom-back\system\CodeIgniter.php(355): CodeIgniter\CodeIgniter->handleRequest(NULL, Object(Config\Cache), false)
#9 C:\Users\Mialisoa\ASA\interprom\interprom-back\system\Boot.php(312): CodeIgniter\CodeIgniter->run()
#10 C:\Users\Mialisoa\ASA\interprom\interprom-back\system\Boot.php(67): CodeIgniter\Boot::runCodeIgniter(Object(CodeIgniter\CodeIgniter))
#11 C:\Users\Mialisoa\ASA\interprom\interprom-back\public\index.php(62): CodeIgniter\Boot::bootWeb(Object(Config\Paths))
#12 C:\Users\Mialisoa\ASA\interprom\interprom-back\system\Commands\Server\rewrite.php(49): require_once('C:\\Users\\Mialis...')
#13 {main}
CRITICAL - 2025-05-15 19:57:56 --> CodeIgniter\Database\Exceptions\DatabaseException: pg_query(): Query failed: ERREUR:  la relation « v_resultat_par_equipe_tournoi_view_vaovao » n'existe pas
LINE 2: FROM &quot;v_resultat_par_equipe_tournoi_view_vaovao&quot; &quot;vr&quot;
             ^
[Method: GET, Route: api/classement/poule_3/tournoi_2]
in SYSTEMPATH\Database\BaseConnection.php on line 675.
 1 SYSTEMPATH\Database\BaseBuilder.php(1629): CodeIgniter\Database\BaseConnection->query('SELECT "vr".*, "e".*
FROM "v_resultat_par_equipe_tournoi_view_vaovao" "vr"
JOIN "equipe_tournoi" "et" ON "et"."id_equipe_tournoi" = "vr"."id_equipe_tournoi"
JOIN "equipe" "e" ON "e"."id_equipe" = "et"."id_equipe"
JOIN "poule" "p" ON "p"."id_poule" = "et"."id_poule"
WHERE "et"."id_tournoi" = :et.id_tournoi:
AND "et"."id_poule" = :et.id_poule:
AND "et"."id_poule" = :et.id_poule.1:
ORDER BY "vr"."points" DESC, "vr"."difference_score" DESC, "vr"."score_marque" DESC', [...], false)
 2 APPPATH\Controllers\PouleJController.php(108): CodeIgniter\Database\BaseBuilder->get()
 3 SYSTEMPATH\CodeIgniter.php(933): App\Controllers\PouleJController->get_classement_par_poule_choisi('3', '2')
 4 SYSTEMPATH\CodeIgniter.php(509): CodeIgniter\CodeIgniter->runController(Object(App\Controllers\PouleJController))
 5 SYSTEMPATH\CodeIgniter.php(355): CodeIgniter\CodeIgniter->handleRequest(null, Object(Config\Cache), false)
 6 SYSTEMPATH\Boot.php(312): CodeIgniter\CodeIgniter->run()
 7 SYSTEMPATH\Boot.php(67): CodeIgniter\Boot::runCodeIgniter(Object(CodeIgniter\CodeIgniter))
 8 FCPATH\index.php(62): CodeIgniter\Boot::bootWeb(Object(Config\Paths))
 9 SYSTEMPATH\Commands\Server\rewrite.php(49): require_once('C:\\Users\\Mialisoa\\ASA\\interprom\\interprom-back\\public\\index.php')
CRITICAL - 2025-05-15 19:57:56 --> [Caused by] CodeIgniter\Database\Exceptions\DatabaseException: pg_query(): Query failed: ERREUR:  la relation « v_resultat_par_equipe_tournoi_view_vaovao » n'existe pas
LINE 2: FROM &quot;v_resultat_par_equipe_tournoi_view_vaovao&quot; &quot;vr&quot;
             ^
in SYSTEMPATH\Database\Postgre\Connection.php on line 197.
 1 SYSTEMPATH\Database\BaseConnection.php(721): CodeIgniter\Database\Postgre\Connection->execute('SELECT "vr".*, "e".*
FROM "v_resultat_par_equipe_tournoi_view_vaovao" "vr"
JOIN "equipe_tournoi" "et" ON "et"."id_equipe_tournoi" = "vr"."id_equipe_tournoi"
JOIN "equipe" "e" ON "e"."id_equipe" = "et"."id_equipe"
JOIN "poule" "p" ON "p"."id_poule" = "et"."id_poule"
WHERE "et"."id_tournoi" = \'2\'
AND "et"."id_poule" = \'3\'
AND "et"."id_poule" = \'3\'
ORDER BY "vr"."points" DESC, "vr"."difference_score" DESC, "vr"."score_marque" DESC')
 2 SYSTEMPATH\Database\BaseConnection.php(635): CodeIgniter\Database\BaseConnection->simpleQuery('SELECT "vr".*, "e".*
FROM "v_resultat_par_equipe_tournoi_view_vaovao" "vr"
JOIN "equipe_tournoi" "et" ON "et"."id_equipe_tournoi" = "vr"."id_equipe_tournoi"
JOIN "equipe" "e" ON "e"."id_equipe" = "et"."id_equipe"
JOIN "poule" "p" ON "p"."id_poule" = "et"."id_poule"
WHERE "et"."id_tournoi" = \'2\'
AND "et"."id_poule" = \'3\'
AND "et"."id_poule" = \'3\'
ORDER BY "vr"."points" DESC, "vr"."difference_score" DESC, "vr"."score_marque" DESC')
 3 SYSTEMPATH\Database\BaseBuilder.php(1629): CodeIgniter\Database\BaseConnection->query('SELECT "vr".*, "e".*
FROM "v_resultat_par_equipe_tournoi_view_vaovao" "vr"
JOIN "equipe_tournoi" "et" ON "et"."id_equipe_tournoi" = "vr"."id_equipe_tournoi"
JOIN "equipe" "e" ON "e"."id_equipe" = "et"."id_equipe"
JOIN "poule" "p" ON "p"."id_poule" = "et"."id_poule"
WHERE "et"."id_tournoi" = :et.id_tournoi:
AND "et"."id_poule" = :et.id_poule:
AND "et"."id_poule" = :et.id_poule.1:
ORDER BY "vr"."points" DESC, "vr"."difference_score" DESC, "vr"."score_marque" DESC', [...], false)
 4 APPPATH\Controllers\PouleJController.php(108): CodeIgniter\Database\BaseBuilder->get()
 5 SYSTEMPATH\CodeIgniter.php(933): App\Controllers\PouleJController->get_classement_par_poule_choisi('3', '2')
 6 SYSTEMPATH\CodeIgniter.php(509): CodeIgniter\CodeIgniter->runController(Object(App\Controllers\PouleJController))
 7 SYSTEMPATH\CodeIgniter.php(355): CodeIgniter\CodeIgniter->handleRequest(null, Object(Config\Cache), false)
 8 SYSTEMPATH\Boot.php(312): CodeIgniter\CodeIgniter->run()
 9 SYSTEMPATH\Boot.php(67): CodeIgniter\Boot::runCodeIgniter(Object(CodeIgniter\CodeIgniter))
10 FCPATH\index.php(62): CodeIgniter\Boot::bootWeb(Object(Config\Paths))
11 SYSTEMPATH\Commands\Server\rewrite.php(49): require_once('C:\\Users\\Mialisoa\\ASA\\interprom\\interprom-back\\public\\index.php')
CRITICAL - 2025-05-15 19:57:56 --> [Caused by] ErrorException: pg_query(): Query failed: ERREUR:  la relation « v_resultat_par_equipe_tournoi_view_vaovao » n'existe pas
LINE 2: FROM &quot;v_resultat_par_equipe_tournoi_view_vaovao&quot; &quot;vr&quot;
             ^
in SYSTEMPATH\Database\Postgre\Connection.php on line 192.
 1 [internal function]: CodeIgniter\Debug\Exceptions->errorHandler(2, 'pg_query(): Query failed: ERREUR:  la relation « v_resultat_par_equipe_tournoi_view_vaovao » n\'existe pas
LINE 2: FROM &quot;v_resultat_par_equipe_tournoi_view_vaovao&quot; &quot;vr&quot;
             ^', 'C:\\Users\\Mialisoa\\ASA\\interprom\\interprom-back\\system\\Database\\Postgre\\Connection.php', 192)
 2 SYSTEMPATH\Database\Postgre\Connection.php(192): pg_query(Object(PgSql\Connection), 'SELECT "vr".*, "e".*
FROM "v_resultat_par_equipe_tournoi_view_vaovao" "vr"
JOIN "equipe_tournoi" "et" ON "et"."id_equipe_tournoi" = "vr"."id_equipe_tournoi"
JOIN "equipe" "e" ON "e"."id_equipe" = "et"."id_equipe"
JOIN "poule" "p" ON "p"."id_poule" = "et"."id_poule"
WHERE "et"."id_tournoi" = \'2\'
AND "et"."id_poule" = \'3\'
AND "et"."id_poule" = \'3\'
ORDER BY "vr"."points" DESC, "vr"."difference_score" DESC, "vr"."score_marque" DESC')
 3 SYSTEMPATH\Database\BaseConnection.php(721): CodeIgniter\Database\Postgre\Connection->execute('SELECT "vr".*, "e".*
FROM "v_resultat_par_equipe_tournoi_view_vaovao" "vr"
JOIN "equipe_tournoi" "et" ON "et"."id_equipe_tournoi" = "vr"."id_equipe_tournoi"
JOIN "equipe" "e" ON "e"."id_equipe" = "et"."id_equipe"
JOIN "poule" "p" ON "p"."id_poule" = "et"."id_poule"
WHERE "et"."id_tournoi" = \'2\'
AND "et"."id_poule" = \'3\'
AND "et"."id_poule" = \'3\'
ORDER BY "vr"."points" DESC, "vr"."difference_score" DESC, "vr"."score_marque" DESC')
 4 SYSTEMPATH\Database\BaseConnection.php(635): CodeIgniter\Database\BaseConnection->simpleQuery('SELECT "vr".*, "e".*
FROM "v_resultat_par_equipe_tournoi_view_vaovao" "vr"
JOIN "equipe_tournoi" "et" ON "et"."id_equipe_tournoi" = "vr"."id_equipe_tournoi"
JOIN "equipe" "e" ON "e"."id_equipe" = "et"."id_equipe"
JOIN "poule" "p" ON "p"."id_poule" = "et"."id_poule"
WHERE "et"."id_tournoi" = \'2\'
AND "et"."id_poule" = \'3\'
AND "et"."id_poule" = \'3\'
ORDER BY "vr"."points" DESC, "vr"."difference_score" DESC, "vr"."score_marque" DESC')
 5 SYSTEMPATH\Database\BaseBuilder.php(1629): CodeIgniter\Database\BaseConnection->query('SELECT "vr".*, "e".*
FROM "v_resultat_par_equipe_tournoi_view_vaovao" "vr"
JOIN "equipe_tournoi" "et" ON "et"."id_equipe_tournoi" = "vr"."id_equipe_tournoi"
JOIN "equipe" "e" ON "e"."id_equipe" = "et"."id_equipe"
JOIN "poule" "p" ON "p"."id_poule" = "et"."id_poule"
WHERE "et"."id_tournoi" = :et.id_tournoi:
AND "et"."id_poule" = :et.id_poule:
AND "et"."id_poule" = :et.id_poule.1:
ORDER BY "vr"."points" DESC, "vr"."difference_score" DESC, "vr"."score_marque" DESC', [...], false)
 6 APPPATH\Controllers\PouleJController.php(108): CodeIgniter\Database\BaseBuilder->get()
 7 SYSTEMPATH\CodeIgniter.php(933): App\Controllers\PouleJController->get_classement_par_poule_choisi('3', '2')
 8 SYSTEMPATH\CodeIgniter.php(509): CodeIgniter\CodeIgniter->runController(Object(App\Controllers\PouleJController))
 9 SYSTEMPATH\CodeIgniter.php(355): CodeIgniter\CodeIgniter->handleRequest(null, Object(Config\Cache), false)
10 SYSTEMPATH\Boot.php(312): CodeIgniter\CodeIgniter->run()
11 SYSTEMPATH\Boot.php(67): CodeIgniter\Boot::runCodeIgniter(Object(CodeIgniter\CodeIgniter))
12 FCPATH\index.php(62): CodeIgniter\Boot::bootWeb(Object(Config\Paths))
13 SYSTEMPATH\Commands\Server\rewrite.php(49): require_once('C:\\Users\\Mialisoa\\ASA\\interprom\\interprom-back\\public\\index.php')
ERROR - 2025-05-15 19:57:58 --> ErrorException: pg_query(): Query failed: ERREUR:  la relation « v_resultat_par_equipe_tournoi_view_vaovao » n'existe pas
LINE 2: FROM &quot;v_resultat_par_equipe_tournoi_view_vaovao&quot; &quot;vr&quot;
             ^ in C:\Users\Mialisoa\ASA\interprom\interprom-back\system\Database\Postgre\Connection.php:192
Stack trace:
#0 [internal function]: CodeIgniter\Debug\Exceptions->errorHandler(2, 'pg_query(): Que...', 'C:\\Users\\Mialis...', 192)
#1 C:\Users\Mialisoa\ASA\interprom\interprom-back\system\Database\Postgre\Connection.php(192): pg_query(Object(PgSql\Connection), 'SELECT "vr".*, ...')
#2 C:\Users\Mialisoa\ASA\interprom\interprom-back\system\Database\BaseConnection.php(721): CodeIgniter\Database\Postgre\Connection->execute('SELECT "vr".*, ...')
#3 C:\Users\Mialisoa\ASA\interprom\interprom-back\system\Database\BaseConnection.php(635): CodeIgniter\Database\BaseConnection->simpleQuery('SELECT "vr".*, ...')
#4 C:\Users\Mialisoa\ASA\interprom\interprom-back\system\Database\BaseBuilder.php(1629): CodeIgniter\Database\BaseConnection->query('SELECT "vr".*, ...', Array, false)
#5 C:\Users\Mialisoa\ASA\interprom\interprom-back\app\Controllers\PouleJController.php(108): CodeIgniter\Database\BaseBuilder->get()
#6 C:\Users\Mialisoa\ASA\interprom\interprom-back\system\CodeIgniter.php(933): App\Controllers\PouleJController->get_classement_par_poule_choisi('3', '2')
#7 C:\Users\Mialisoa\ASA\interprom\interprom-back\system\CodeIgniter.php(509): CodeIgniter\CodeIgniter->runController(Object(App\Controllers\PouleJController))
#8 C:\Users\Mialisoa\ASA\interprom\interprom-back\system\CodeIgniter.php(355): CodeIgniter\CodeIgniter->handleRequest(NULL, Object(Config\Cache), false)
#9 C:\Users\Mialisoa\ASA\interprom\interprom-back\system\Boot.php(312): CodeIgniter\CodeIgniter->run()
#10 C:\Users\Mialisoa\ASA\interprom\interprom-back\system\Boot.php(67): CodeIgniter\Boot::runCodeIgniter(Object(CodeIgniter\CodeIgniter))
#11 C:\Users\Mialisoa\ASA\interprom\interprom-back\public\index.php(62): CodeIgniter\Boot::bootWeb(Object(Config\Paths))
#12 C:\Users\Mialisoa\ASA\interprom\interprom-back\system\Commands\Server\rewrite.php(49): require_once('C:\\Users\\Mialis...')
#13 {main}
CRITICAL - 2025-05-15 19:57:58 --> CodeIgniter\Database\Exceptions\DatabaseException: pg_query(): Query failed: ERREUR:  la relation « v_resultat_par_equipe_tournoi_view_vaovao » n'existe pas
LINE 2: FROM &quot;v_resultat_par_equipe_tournoi_view_vaovao&quot; &quot;vr&quot;
             ^
[Method: GET, Route: api/classement/poule_3/tournoi_2]
in SYSTEMPATH\Database\BaseConnection.php on line 675.
 1 SYSTEMPATH\Database\BaseBuilder.php(1629): CodeIgniter\Database\BaseConnection->query('SELECT "vr".*, "e".*
FROM "v_resultat_par_equipe_tournoi_view_vaovao" "vr"
JOIN "equipe_tournoi" "et" ON "et"."id_equipe_tournoi" = "vr"."id_equipe_tournoi"
JOIN "equipe" "e" ON "e"."id_equipe" = "et"."id_equipe"
JOIN "poule" "p" ON "p"."id_poule" = "et"."id_poule"
WHERE "et"."id_tournoi" = :et.id_tournoi:
AND "et"."id_poule" = :et.id_poule:
AND "et"."id_poule" = :et.id_poule.1:
ORDER BY "vr"."points" DESC, "vr"."difference_score" DESC, "vr"."score_marque" DESC', [...], false)
 2 APPPATH\Controllers\PouleJController.php(108): CodeIgniter\Database\BaseBuilder->get()
 3 SYSTEMPATH\CodeIgniter.php(933): App\Controllers\PouleJController->get_classement_par_poule_choisi('3', '2')
 4 SYSTEMPATH\CodeIgniter.php(509): CodeIgniter\CodeIgniter->runController(Object(App\Controllers\PouleJController))
 5 SYSTEMPATH\CodeIgniter.php(355): CodeIgniter\CodeIgniter->handleRequest(null, Object(Config\Cache), false)
 6 SYSTEMPATH\Boot.php(312): CodeIgniter\CodeIgniter->run()
 7 SYSTEMPATH\Boot.php(67): CodeIgniter\Boot::runCodeIgniter(Object(CodeIgniter\CodeIgniter))
 8 FCPATH\index.php(62): CodeIgniter\Boot::bootWeb(Object(Config\Paths))
 9 SYSTEMPATH\Commands\Server\rewrite.php(49): require_once('C:\\Users\\Mialisoa\\ASA\\interprom\\interprom-back\\public\\index.php')
CRITICAL - 2025-05-15 19:57:58 --> [Caused by] CodeIgniter\Database\Exceptions\DatabaseException: pg_query(): Query failed: ERREUR:  la relation « v_resultat_par_equipe_tournoi_view_vaovao » n'existe pas
LINE 2: FROM &quot;v_resultat_par_equipe_tournoi_view_vaovao&quot; &quot;vr&quot;
             ^
in SYSTEMPATH\Database\Postgre\Connection.php on line 197.
 1 SYSTEMPATH\Database\BaseConnection.php(721): CodeIgniter\Database\Postgre\Connection->execute('SELECT "vr".*, "e".*
FROM "v_resultat_par_equipe_tournoi_view_vaovao" "vr"
JOIN "equipe_tournoi" "et" ON "et"."id_equipe_tournoi" = "vr"."id_equipe_tournoi"
JOIN "equipe" "e" ON "e"."id_equipe" = "et"."id_equipe"
JOIN "poule" "p" ON "p"."id_poule" = "et"."id_poule"
WHERE "et"."id_tournoi" = \'2\'
AND "et"."id_poule" = \'3\'
AND "et"."id_poule" = \'3\'
ORDER BY "vr"."points" DESC, "vr"."difference_score" DESC, "vr"."score_marque" DESC')
 2 SYSTEMPATH\Database\BaseConnection.php(635): CodeIgniter\Database\BaseConnection->simpleQuery('SELECT "vr".*, "e".*
FROM "v_resultat_par_equipe_tournoi_view_vaovao" "vr"
JOIN "equipe_tournoi" "et" ON "et"."id_equipe_tournoi" = "vr"."id_equipe_tournoi"
JOIN "equipe" "e" ON "e"."id_equipe" = "et"."id_equipe"
JOIN "poule" "p" ON "p"."id_poule" = "et"."id_poule"
WHERE "et"."id_tournoi" = \'2\'
AND "et"."id_poule" = \'3\'
AND "et"."id_poule" = \'3\'
ORDER BY "vr"."points" DESC, "vr"."difference_score" DESC, "vr"."score_marque" DESC')
 3 SYSTEMPATH\Database\BaseBuilder.php(1629): CodeIgniter\Database\BaseConnection->query('SELECT "vr".*, "e".*
FROM "v_resultat_par_equipe_tournoi_view_vaovao" "vr"
JOIN "equipe_tournoi" "et" ON "et"."id_equipe_tournoi" = "vr"."id_equipe_tournoi"
JOIN "equipe" "e" ON "e"."id_equipe" = "et"."id_equipe"
JOIN "poule" "p" ON "p"."id_poule" = "et"."id_poule"
WHERE "et"."id_tournoi" = :et.id_tournoi:
AND "et"."id_poule" = :et.id_poule:
AND "et"."id_poule" = :et.id_poule.1:
ORDER BY "vr"."points" DESC, "vr"."difference_score" DESC, "vr"."score_marque" DESC', [...], false)
 4 APPPATH\Controllers\PouleJController.php(108): CodeIgniter\Database\BaseBuilder->get()
 5 SYSTEMPATH\CodeIgniter.php(933): App\Controllers\PouleJController->get_classement_par_poule_choisi('3', '2')
 6 SYSTEMPATH\CodeIgniter.php(509): CodeIgniter\CodeIgniter->runController(Object(App\Controllers\PouleJController))
 7 SYSTEMPATH\CodeIgniter.php(355): CodeIgniter\CodeIgniter->handleRequest(null, Object(Config\Cache), false)
 8 SYSTEMPATH\Boot.php(312): CodeIgniter\CodeIgniter->run()
 9 SYSTEMPATH\Boot.php(67): CodeIgniter\Boot::runCodeIgniter(Object(CodeIgniter\CodeIgniter))
10 FCPATH\index.php(62): CodeIgniter\Boot::bootWeb(Object(Config\Paths))
11 SYSTEMPATH\Commands\Server\rewrite.php(49): require_once('C:\\Users\\Mialisoa\\ASA\\interprom\\interprom-back\\public\\index.php')
CRITICAL - 2025-05-15 19:57:58 --> [Caused by] ErrorException: pg_query(): Query failed: ERREUR:  la relation « v_resultat_par_equipe_tournoi_view_vaovao » n'existe pas
LINE 2: FROM &quot;v_resultat_par_equipe_tournoi_view_vaovao&quot; &quot;vr&quot;
             ^
in SYSTEMPATH\Database\Postgre\Connection.php on line 192.
 1 [internal function]: CodeIgniter\Debug\Exceptions->errorHandler(2, 'pg_query(): Query failed: ERREUR:  la relation « v_resultat_par_equipe_tournoi_view_vaovao » n\'existe pas
LINE 2: FROM &quot;v_resultat_par_equipe_tournoi_view_vaovao&quot; &quot;vr&quot;
             ^', 'C:\\Users\\Mialisoa\\ASA\\interprom\\interprom-back\\system\\Database\\Postgre\\Connection.php', 192)
 2 SYSTEMPATH\Database\Postgre\Connection.php(192): pg_query(Object(PgSql\Connection), 'SELECT "vr".*, "e".*
FROM "v_resultat_par_equipe_tournoi_view_vaovao" "vr"
JOIN "equipe_tournoi" "et" ON "et"."id_equipe_tournoi" = "vr"."id_equipe_tournoi"
JOIN "equipe" "e" ON "e"."id_equipe" = "et"."id_equipe"
JOIN "poule" "p" ON "p"."id_poule" = "et"."id_poule"
WHERE "et"."id_tournoi" = \'2\'
AND "et"."id_poule" = \'3\'
AND "et"."id_poule" = \'3\'
ORDER BY "vr"."points" DESC, "vr"."difference_score" DESC, "vr"."score_marque" DESC')
 3 SYSTEMPATH\Database\BaseConnection.php(721): CodeIgniter\Database\Postgre\Connection->execute('SELECT "vr".*, "e".*
FROM "v_resultat_par_equipe_tournoi_view_vaovao" "vr"
JOIN "equipe_tournoi" "et" ON "et"."id_equipe_tournoi" = "vr"."id_equipe_tournoi"
JOIN "equipe" "e" ON "e"."id_equipe" = "et"."id_equipe"
JOIN "poule" "p" ON "p"."id_poule" = "et"."id_poule"
WHERE "et"."id_tournoi" = \'2\'
AND "et"."id_poule" = \'3\'
AND "et"."id_poule" = \'3\'
ORDER BY "vr"."points" DESC, "vr"."difference_score" DESC, "vr"."score_marque" DESC')
 4 SYSTEMPATH\Database\BaseConnection.php(635): CodeIgniter\Database\BaseConnection->simpleQuery('SELECT "vr".*, "e".*
FROM "v_resultat_par_equipe_tournoi_view_vaovao" "vr"
JOIN "equipe_tournoi" "et" ON "et"."id_equipe_tournoi" = "vr"."id_equipe_tournoi"
JOIN "equipe" "e" ON "e"."id_equipe" = "et"."id_equipe"
JOIN "poule" "p" ON "p"."id_poule" = "et"."id_poule"
WHERE "et"."id_tournoi" = \'2\'
AND "et"."id_poule" = \'3\'
AND "et"."id_poule" = \'3\'
ORDER BY "vr"."points" DESC, "vr"."difference_score" DESC, "vr"."score_marque" DESC')
 5 SYSTEMPATH\Database\BaseBuilder.php(1629): CodeIgniter\Database\BaseConnection->query('SELECT "vr".*, "e".*
FROM "v_resultat_par_equipe_tournoi_view_vaovao" "vr"
JOIN "equipe_tournoi" "et" ON "et"."id_equipe_tournoi" = "vr"."id_equipe_tournoi"
JOIN "equipe" "e" ON "e"."id_equipe" = "et"."id_equipe"
JOIN "poule" "p" ON "p"."id_poule" = "et"."id_poule"
WHERE "et"."id_tournoi" = :et.id_tournoi:
AND "et"."id_poule" = :et.id_poule:
AND "et"."id_poule" = :et.id_poule.1:
ORDER BY "vr"."points" DESC, "vr"."difference_score" DESC, "vr"."score_marque" DESC', [...], false)
 6 APPPATH\Controllers\PouleJController.php(108): CodeIgniter\Database\BaseBuilder->get()
 7 SYSTEMPATH\CodeIgniter.php(933): App\Controllers\PouleJController->get_classement_par_poule_choisi('3', '2')
 8 SYSTEMPATH\CodeIgniter.php(509): CodeIgniter\CodeIgniter->runController(Object(App\Controllers\PouleJController))
 9 SYSTEMPATH\CodeIgniter.php(355): CodeIgniter\CodeIgniter->handleRequest(null, Object(Config\Cache), false)
10 SYSTEMPATH\Boot.php(312): CodeIgniter\CodeIgniter->run()
11 SYSTEMPATH\Boot.php(67): CodeIgniter\Boot::runCodeIgniter(Object(CodeIgniter\CodeIgniter))
12 FCPATH\index.php(62): CodeIgniter\Boot::bootWeb(Object(Config\Paths))
13 SYSTEMPATH\Commands\Server\rewrite.php(49): require_once('C:\\Users\\Mialisoa\\ASA\\interprom\\interprom-back\\public\\index.php')
ERROR - 2025-05-15 19:58:02 --> ErrorException: pg_query(): Query failed: ERREUR:  la relation « v_resultat_par_equipe_tournoi_view_vaovao » n'existe pas
LINE 2: FROM &quot;v_resultat_par_equipe_tournoi_view_vaovao&quot; &quot;vr&quot;
             ^ in C:\Users\Mialisoa\ASA\interprom\interprom-back\system\Database\Postgre\Connection.php:192
Stack trace:
#0 [internal function]: CodeIgniter\Debug\Exceptions->errorHandler(2, 'pg_query(): Que...', 'C:\\Users\\Mialis...', 192)
#1 C:\Users\Mialisoa\ASA\interprom\interprom-back\system\Database\Postgre\Connection.php(192): pg_query(Object(PgSql\Connection), 'SELECT "vr".*, ...')
#2 C:\Users\Mialisoa\ASA\interprom\interprom-back\system\Database\BaseConnection.php(721): CodeIgniter\Database\Postgre\Connection->execute('SELECT "vr".*, ...')
#3 C:\Users\Mialisoa\ASA\interprom\interprom-back\system\Database\BaseConnection.php(635): CodeIgniter\Database\BaseConnection->simpleQuery('SELECT "vr".*, ...')
#4 C:\Users\Mialisoa\ASA\interprom\interprom-back\system\Database\BaseBuilder.php(1629): CodeIgniter\Database\BaseConnection->query('SELECT "vr".*, ...', Array, false)
#5 C:\Users\Mialisoa\ASA\interprom\interprom-back\app\Controllers\PouleJController.php(108): CodeIgniter\Database\BaseBuilder->get()
#6 C:\Users\Mialisoa\ASA\interprom\interprom-back\system\CodeIgniter.php(933): App\Controllers\PouleJController->get_classement_par_poule_choisi('3', '2')
#7 C:\Users\Mialisoa\ASA\interprom\interprom-back\system\CodeIgniter.php(509): CodeIgniter\CodeIgniter->runController(Object(App\Controllers\PouleJController))
#8 C:\Users\Mialisoa\ASA\interprom\interprom-back\system\CodeIgniter.php(355): CodeIgniter\CodeIgniter->handleRequest(NULL, Object(Config\Cache), false)
#9 C:\Users\Mialisoa\ASA\interprom\interprom-back\system\Boot.php(312): CodeIgniter\CodeIgniter->run()
#10 C:\Users\Mialisoa\ASA\interprom\interprom-back\system\Boot.php(67): CodeIgniter\Boot::runCodeIgniter(Object(CodeIgniter\CodeIgniter))
#11 C:\Users\Mialisoa\ASA\interprom\interprom-back\public\index.php(62): CodeIgniter\Boot::bootWeb(Object(Config\Paths))
#12 C:\Users\Mialisoa\ASA\interprom\interprom-back\system\Commands\Server\rewrite.php(49): require_once('C:\\Users\\Mialis...')
#13 {main}
CRITICAL - 2025-05-15 19:58:02 --> CodeIgniter\Database\Exceptions\DatabaseException: pg_query(): Query failed: ERREUR:  la relation « v_resultat_par_equipe_tournoi_view_vaovao » n'existe pas
LINE 2: FROM &quot;v_resultat_par_equipe_tournoi_view_vaovao&quot; &quot;vr&quot;
             ^
[Method: GET, Route: api/classement/poule_3/tournoi_2]
in SYSTEMPATH\Database\BaseConnection.php on line 675.
 1 SYSTEMPATH\Database\BaseBuilder.php(1629): CodeIgniter\Database\BaseConnection->query('SELECT "vr".*, "e".*
FROM "v_resultat_par_equipe_tournoi_view_vaovao" "vr"
JOIN "equipe_tournoi" "et" ON "et"."id_equipe_tournoi" = "vr"."id_equipe_tournoi"
JOIN "equipe" "e" ON "e"."id_equipe" = "et"."id_equipe"
JOIN "poule" "p" ON "p"."id_poule" = "et"."id_poule"
WHERE "et"."id_tournoi" = :et.id_tournoi:
AND "et"."id_poule" = :et.id_poule:
AND "et"."id_poule" = :et.id_poule.1:
ORDER BY "vr"."points" DESC, "vr"."difference_score" DESC, "vr"."score_marque" DESC', [...], false)
 2 APPPATH\Controllers\PouleJController.php(108): CodeIgniter\Database\BaseBuilder->get()
 3 SYSTEMPATH\CodeIgniter.php(933): App\Controllers\PouleJController->get_classement_par_poule_choisi('3', '2')
 4 SYSTEMPATH\CodeIgniter.php(509): CodeIgniter\CodeIgniter->runController(Object(App\Controllers\PouleJController))
 5 SYSTEMPATH\CodeIgniter.php(355): CodeIgniter\CodeIgniter->handleRequest(null, Object(Config\Cache), false)
 6 SYSTEMPATH\Boot.php(312): CodeIgniter\CodeIgniter->run()
 7 SYSTEMPATH\Boot.php(67): CodeIgniter\Boot::runCodeIgniter(Object(CodeIgniter\CodeIgniter))
 8 FCPATH\index.php(62): CodeIgniter\Boot::bootWeb(Object(Config\Paths))
 9 SYSTEMPATH\Commands\Server\rewrite.php(49): require_once('C:\\Users\\Mialisoa\\ASA\\interprom\\interprom-back\\public\\index.php')
CRITICAL - 2025-05-15 19:58:02 --> [Caused by] CodeIgniter\Database\Exceptions\DatabaseException: pg_query(): Query failed: ERREUR:  la relation « v_resultat_par_equipe_tournoi_view_vaovao » n'existe pas
LINE 2: FROM &quot;v_resultat_par_equipe_tournoi_view_vaovao&quot; &quot;vr&quot;
             ^
in SYSTEMPATH\Database\Postgre\Connection.php on line 197.
 1 SYSTEMPATH\Database\BaseConnection.php(721): CodeIgniter\Database\Postgre\Connection->execute('SELECT "vr".*, "e".*
FROM "v_resultat_par_equipe_tournoi_view_vaovao" "vr"
JOIN "equipe_tournoi" "et" ON "et"."id_equipe_tournoi" = "vr"."id_equipe_tournoi"
JOIN "equipe" "e" ON "e"."id_equipe" = "et"."id_equipe"
JOIN "poule" "p" ON "p"."id_poule" = "et"."id_poule"
WHERE "et"."id_tournoi" = \'2\'
AND "et"."id_poule" = \'3\'
AND "et"."id_poule" = \'3\'
ORDER BY "vr"."points" DESC, "vr"."difference_score" DESC, "vr"."score_marque" DESC')
 2 SYSTEMPATH\Database\BaseConnection.php(635): CodeIgniter\Database\BaseConnection->simpleQuery('SELECT "vr".*, "e".*
FROM "v_resultat_par_equipe_tournoi_view_vaovao" "vr"
JOIN "equipe_tournoi" "et" ON "et"."id_equipe_tournoi" = "vr"."id_equipe_tournoi"
JOIN "equipe" "e" ON "e"."id_equipe" = "et"."id_equipe"
JOIN "poule" "p" ON "p"."id_poule" = "et"."id_poule"
WHERE "et"."id_tournoi" = \'2\'
AND "et"."id_poule" = \'3\'
AND "et"."id_poule" = \'3\'
ORDER BY "vr"."points" DESC, "vr"."difference_score" DESC, "vr"."score_marque" DESC')
 3 SYSTEMPATH\Database\BaseBuilder.php(1629): CodeIgniter\Database\BaseConnection->query('SELECT "vr".*, "e".*
FROM "v_resultat_par_equipe_tournoi_view_vaovao" "vr"
JOIN "equipe_tournoi" "et" ON "et"."id_equipe_tournoi" = "vr"."id_equipe_tournoi"
JOIN "equipe" "e" ON "e"."id_equipe" = "et"."id_equipe"
JOIN "poule" "p" ON "p"."id_poule" = "et"."id_poule"
WHERE "et"."id_tournoi" = :et.id_tournoi:
AND "et"."id_poule" = :et.id_poule:
AND "et"."id_poule" = :et.id_poule.1:
ORDER BY "vr"."points" DESC, "vr"."difference_score" DESC, "vr"."score_marque" DESC', [...], false)
 4 APPPATH\Controllers\PouleJController.php(108): CodeIgniter\Database\BaseBuilder->get()
 5 SYSTEMPATH\CodeIgniter.php(933): App\Controllers\PouleJController->get_classement_par_poule_choisi('3', '2')
 6 SYSTEMPATH\CodeIgniter.php(509): CodeIgniter\CodeIgniter->runController(Object(App\Controllers\PouleJController))
 7 SYSTEMPATH\CodeIgniter.php(355): CodeIgniter\CodeIgniter->handleRequest(null, Object(Config\Cache), false)
 8 SYSTEMPATH\Boot.php(312): CodeIgniter\CodeIgniter->run()
 9 SYSTEMPATH\Boot.php(67): CodeIgniter\Boot::runCodeIgniter(Object(CodeIgniter\CodeIgniter))
10 FCPATH\index.php(62): CodeIgniter\Boot::bootWeb(Object(Config\Paths))
11 SYSTEMPATH\Commands\Server\rewrite.php(49): require_once('C:\\Users\\Mialisoa\\ASA\\interprom\\interprom-back\\public\\index.php')
CRITICAL - 2025-05-15 19:58:02 --> [Caused by] ErrorException: pg_query(): Query failed: ERREUR:  la relation « v_resultat_par_equipe_tournoi_view_vaovao » n'existe pas
LINE 2: FROM &quot;v_resultat_par_equipe_tournoi_view_vaovao&quot; &quot;vr&quot;
             ^
in SYSTEMPATH\Database\Postgre\Connection.php on line 192.
 1 [internal function]: CodeIgniter\Debug\Exceptions->errorHandler(2, 'pg_query(): Query failed: ERREUR:  la relation « v_resultat_par_equipe_tournoi_view_vaovao » n\'existe pas
LINE 2: FROM &quot;v_resultat_par_equipe_tournoi_view_vaovao&quot; &quot;vr&quot;
             ^', 'C:\\Users\\Mialisoa\\ASA\\interprom\\interprom-back\\system\\Database\\Postgre\\Connection.php', 192)
 2 SYSTEMPATH\Database\Postgre\Connection.php(192): pg_query(Object(PgSql\Connection), 'SELECT "vr".*, "e".*
FROM "v_resultat_par_equipe_tournoi_view_vaovao" "vr"
JOIN "equipe_tournoi" "et" ON "et"."id_equipe_tournoi" = "vr"."id_equipe_tournoi"
JOIN "equipe" "e" ON "e"."id_equipe" = "et"."id_equipe"
JOIN "poule" "p" ON "p"."id_poule" = "et"."id_poule"
WHERE "et"."id_tournoi" = \'2\'
AND "et"."id_poule" = \'3\'
AND "et"."id_poule" = \'3\'
ORDER BY "vr"."points" DESC, "vr"."difference_score" DESC, "vr"."score_marque" DESC')
 3 SYSTEMPATH\Database\BaseConnection.php(721): CodeIgniter\Database\Postgre\Connection->execute('SELECT "vr".*, "e".*
FROM "v_resultat_par_equipe_tournoi_view_vaovao" "vr"
JOIN "equipe_tournoi" "et" ON "et"."id_equipe_tournoi" = "vr"."id_equipe_tournoi"
JOIN "equipe" "e" ON "e"."id_equipe" = "et"."id_equipe"
JOIN "poule" "p" ON "p"."id_poule" = "et"."id_poule"
WHERE "et"."id_tournoi" = \'2\'
AND "et"."id_poule" = \'3\'
AND "et"."id_poule" = \'3\'
ORDER BY "vr"."points" DESC, "vr"."difference_score" DESC, "vr"."score_marque" DESC')
 4 SYSTEMPATH\Database\BaseConnection.php(635): CodeIgniter\Database\BaseConnection->simpleQuery('SELECT "vr".*, "e".*
FROM "v_resultat_par_equipe_tournoi_view_vaovao" "vr"
JOIN "equipe_tournoi" "et" ON "et"."id_equipe_tournoi" = "vr"."id_equipe_tournoi"
JOIN "equipe" "e" ON "e"."id_equipe" = "et"."id_equipe"
JOIN "poule" "p" ON "p"."id_poule" = "et"."id_poule"
WHERE "et"."id_tournoi" = \'2\'
AND "et"."id_poule" = \'3\'
AND "et"."id_poule" = \'3\'
ORDER BY "vr"."points" DESC, "vr"."difference_score" DESC, "vr"."score_marque" DESC')
 5 SYSTEMPATH\Database\BaseBuilder.php(1629): CodeIgniter\Database\BaseConnection->query('SELECT "vr".*, "e".*
FROM "v_resultat_par_equipe_tournoi_view_vaovao" "vr"
JOIN "equipe_tournoi" "et" ON "et"."id_equipe_tournoi" = "vr"."id_equipe_tournoi"
JOIN "equipe" "e" ON "e"."id_equipe" = "et"."id_equipe"
JOIN "poule" "p" ON "p"."id_poule" = "et"."id_poule"
WHERE "et"."id_tournoi" = :et.id_tournoi:
AND "et"."id_poule" = :et.id_poule:
AND "et"."id_poule" = :et.id_poule.1:
ORDER BY "vr"."points" DESC, "vr"."difference_score" DESC, "vr"."score_marque" DESC', [...], false)
 6 APPPATH\Controllers\PouleJController.php(108): CodeIgniter\Database\BaseBuilder->get()
 7 SYSTEMPATH\CodeIgniter.php(933): App\Controllers\PouleJController->get_classement_par_poule_choisi('3', '2')
 8 SYSTEMPATH\CodeIgniter.php(509): CodeIgniter\CodeIgniter->runController(Object(App\Controllers\PouleJController))
 9 SYSTEMPATH\CodeIgniter.php(355): CodeIgniter\CodeIgniter->handleRequest(null, Object(Config\Cache), false)
10 SYSTEMPATH\Boot.php(312): CodeIgniter\CodeIgniter->run()
11 SYSTEMPATH\Boot.php(67): CodeIgniter\Boot::runCodeIgniter(Object(CodeIgniter\CodeIgniter))
12 FCPATH\index.php(62): CodeIgniter\Boot::bootWeb(Object(Config\Paths))
13 SYSTEMPATH\Commands\Server\rewrite.php(49): require_once('C:\\Users\\Mialisoa\\ASA\\interprom\\interprom-back\\public\\index.php')
ERROR - 2025-05-15 19:58:32 --> ErrorException: pg_query(): Query failed: ERREUR:  la relation « v_resultat_par_equipe_tournoi_view_vaovao » n'existe pas
LINE 2: FROM &quot;v_resultat_par_equipe_tournoi_view_vaovao&quot; &quot;vr&quot;
             ^ in C:\Users\Mialisoa\ASA\interprom\interprom-back\system\Database\Postgre\Connection.php:192
Stack trace:
#0 [internal function]: CodeIgniter\Debug\Exceptions->errorHandler(2, 'pg_query(): Que...', 'C:\\Users\\Mialis...', 192)
#1 C:\Users\Mialisoa\ASA\interprom\interprom-back\system\Database\Postgre\Connection.php(192): pg_query(Object(PgSql\Connection), 'SELECT "vr".*, ...')
#2 C:\Users\Mialisoa\ASA\interprom\interprom-back\system\Database\BaseConnection.php(721): CodeIgniter\Database\Postgre\Connection->execute('SELECT "vr".*, ...')
#3 C:\Users\Mialisoa\ASA\interprom\interprom-back\system\Database\BaseConnection.php(635): CodeIgniter\Database\BaseConnection->simpleQuery('SELECT "vr".*, ...')
#4 C:\Users\Mialisoa\ASA\interprom\interprom-back\system\Database\BaseBuilder.php(1629): CodeIgniter\Database\BaseConnection->query('SELECT "vr".*, ...', Array, false)
#5 C:\Users\Mialisoa\ASA\interprom\interprom-back\app\Controllers\PouleJController.php(108): CodeIgniter\Database\BaseBuilder->get()
#6 C:\Users\Mialisoa\ASA\interprom\interprom-back\system\CodeIgniter.php(933): App\Controllers\PouleJController->get_classement_par_poule_choisi('3', '2')
#7 C:\Users\Mialisoa\ASA\interprom\interprom-back\system\CodeIgniter.php(509): CodeIgniter\CodeIgniter->runController(Object(App\Controllers\PouleJController))
#8 C:\Users\Mialisoa\ASA\interprom\interprom-back\system\CodeIgniter.php(355): CodeIgniter\CodeIgniter->handleRequest(NULL, Object(Config\Cache), false)
#9 C:\Users\Mialisoa\ASA\interprom\interprom-back\system\Boot.php(312): CodeIgniter\CodeIgniter->run()
#10 C:\Users\Mialisoa\ASA\interprom\interprom-back\system\Boot.php(67): CodeIgniter\Boot::runCodeIgniter(Object(CodeIgniter\CodeIgniter))
#11 C:\Users\Mialisoa\ASA\interprom\interprom-back\public\index.php(62): CodeIgniter\Boot::bootWeb(Object(Config\Paths))
#12 C:\Users\Mialisoa\ASA\interprom\interprom-back\system\Commands\Server\rewrite.php(49): require_once('C:\\Users\\Mialis...')
#13 {main}
CRITICAL - 2025-05-15 19:58:32 --> CodeIgniter\Database\Exceptions\DatabaseException: pg_query(): Query failed: ERREUR:  la relation « v_resultat_par_equipe_tournoi_view_vaovao » n'existe pas
LINE 2: FROM &quot;v_resultat_par_equipe_tournoi_view_vaovao&quot; &quot;vr&quot;
             ^
[Method: GET, Route: api/classement/poule_3/tournoi_2]
in SYSTEMPATH\Database\BaseConnection.php on line 675.
 1 SYSTEMPATH\Database\BaseBuilder.php(1629): CodeIgniter\Database\BaseConnection->query('SELECT "vr".*, "e".*
FROM "v_resultat_par_equipe_tournoi_view_vaovao" "vr"
JOIN "equipe_tournoi" "et" ON "et"."id_equipe_tournoi" = "vr"."id_equipe_tournoi"
JOIN "equipe" "e" ON "e"."id_equipe" = "et"."id_equipe"
JOIN "poule" "p" ON "p"."id_poule" = "et"."id_poule"
WHERE "et"."id_tournoi" = :et.id_tournoi:
AND "et"."id_poule" = :et.id_poule:
AND "et"."id_poule" = :et.id_poule.1:
ORDER BY "vr"."points" DESC, "vr"."difference_score" DESC, "vr"."score_marque" DESC', [...], false)
 2 APPPATH\Controllers\PouleJController.php(108): CodeIgniter\Database\BaseBuilder->get()
 3 SYSTEMPATH\CodeIgniter.php(933): App\Controllers\PouleJController->get_classement_par_poule_choisi('3', '2')
 4 SYSTEMPATH\CodeIgniter.php(509): CodeIgniter\CodeIgniter->runController(Object(App\Controllers\PouleJController))
 5 SYSTEMPATH\CodeIgniter.php(355): CodeIgniter\CodeIgniter->handleRequest(null, Object(Config\Cache), false)
 6 SYSTEMPATH\Boot.php(312): CodeIgniter\CodeIgniter->run()
 7 SYSTEMPATH\Boot.php(67): CodeIgniter\Boot::runCodeIgniter(Object(CodeIgniter\CodeIgniter))
 8 FCPATH\index.php(62): CodeIgniter\Boot::bootWeb(Object(Config\Paths))
 9 SYSTEMPATH\Commands\Server\rewrite.php(49): require_once('C:\\Users\\Mialisoa\\ASA\\interprom\\interprom-back\\public\\index.php')
CRITICAL - 2025-05-15 19:58:32 --> [Caused by] CodeIgniter\Database\Exceptions\DatabaseException: pg_query(): Query failed: ERREUR:  la relation « v_resultat_par_equipe_tournoi_view_vaovao » n'existe pas
LINE 2: FROM &quot;v_resultat_par_equipe_tournoi_view_vaovao&quot; &quot;vr&quot;
             ^
in SYSTEMPATH\Database\Postgre\Connection.php on line 197.
 1 SYSTEMPATH\Database\BaseConnection.php(721): CodeIgniter\Database\Postgre\Connection->execute('SELECT "vr".*, "e".*
FROM "v_resultat_par_equipe_tournoi_view_vaovao" "vr"
JOIN "equipe_tournoi" "et" ON "et"."id_equipe_tournoi" = "vr"."id_equipe_tournoi"
JOIN "equipe" "e" ON "e"."id_equipe" = "et"."id_equipe"
JOIN "poule" "p" ON "p"."id_poule" = "et"."id_poule"
WHERE "et"."id_tournoi" = \'2\'
AND "et"."id_poule" = \'3\'
AND "et"."id_poule" = \'3\'
ORDER BY "vr"."points" DESC, "vr"."difference_score" DESC, "vr"."score_marque" DESC')
 2 SYSTEMPATH\Database\BaseConnection.php(635): CodeIgniter\Database\BaseConnection->simpleQuery('SELECT "vr".*, "e".*
FROM "v_resultat_par_equipe_tournoi_view_vaovao" "vr"
JOIN "equipe_tournoi" "et" ON "et"."id_equipe_tournoi" = "vr"."id_equipe_tournoi"
JOIN "equipe" "e" ON "e"."id_equipe" = "et"."id_equipe"
JOIN "poule" "p" ON "p"."id_poule" = "et"."id_poule"
WHERE "et"."id_tournoi" = \'2\'
AND "et"."id_poule" = \'3\'
AND "et"."id_poule" = \'3\'
ORDER BY "vr"."points" DESC, "vr"."difference_score" DESC, "vr"."score_marque" DESC')
 3 SYSTEMPATH\Database\BaseBuilder.php(1629): CodeIgniter\Database\BaseConnection->query('SELECT "vr".*, "e".*
FROM "v_resultat_par_equipe_tournoi_view_vaovao" "vr"
JOIN "equipe_tournoi" "et" ON "et"."id_equipe_tournoi" = "vr"."id_equipe_tournoi"
JOIN "equipe" "e" ON "e"."id_equipe" = "et"."id_equipe"
JOIN "poule" "p" ON "p"."id_poule" = "et"."id_poule"
WHERE "et"."id_tournoi" = :et.id_tournoi:
AND "et"."id_poule" = :et.id_poule:
AND "et"."id_poule" = :et.id_poule.1:
ORDER BY "vr"."points" DESC, "vr"."difference_score" DESC, "vr"."score_marque" DESC', [...], false)
 4 APPPATH\Controllers\PouleJController.php(108): CodeIgniter\Database\BaseBuilder->get()
 5 SYSTEMPATH\CodeIgniter.php(933): App\Controllers\PouleJController->get_classement_par_poule_choisi('3', '2')
 6 SYSTEMPATH\CodeIgniter.php(509): CodeIgniter\CodeIgniter->runController(Object(App\Controllers\PouleJController))
 7 SYSTEMPATH\CodeIgniter.php(355): CodeIgniter\CodeIgniter->handleRequest(null, Object(Config\Cache), false)
 8 SYSTEMPATH\Boot.php(312): CodeIgniter\CodeIgniter->run()
 9 SYSTEMPATH\Boot.php(67): CodeIgniter\Boot::runCodeIgniter(Object(CodeIgniter\CodeIgniter))
10 FCPATH\index.php(62): CodeIgniter\Boot::bootWeb(Object(Config\Paths))
11 SYSTEMPATH\Commands\Server\rewrite.php(49): require_once('C:\\Users\\Mialisoa\\ASA\\interprom\\interprom-back\\public\\index.php')
CRITICAL - 2025-05-15 19:58:32 --> [Caused by] ErrorException: pg_query(): Query failed: ERREUR:  la relation « v_resultat_par_equipe_tournoi_view_vaovao » n'existe pas
LINE 2: FROM &quot;v_resultat_par_equipe_tournoi_view_vaovao&quot; &quot;vr&quot;
             ^
in SYSTEMPATH\Database\Postgre\Connection.php on line 192.
 1 [internal function]: CodeIgniter\Debug\Exceptions->errorHandler(2, 'pg_query(): Query failed: ERREUR:  la relation « v_resultat_par_equipe_tournoi_view_vaovao » n\'existe pas
LINE 2: FROM &quot;v_resultat_par_equipe_tournoi_view_vaovao&quot; &quot;vr&quot;
             ^', 'C:\\Users\\Mialisoa\\ASA\\interprom\\interprom-back\\system\\Database\\Postgre\\Connection.php', 192)
 2 SYSTEMPATH\Database\Postgre\Connection.php(192): pg_query(Object(PgSql\Connection), 'SELECT "vr".*, "e".*
FROM "v_resultat_par_equipe_tournoi_view_vaovao" "vr"
JOIN "equipe_tournoi" "et" ON "et"."id_equipe_tournoi" = "vr"."id_equipe_tournoi"
JOIN "equipe" "e" ON "e"."id_equipe" = "et"."id_equipe"
JOIN "poule" "p" ON "p"."id_poule" = "et"."id_poule"
WHERE "et"."id_tournoi" = \'2\'
AND "et"."id_poule" = \'3\'
AND "et"."id_poule" = \'3\'
ORDER BY "vr"."points" DESC, "vr"."difference_score" DESC, "vr"."score_marque" DESC')
 3 SYSTEMPATH\Database\BaseConnection.php(721): CodeIgniter\Database\Postgre\Connection->execute('SELECT "vr".*, "e".*
FROM "v_resultat_par_equipe_tournoi_view_vaovao" "vr"
JOIN "equipe_tournoi" "et" ON "et"."id_equipe_tournoi" = "vr"."id_equipe_tournoi"
JOIN "equipe" "e" ON "e"."id_equipe" = "et"."id_equipe"
JOIN "poule" "p" ON "p"."id_poule" = "et"."id_poule"
WHERE "et"."id_tournoi" = \'2\'
AND "et"."id_poule" = \'3\'
AND "et"."id_poule" = \'3\'
ORDER BY "vr"."points" DESC, "vr"."difference_score" DESC, "vr"."score_marque" DESC')
 4 SYSTEMPATH\Database\BaseConnection.php(635): CodeIgniter\Database\BaseConnection->simpleQuery('SELECT "vr".*, "e".*
FROM "v_resultat_par_equipe_tournoi_view_vaovao" "vr"
JOIN "equipe_tournoi" "et" ON "et"."id_equipe_tournoi" = "vr"."id_equipe_tournoi"
JOIN "equipe" "e" ON "e"."id_equipe" = "et"."id_equipe"
JOIN "poule" "p" ON "p"."id_poule" = "et"."id_poule"
WHERE "et"."id_tournoi" = \'2\'
AND "et"."id_poule" = \'3\'
AND "et"."id_poule" = \'3\'
ORDER BY "vr"."points" DESC, "vr"."difference_score" DESC, "vr"."score_marque" DESC')
 5 SYSTEMPATH\Database\BaseBuilder.php(1629): CodeIgniter\Database\BaseConnection->query('SELECT "vr".*, "e".*
FROM "v_resultat_par_equipe_tournoi_view_vaovao" "vr"
JOIN "equipe_tournoi" "et" ON "et"."id_equipe_tournoi" = "vr"."id_equipe_tournoi"
JOIN "equipe" "e" ON "e"."id_equipe" = "et"."id_equipe"
JOIN "poule" "p" ON "p"."id_poule" = "et"."id_poule"
WHERE "et"."id_tournoi" = :et.id_tournoi:
AND "et"."id_poule" = :et.id_poule:
AND "et"."id_poule" = :et.id_poule.1:
ORDER BY "vr"."points" DESC, "vr"."difference_score" DESC, "vr"."score_marque" DESC', [...], false)
 6 APPPATH\Controllers\PouleJController.php(108): CodeIgniter\Database\BaseBuilder->get()
 7 SYSTEMPATH\CodeIgniter.php(933): App\Controllers\PouleJController->get_classement_par_poule_choisi('3', '2')
 8 SYSTEMPATH\CodeIgniter.php(509): CodeIgniter\CodeIgniter->runController(Object(App\Controllers\PouleJController))
 9 SYSTEMPATH\CodeIgniter.php(355): CodeIgniter\CodeIgniter->handleRequest(null, Object(Config\Cache), false)
10 SYSTEMPATH\Boot.php(312): CodeIgniter\CodeIgniter->run()
11 SYSTEMPATH\Boot.php(67): CodeIgniter\Boot::runCodeIgniter(Object(CodeIgniter\CodeIgniter))
12 FCPATH\index.php(62): CodeIgniter\Boot::bootWeb(Object(Config\Paths))
13 SYSTEMPATH\Commands\Server\rewrite.php(49): require_once('C:\\Users\\Mialisoa\\ASA\\interprom\\interprom-back\\public\\index.php')
ERROR - 2025-05-15 19:58:33 --> ErrorException: pg_query(): Query failed: ERREUR:  la relation « v_resultat_par_equipe_tournoi_view_vaovao » n'existe pas
LINE 2: FROM &quot;v_resultat_par_equipe_tournoi_view_vaovao&quot; &quot;vr&quot;
             ^ in C:\Users\Mialisoa\ASA\interprom\interprom-back\system\Database\Postgre\Connection.php:192
Stack trace:
#0 [internal function]: CodeIgniter\Debug\Exceptions->errorHandler(2, 'pg_query(): Que...', 'C:\\Users\\Mialis...', 192)
#1 C:\Users\Mialisoa\ASA\interprom\interprom-back\system\Database\Postgre\Connection.php(192): pg_query(Object(PgSql\Connection), 'SELECT "vr".*, ...')
#2 C:\Users\Mialisoa\ASA\interprom\interprom-back\system\Database\BaseConnection.php(721): CodeIgniter\Database\Postgre\Connection->execute('SELECT "vr".*, ...')
#3 C:\Users\Mialisoa\ASA\interprom\interprom-back\system\Database\BaseConnection.php(635): CodeIgniter\Database\BaseConnection->simpleQuery('SELECT "vr".*, ...')
#4 C:\Users\Mialisoa\ASA\interprom\interprom-back\system\Database\BaseBuilder.php(1629): CodeIgniter\Database\BaseConnection->query('SELECT "vr".*, ...', Array, false)
#5 C:\Users\Mialisoa\ASA\interprom\interprom-back\app\Controllers\PouleJController.php(108): CodeIgniter\Database\BaseBuilder->get()
#6 C:\Users\Mialisoa\ASA\interprom\interprom-back\system\CodeIgniter.php(933): App\Controllers\PouleJController->get_classement_par_poule_choisi('3', '2')
#7 C:\Users\Mialisoa\ASA\interprom\interprom-back\system\CodeIgniter.php(509): CodeIgniter\CodeIgniter->runController(Object(App\Controllers\PouleJController))
#8 C:\Users\Mialisoa\ASA\interprom\interprom-back\system\CodeIgniter.php(355): CodeIgniter\CodeIgniter->handleRequest(NULL, Object(Config\Cache), false)
#9 C:\Users\Mialisoa\ASA\interprom\interprom-back\system\Boot.php(312): CodeIgniter\CodeIgniter->run()
#10 C:\Users\Mialisoa\ASA\interprom\interprom-back\system\Boot.php(67): CodeIgniter\Boot::runCodeIgniter(Object(CodeIgniter\CodeIgniter))
#11 C:\Users\Mialisoa\ASA\interprom\interprom-back\public\index.php(62): CodeIgniter\Boot::bootWeb(Object(Config\Paths))
#12 C:\Users\Mialisoa\ASA\interprom\interprom-back\system\Commands\Server\rewrite.php(49): require_once('C:\\Users\\Mialis...')
#13 {main}
CRITICAL - 2025-05-15 19:58:33 --> CodeIgniter\Database\Exceptions\DatabaseException: pg_query(): Query failed: ERREUR:  la relation « v_resultat_par_equipe_tournoi_view_vaovao » n'existe pas
LINE 2: FROM &quot;v_resultat_par_equipe_tournoi_view_vaovao&quot; &quot;vr&quot;
             ^
[Method: GET, Route: api/classement/poule_3/tournoi_2]
in SYSTEMPATH\Database\BaseConnection.php on line 675.
 1 SYSTEMPATH\Database\BaseBuilder.php(1629): CodeIgniter\Database\BaseConnection->query('SELECT "vr".*, "e".*
FROM "v_resultat_par_equipe_tournoi_view_vaovao" "vr"
JOIN "equipe_tournoi" "et" ON "et"."id_equipe_tournoi" = "vr"."id_equipe_tournoi"
JOIN "equipe" "e" ON "e"."id_equipe" = "et"."id_equipe"
JOIN "poule" "p" ON "p"."id_poule" = "et"."id_poule"
WHERE "et"."id_tournoi" = :et.id_tournoi:
AND "et"."id_poule" = :et.id_poule:
AND "et"."id_poule" = :et.id_poule.1:
ORDER BY "vr"."points" DESC, "vr"."difference_score" DESC, "vr"."score_marque" DESC', [...], false)
 2 APPPATH\Controllers\PouleJController.php(108): CodeIgniter\Database\BaseBuilder->get()
 3 SYSTEMPATH\CodeIgniter.php(933): App\Controllers\PouleJController->get_classement_par_poule_choisi('3', '2')
 4 SYSTEMPATH\CodeIgniter.php(509): CodeIgniter\CodeIgniter->runController(Object(App\Controllers\PouleJController))
 5 SYSTEMPATH\CodeIgniter.php(355): CodeIgniter\CodeIgniter->handleRequest(null, Object(Config\Cache), false)
 6 SYSTEMPATH\Boot.php(312): CodeIgniter\CodeIgniter->run()
 7 SYSTEMPATH\Boot.php(67): CodeIgniter\Boot::runCodeIgniter(Object(CodeIgniter\CodeIgniter))
 8 FCPATH\index.php(62): CodeIgniter\Boot::bootWeb(Object(Config\Paths))
 9 SYSTEMPATH\Commands\Server\rewrite.php(49): require_once('C:\\Users\\Mialisoa\\ASA\\interprom\\interprom-back\\public\\index.php')
CRITICAL - 2025-05-15 19:58:33 --> [Caused by] CodeIgniter\Database\Exceptions\DatabaseException: pg_query(): Query failed: ERREUR:  la relation « v_resultat_par_equipe_tournoi_view_vaovao » n'existe pas
LINE 2: FROM &quot;v_resultat_par_equipe_tournoi_view_vaovao&quot; &quot;vr&quot;
             ^
in SYSTEMPATH\Database\Postgre\Connection.php on line 197.
 1 SYSTEMPATH\Database\BaseConnection.php(721): CodeIgniter\Database\Postgre\Connection->execute('SELECT "vr".*, "e".*
FROM "v_resultat_par_equipe_tournoi_view_vaovao" "vr"
JOIN "equipe_tournoi" "et" ON "et"."id_equipe_tournoi" = "vr"."id_equipe_tournoi"
JOIN "equipe" "e" ON "e"."id_equipe" = "et"."id_equipe"
JOIN "poule" "p" ON "p"."id_poule" = "et"."id_poule"
WHERE "et"."id_tournoi" = \'2\'
AND "et"."id_poule" = \'3\'
AND "et"."id_poule" = \'3\'
ORDER BY "vr"."points" DESC, "vr"."difference_score" DESC, "vr"."score_marque" DESC')
 2 SYSTEMPATH\Database\BaseConnection.php(635): CodeIgniter\Database\BaseConnection->simpleQuery('SELECT "vr".*, "e".*
FROM "v_resultat_par_equipe_tournoi_view_vaovao" "vr"
JOIN "equipe_tournoi" "et" ON "et"."id_equipe_tournoi" = "vr"."id_equipe_tournoi"
JOIN "equipe" "e" ON "e"."id_equipe" = "et"."id_equipe"
JOIN "poule" "p" ON "p"."id_poule" = "et"."id_poule"
WHERE "et"."id_tournoi" = \'2\'
AND "et"."id_poule" = \'3\'
AND "et"."id_poule" = \'3\'
ORDER BY "vr"."points" DESC, "vr"."difference_score" DESC, "vr"."score_marque" DESC')
 3 SYSTEMPATH\Database\BaseBuilder.php(1629): CodeIgniter\Database\BaseConnection->query('SELECT "vr".*, "e".*
FROM "v_resultat_par_equipe_tournoi_view_vaovao" "vr"
JOIN "equipe_tournoi" "et" ON "et"."id_equipe_tournoi" = "vr"."id_equipe_tournoi"
JOIN "equipe" "e" ON "e"."id_equipe" = "et"."id_equipe"
JOIN "poule" "p" ON "p"."id_poule" = "et"."id_poule"
WHERE "et"."id_tournoi" = :et.id_tournoi:
AND "et"."id_poule" = :et.id_poule:
AND "et"."id_poule" = :et.id_poule.1:
ORDER BY "vr"."points" DESC, "vr"."difference_score" DESC, "vr"."score_marque" DESC', [...], false)
 4 APPPATH\Controllers\PouleJController.php(108): CodeIgniter\Database\BaseBuilder->get()
 5 SYSTEMPATH\CodeIgniter.php(933): App\Controllers\PouleJController->get_classement_par_poule_choisi('3', '2')
 6 SYSTEMPATH\CodeIgniter.php(509): CodeIgniter\CodeIgniter->runController(Object(App\Controllers\PouleJController))
 7 SYSTEMPATH\CodeIgniter.php(355): CodeIgniter\CodeIgniter->handleRequest(null, Object(Config\Cache), false)
 8 SYSTEMPATH\Boot.php(312): CodeIgniter\CodeIgniter->run()
 9 SYSTEMPATH\Boot.php(67): CodeIgniter\Boot::runCodeIgniter(Object(CodeIgniter\CodeIgniter))
10 FCPATH\index.php(62): CodeIgniter\Boot::bootWeb(Object(Config\Paths))
11 SYSTEMPATH\Commands\Server\rewrite.php(49): require_once('C:\\Users\\Mialisoa\\ASA\\interprom\\interprom-back\\public\\index.php')
CRITICAL - 2025-05-15 19:58:33 --> [Caused by] ErrorException: pg_query(): Query failed: ERREUR:  la relation « v_resultat_par_equipe_tournoi_view_vaovao » n'existe pas
LINE 2: FROM &quot;v_resultat_par_equipe_tournoi_view_vaovao&quot; &quot;vr&quot;
             ^
in SYSTEMPATH\Database\Postgre\Connection.php on line 192.
 1 [internal function]: CodeIgniter\Debug\Exceptions->errorHandler(2, 'pg_query(): Query failed: ERREUR:  la relation « v_resultat_par_equipe_tournoi_view_vaovao » n\'existe pas
LINE 2: FROM &quot;v_resultat_par_equipe_tournoi_view_vaovao&quot; &quot;vr&quot;
             ^', 'C:\\Users\\Mialisoa\\ASA\\interprom\\interprom-back\\system\\Database\\Postgre\\Connection.php', 192)
 2 SYSTEMPATH\Database\Postgre\Connection.php(192): pg_query(Object(PgSql\Connection), 'SELECT "vr".*, "e".*
FROM "v_resultat_par_equipe_tournoi_view_vaovao" "vr"
JOIN "equipe_tournoi" "et" ON "et"."id_equipe_tournoi" = "vr"."id_equipe_tournoi"
JOIN "equipe" "e" ON "e"."id_equipe" = "et"."id_equipe"
JOIN "poule" "p" ON "p"."id_poule" = "et"."id_poule"
WHERE "et"."id_tournoi" = \'2\'
AND "et"."id_poule" = \'3\'
AND "et"."id_poule" = \'3\'
ORDER BY "vr"."points" DESC, "vr"."difference_score" DESC, "vr"."score_marque" DESC')
 3 SYSTEMPATH\Database\BaseConnection.php(721): CodeIgniter\Database\Postgre\Connection->execute('SELECT "vr".*, "e".*
FROM "v_resultat_par_equipe_tournoi_view_vaovao" "vr"
JOIN "equipe_tournoi" "et" ON "et"."id_equipe_tournoi" = "vr"."id_equipe_tournoi"
JOIN "equipe" "e" ON "e"."id_equipe" = "et"."id_equipe"
JOIN "poule" "p" ON "p"."id_poule" = "et"."id_poule"
WHERE "et"."id_tournoi" = \'2\'
AND "et"."id_poule" = \'3\'
AND "et"."id_poule" = \'3\'
ORDER BY "vr"."points" DESC, "vr"."difference_score" DESC, "vr"."score_marque" DESC')
 4 SYSTEMPATH\Database\BaseConnection.php(635): CodeIgniter\Database\BaseConnection->simpleQuery('SELECT "vr".*, "e".*
FROM "v_resultat_par_equipe_tournoi_view_vaovao" "vr"
JOIN "equipe_tournoi" "et" ON "et"."id_equipe_tournoi" = "vr"."id_equipe_tournoi"
JOIN "equipe" "e" ON "e"."id_equipe" = "et"."id_equipe"
JOIN "poule" "p" ON "p"."id_poule" = "et"."id_poule"
WHERE "et"."id_tournoi" = \'2\'
AND "et"."id_poule" = \'3\'
AND "et"."id_poule" = \'3\'
ORDER BY "vr"."points" DESC, "vr"."difference_score" DESC, "vr"."score_marque" DESC')
 5 SYSTEMPATH\Database\BaseBuilder.php(1629): CodeIgniter\Database\BaseConnection->query('SELECT "vr".*, "e".*
FROM "v_resultat_par_equipe_tournoi_view_vaovao" "vr"
JOIN "equipe_tournoi" "et" ON "et"."id_equipe_tournoi" = "vr"."id_equipe_tournoi"
JOIN "equipe" "e" ON "e"."id_equipe" = "et"."id_equipe"
JOIN "poule" "p" ON "p"."id_poule" = "et"."id_poule"
WHERE "et"."id_tournoi" = :et.id_tournoi:
AND "et"."id_poule" = :et.id_poule:
AND "et"."id_poule" = :et.id_poule.1:
ORDER BY "vr"."points" DESC, "vr"."difference_score" DESC, "vr"."score_marque" DESC', [...], false)
 6 APPPATH\Controllers\PouleJController.php(108): CodeIgniter\Database\BaseBuilder->get()
 7 SYSTEMPATH\CodeIgniter.php(933): App\Controllers\PouleJController->get_classement_par_poule_choisi('3', '2')
 8 SYSTEMPATH\CodeIgniter.php(509): CodeIgniter\CodeIgniter->runController(Object(App\Controllers\PouleJController))
 9 SYSTEMPATH\CodeIgniter.php(355): CodeIgniter\CodeIgniter->handleRequest(null, Object(Config\Cache), false)
10 SYSTEMPATH\Boot.php(312): CodeIgniter\CodeIgniter->run()
11 SYSTEMPATH\Boot.php(67): CodeIgniter\Boot::runCodeIgniter(Object(CodeIgniter\CodeIgniter))
12 FCPATH\index.php(62): CodeIgniter\Boot::bootWeb(Object(Config\Paths))
13 SYSTEMPATH\Commands\Server\rewrite.php(49): require_once('C:\\Users\\Mialisoa\\ASA\\interprom\\interprom-back\\public\\index.php')
ERROR - 2025-05-15 19:58:36 --> ErrorException: pg_query(): Query failed: ERREUR:  la relation « v_resultat_par_equipe_tournoi_view_vaovao » n'existe pas
LINE 2: FROM &quot;v_resultat_par_equipe_tournoi_view_vaovao&quot; &quot;vr&quot;
             ^ in C:\Users\Mialisoa\ASA\interprom\interprom-back\system\Database\Postgre\Connection.php:192
Stack trace:
#0 [internal function]: CodeIgniter\Debug\Exceptions->errorHandler(2, 'pg_query(): Que...', 'C:\\Users\\Mialis...', 192)
#1 C:\Users\Mialisoa\ASA\interprom\interprom-back\system\Database\Postgre\Connection.php(192): pg_query(Object(PgSql\Connection), 'SELECT "vr".*, ...')
#2 C:\Users\Mialisoa\ASA\interprom\interprom-back\system\Database\BaseConnection.php(721): CodeIgniter\Database\Postgre\Connection->execute('SELECT "vr".*, ...')
#3 C:\Users\Mialisoa\ASA\interprom\interprom-back\system\Database\BaseConnection.php(635): CodeIgniter\Database\BaseConnection->simpleQuery('SELECT "vr".*, ...')
#4 C:\Users\Mialisoa\ASA\interprom\interprom-back\system\Database\BaseBuilder.php(1629): CodeIgniter\Database\BaseConnection->query('SELECT "vr".*, ...', Array, false)
#5 C:\Users\Mialisoa\ASA\interprom\interprom-back\app\Controllers\PouleJController.php(108): CodeIgniter\Database\BaseBuilder->get()
#6 C:\Users\Mialisoa\ASA\interprom\interprom-back\system\CodeIgniter.php(933): App\Controllers\PouleJController->get_classement_par_poule_choisi('3', '2')
#7 C:\Users\Mialisoa\ASA\interprom\interprom-back\system\CodeIgniter.php(509): CodeIgniter\CodeIgniter->runController(Object(App\Controllers\PouleJController))
#8 C:\Users\Mialisoa\ASA\interprom\interprom-back\system\CodeIgniter.php(355): CodeIgniter\CodeIgniter->handleRequest(NULL, Object(Config\Cache), false)
#9 C:\Users\Mialisoa\ASA\interprom\interprom-back\system\Boot.php(312): CodeIgniter\CodeIgniter->run()
#10 C:\Users\Mialisoa\ASA\interprom\interprom-back\system\Boot.php(67): CodeIgniter\Boot::runCodeIgniter(Object(CodeIgniter\CodeIgniter))
#11 C:\Users\Mialisoa\ASA\interprom\interprom-back\public\index.php(62): CodeIgniter\Boot::bootWeb(Object(Config\Paths))
#12 C:\Users\Mialisoa\ASA\interprom\interprom-back\system\Commands\Server\rewrite.php(49): require_once('C:\\Users\\Mialis...')
#13 {main}
CRITICAL - 2025-05-15 19:58:36 --> CodeIgniter\Database\Exceptions\DatabaseException: pg_query(): Query failed: ERREUR:  la relation « v_resultat_par_equipe_tournoi_view_vaovao » n'existe pas
LINE 2: FROM &quot;v_resultat_par_equipe_tournoi_view_vaovao&quot; &quot;vr&quot;
             ^
[Method: GET, Route: api/classement/poule_3/tournoi_2]
in SYSTEMPATH\Database\BaseConnection.php on line 675.
 1 SYSTEMPATH\Database\BaseBuilder.php(1629): CodeIgniter\Database\BaseConnection->query('SELECT "vr".*, "e".*
FROM "v_resultat_par_equipe_tournoi_view_vaovao" "vr"
JOIN "equipe_tournoi" "et" ON "et"."id_equipe_tournoi" = "vr"."id_equipe_tournoi"
JOIN "equipe" "e" ON "e"."id_equipe" = "et"."id_equipe"
JOIN "poule" "p" ON "p"."id_poule" = "et"."id_poule"
WHERE "et"."id_tournoi" = :et.id_tournoi:
AND "et"."id_poule" = :et.id_poule:
AND "et"."id_poule" = :et.id_poule.1:
ORDER BY "vr"."points" DESC, "vr"."difference_score" DESC, "vr"."score_marque" DESC', [...], false)
 2 APPPATH\Controllers\PouleJController.php(108): CodeIgniter\Database\BaseBuilder->get()
 3 SYSTEMPATH\CodeIgniter.php(933): App\Controllers\PouleJController->get_classement_par_poule_choisi('3', '2')
 4 SYSTEMPATH\CodeIgniter.php(509): CodeIgniter\CodeIgniter->runController(Object(App\Controllers\PouleJController))
 5 SYSTEMPATH\CodeIgniter.php(355): CodeIgniter\CodeIgniter->handleRequest(null, Object(Config\Cache), false)
 6 SYSTEMPATH\Boot.php(312): CodeIgniter\CodeIgniter->run()
 7 SYSTEMPATH\Boot.php(67): CodeIgniter\Boot::runCodeIgniter(Object(CodeIgniter\CodeIgniter))
 8 FCPATH\index.php(62): CodeIgniter\Boot::bootWeb(Object(Config\Paths))
 9 SYSTEMPATH\Commands\Server\rewrite.php(49): require_once('C:\\Users\\Mialisoa\\ASA\\interprom\\interprom-back\\public\\index.php')
CRITICAL - 2025-05-15 19:58:36 --> [Caused by] CodeIgniter\Database\Exceptions\DatabaseException: pg_query(): Query failed: ERREUR:  la relation « v_resultat_par_equipe_tournoi_view_vaovao » n'existe pas
LINE 2: FROM &quot;v_resultat_par_equipe_tournoi_view_vaovao&quot; &quot;vr&quot;
             ^
in SYSTEMPATH\Database\Postgre\Connection.php on line 197.
 1 SYSTEMPATH\Database\BaseConnection.php(721): CodeIgniter\Database\Postgre\Connection->execute('SELECT "vr".*, "e".*
FROM "v_resultat_par_equipe_tournoi_view_vaovao" "vr"
JOIN "equipe_tournoi" "et" ON "et"."id_equipe_tournoi" = "vr"."id_equipe_tournoi"
JOIN "equipe" "e" ON "e"."id_equipe" = "et"."id_equipe"
JOIN "poule" "p" ON "p"."id_poule" = "et"."id_poule"
WHERE "et"."id_tournoi" = \'2\'
AND "et"."id_poule" = \'3\'
AND "et"."id_poule" = \'3\'
ORDER BY "vr"."points" DESC, "vr"."difference_score" DESC, "vr"."score_marque" DESC')
 2 SYSTEMPATH\Database\BaseConnection.php(635): CodeIgniter\Database\BaseConnection->simpleQuery('SELECT "vr".*, "e".*
FROM "v_resultat_par_equipe_tournoi_view_vaovao" "vr"
JOIN "equipe_tournoi" "et" ON "et"."id_equipe_tournoi" = "vr"."id_equipe_tournoi"
JOIN "equipe" "e" ON "e"."id_equipe" = "et"."id_equipe"
JOIN "poule" "p" ON "p"."id_poule" = "et"."id_poule"
WHERE "et"."id_tournoi" = \'2\'
AND "et"."id_poule" = \'3\'
AND "et"."id_poule" = \'3\'
ORDER BY "vr"."points" DESC, "vr"."difference_score" DESC, "vr"."score_marque" DESC')
 3 SYSTEMPATH\Database\BaseBuilder.php(1629): CodeIgniter\Database\BaseConnection->query('SELECT "vr".*, "e".*
FROM "v_resultat_par_equipe_tournoi_view_vaovao" "vr"
JOIN "equipe_tournoi" "et" ON "et"."id_equipe_tournoi" = "vr"."id_equipe_tournoi"
JOIN "equipe" "e" ON "e"."id_equipe" = "et"."id_equipe"
JOIN "poule" "p" ON "p"."id_poule" = "et"."id_poule"
WHERE "et"."id_tournoi" = :et.id_tournoi:
AND "et"."id_poule" = :et.id_poule:
AND "et"."id_poule" = :et.id_poule.1:
ORDER BY "vr"."points" DESC, "vr"."difference_score" DESC, "vr"."score_marque" DESC', [...], false)
 4 APPPATH\Controllers\PouleJController.php(108): CodeIgniter\Database\BaseBuilder->get()
 5 SYSTEMPATH\CodeIgniter.php(933): App\Controllers\PouleJController->get_classement_par_poule_choisi('3', '2')
 6 SYSTEMPATH\CodeIgniter.php(509): CodeIgniter\CodeIgniter->runController(Object(App\Controllers\PouleJController))
 7 SYSTEMPATH\CodeIgniter.php(355): CodeIgniter\CodeIgniter->handleRequest(null, Object(Config\Cache), false)
 8 SYSTEMPATH\Boot.php(312): CodeIgniter\CodeIgniter->run()
 9 SYSTEMPATH\Boot.php(67): CodeIgniter\Boot::runCodeIgniter(Object(CodeIgniter\CodeIgniter))
10 FCPATH\index.php(62): CodeIgniter\Boot::bootWeb(Object(Config\Paths))
11 SYSTEMPATH\Commands\Server\rewrite.php(49): require_once('C:\\Users\\Mialisoa\\ASA\\interprom\\interprom-back\\public\\index.php')
CRITICAL - 2025-05-15 19:58:36 --> [Caused by] ErrorException: pg_query(): Query failed: ERREUR:  la relation « v_resultat_par_equipe_tournoi_view_vaovao » n'existe pas
LINE 2: FROM &quot;v_resultat_par_equipe_tournoi_view_vaovao&quot; &quot;vr&quot;
             ^
in SYSTEMPATH\Database\Postgre\Connection.php on line 192.
 1 [internal function]: CodeIgniter\Debug\Exceptions->errorHandler(2, 'pg_query(): Query failed: ERREUR:  la relation « v_resultat_par_equipe_tournoi_view_vaovao » n\'existe pas
LINE 2: FROM &quot;v_resultat_par_equipe_tournoi_view_vaovao&quot; &quot;vr&quot;
             ^', 'C:\\Users\\Mialisoa\\ASA\\interprom\\interprom-back\\system\\Database\\Postgre\\Connection.php', 192)
 2 SYSTEMPATH\Database\Postgre\Connection.php(192): pg_query(Object(PgSql\Connection), 'SELECT "vr".*, "e".*
FROM "v_resultat_par_equipe_tournoi_view_vaovao" "vr"
JOIN "equipe_tournoi" "et" ON "et"."id_equipe_tournoi" = "vr"."id_equipe_tournoi"
JOIN "equipe" "e" ON "e"."id_equipe" = "et"."id_equipe"
JOIN "poule" "p" ON "p"."id_poule" = "et"."id_poule"
WHERE "et"."id_tournoi" = \'2\'
AND "et"."id_poule" = \'3\'
AND "et"."id_poule" = \'3\'
ORDER BY "vr"."points" DESC, "vr"."difference_score" DESC, "vr"."score_marque" DESC')
 3 SYSTEMPATH\Database\BaseConnection.php(721): CodeIgniter\Database\Postgre\Connection->execute('SELECT "vr".*, "e".*
FROM "v_resultat_par_equipe_tournoi_view_vaovao" "vr"
JOIN "equipe_tournoi" "et" ON "et"."id_equipe_tournoi" = "vr"."id_equipe_tournoi"
JOIN "equipe" "e" ON "e"."id_equipe" = "et"."id_equipe"
JOIN "poule" "p" ON "p"."id_poule" = "et"."id_poule"
WHERE "et"."id_tournoi" = \'2\'
AND "et"."id_poule" = \'3\'
AND "et"."id_poule" = \'3\'
ORDER BY "vr"."points" DESC, "vr"."difference_score" DESC, "vr"."score_marque" DESC')
 4 SYSTEMPATH\Database\BaseConnection.php(635): CodeIgniter\Database\BaseConnection->simpleQuery('SELECT "vr".*, "e".*
FROM "v_resultat_par_equipe_tournoi_view_vaovao" "vr"
JOIN "equipe_tournoi" "et" ON "et"."id_equipe_tournoi" = "vr"."id_equipe_tournoi"
JOIN "equipe" "e" ON "e"."id_equipe" = "et"."id_equipe"
JOIN "poule" "p" ON "p"."id_poule" = "et"."id_poule"
WHERE "et"."id_tournoi" = \'2\'
AND "et"."id_poule" = \'3\'
AND "et"."id_poule" = \'3\'
ORDER BY "vr"."points" DESC, "vr"."difference_score" DESC, "vr"."score_marque" DESC')
 5 SYSTEMPATH\Database\BaseBuilder.php(1629): CodeIgniter\Database\BaseConnection->query('SELECT "vr".*, "e".*
FROM "v_resultat_par_equipe_tournoi_view_vaovao" "vr"
JOIN "equipe_tournoi" "et" ON "et"."id_equipe_tournoi" = "vr"."id_equipe_tournoi"
JOIN "equipe" "e" ON "e"."id_equipe" = "et"."id_equipe"
JOIN "poule" "p" ON "p"."id_poule" = "et"."id_poule"
WHERE "et"."id_tournoi" = :et.id_tournoi:
AND "et"."id_poule" = :et.id_poule:
AND "et"."id_poule" = :et.id_poule.1:
ORDER BY "vr"."points" DESC, "vr"."difference_score" DESC, "vr"."score_marque" DESC', [...], false)
 6 APPPATH\Controllers\PouleJController.php(108): CodeIgniter\Database\BaseBuilder->get()
 7 SYSTEMPATH\CodeIgniter.php(933): App\Controllers\PouleJController->get_classement_par_poule_choisi('3', '2')
 8 SYSTEMPATH\CodeIgniter.php(509): CodeIgniter\CodeIgniter->runController(Object(App\Controllers\PouleJController))
 9 SYSTEMPATH\CodeIgniter.php(355): CodeIgniter\CodeIgniter->handleRequest(null, Object(Config\Cache), false)
10 SYSTEMPATH\Boot.php(312): CodeIgniter\CodeIgniter->run()
11 SYSTEMPATH\Boot.php(67): CodeIgniter\Boot::runCodeIgniter(Object(CodeIgniter\CodeIgniter))
12 FCPATH\index.php(62): CodeIgniter\Boot::bootWeb(Object(Config\Paths))
13 SYSTEMPATH\Commands\Server\rewrite.php(49): require_once('C:\\Users\\Mialisoa\\ASA\\interprom\\interprom-back\\public\\index.php')
ERROR - 2025-05-15 19:58:41 --> ErrorException: pg_query(): Query failed: ERREUR:  la relation « v_resultat_par_equipe_tournoi_view_vaovao » n'existe pas
LINE 2: FROM &quot;v_resultat_par_equipe_tournoi_view_vaovao&quot; &quot;vr&quot;
             ^ in C:\Users\Mialisoa\ASA\interprom\interprom-back\system\Database\Postgre\Connection.php:192
Stack trace:
#0 [internal function]: CodeIgniter\Debug\Exceptions->errorHandler(2, 'pg_query(): Que...', 'C:\\Users\\Mialis...', 192)
#1 C:\Users\Mialisoa\ASA\interprom\interprom-back\system\Database\Postgre\Connection.php(192): pg_query(Object(PgSql\Connection), 'SELECT "vr".*, ...')
#2 C:\Users\Mialisoa\ASA\interprom\interprom-back\system\Database\BaseConnection.php(721): CodeIgniter\Database\Postgre\Connection->execute('SELECT "vr".*, ...')
#3 C:\Users\Mialisoa\ASA\interprom\interprom-back\system\Database\BaseConnection.php(635): CodeIgniter\Database\BaseConnection->simpleQuery('SELECT "vr".*, ...')
#4 C:\Users\Mialisoa\ASA\interprom\interprom-back\system\Database\BaseBuilder.php(1629): CodeIgniter\Database\BaseConnection->query('SELECT "vr".*, ...', Array, false)
#5 C:\Users\Mialisoa\ASA\interprom\interprom-back\app\Controllers\PouleJController.php(108): CodeIgniter\Database\BaseBuilder->get()
#6 C:\Users\Mialisoa\ASA\interprom\interprom-back\system\CodeIgniter.php(933): App\Controllers\PouleJController->get_classement_par_poule_choisi('3', '2')
#7 C:\Users\Mialisoa\ASA\interprom\interprom-back\system\CodeIgniter.php(509): CodeIgniter\CodeIgniter->runController(Object(App\Controllers\PouleJController))
#8 C:\Users\Mialisoa\ASA\interprom\interprom-back\system\CodeIgniter.php(355): CodeIgniter\CodeIgniter->handleRequest(NULL, Object(Config\Cache), false)
#9 C:\Users\Mialisoa\ASA\interprom\interprom-back\system\Boot.php(312): CodeIgniter\CodeIgniter->run()
#10 C:\Users\Mialisoa\ASA\interprom\interprom-back\system\Boot.php(67): CodeIgniter\Boot::runCodeIgniter(Object(CodeIgniter\CodeIgniter))
#11 C:\Users\Mialisoa\ASA\interprom\interprom-back\public\index.php(62): CodeIgniter\Boot::bootWeb(Object(Config\Paths))
#12 C:\Users\Mialisoa\ASA\interprom\interprom-back\system\Commands\Server\rewrite.php(49): require_once('C:\\Users\\Mialis...')
#13 {main}
CRITICAL - 2025-05-15 19:58:41 --> CodeIgniter\Database\Exceptions\DatabaseException: pg_query(): Query failed: ERREUR:  la relation « v_resultat_par_equipe_tournoi_view_vaovao » n'existe pas
LINE 2: FROM &quot;v_resultat_par_equipe_tournoi_view_vaovao&quot; &quot;vr&quot;
             ^
[Method: GET, Route: api/classement/poule_3/tournoi_2]
in SYSTEMPATH\Database\BaseConnection.php on line 675.
 1 SYSTEMPATH\Database\BaseBuilder.php(1629): CodeIgniter\Database\BaseConnection->query('SELECT "vr".*, "e".*
FROM "v_resultat_par_equipe_tournoi_view_vaovao" "vr"
JOIN "equipe_tournoi" "et" ON "et"."id_equipe_tournoi" = "vr"."id_equipe_tournoi"
JOIN "equipe" "e" ON "e"."id_equipe" = "et"."id_equipe"
JOIN "poule" "p" ON "p"."id_poule" = "et"."id_poule"
WHERE "et"."id_tournoi" = :et.id_tournoi:
AND "et"."id_poule" = :et.id_poule:
AND "et"."id_poule" = :et.id_poule.1:
ORDER BY "vr"."points" DESC, "vr"."difference_score" DESC, "vr"."score_marque" DESC', [...], false)
 2 APPPATH\Controllers\PouleJController.php(108): CodeIgniter\Database\BaseBuilder->get()
 3 SYSTEMPATH\CodeIgniter.php(933): App\Controllers\PouleJController->get_classement_par_poule_choisi('3', '2')
 4 SYSTEMPATH\CodeIgniter.php(509): CodeIgniter\CodeIgniter->runController(Object(App\Controllers\PouleJController))
 5 SYSTEMPATH\CodeIgniter.php(355): CodeIgniter\CodeIgniter->handleRequest(null, Object(Config\Cache), false)
 6 SYSTEMPATH\Boot.php(312): CodeIgniter\CodeIgniter->run()
 7 SYSTEMPATH\Boot.php(67): CodeIgniter\Boot::runCodeIgniter(Object(CodeIgniter\CodeIgniter))
 8 FCPATH\index.php(62): CodeIgniter\Boot::bootWeb(Object(Config\Paths))
 9 SYSTEMPATH\Commands\Server\rewrite.php(49): require_once('C:\\Users\\Mialisoa\\ASA\\interprom\\interprom-back\\public\\index.php')
CRITICAL - 2025-05-15 19:58:41 --> [Caused by] CodeIgniter\Database\Exceptions\DatabaseException: pg_query(): Query failed: ERREUR:  la relation « v_resultat_par_equipe_tournoi_view_vaovao » n'existe pas
LINE 2: FROM &quot;v_resultat_par_equipe_tournoi_view_vaovao&quot; &quot;vr&quot;
             ^
in SYSTEMPATH\Database\Postgre\Connection.php on line 197.
 1 SYSTEMPATH\Database\BaseConnection.php(721): CodeIgniter\Database\Postgre\Connection->execute('SELECT "vr".*, "e".*
FROM "v_resultat_par_equipe_tournoi_view_vaovao" "vr"
JOIN "equipe_tournoi" "et" ON "et"."id_equipe_tournoi" = "vr"."id_equipe_tournoi"
JOIN "equipe" "e" ON "e"."id_equipe" = "et"."id_equipe"
JOIN "poule" "p" ON "p"."id_poule" = "et"."id_poule"
WHERE "et"."id_tournoi" = \'2\'
AND "et"."id_poule" = \'3\'
AND "et"."id_poule" = \'3\'
ORDER BY "vr"."points" DESC, "vr"."difference_score" DESC, "vr"."score_marque" DESC')
 2 SYSTEMPATH\Database\BaseConnection.php(635): CodeIgniter\Database\BaseConnection->simpleQuery('SELECT "vr".*, "e".*
FROM "v_resultat_par_equipe_tournoi_view_vaovao" "vr"
JOIN "equipe_tournoi" "et" ON "et"."id_equipe_tournoi" = "vr"."id_equipe_tournoi"
JOIN "equipe" "e" ON "e"."id_equipe" = "et"."id_equipe"
JOIN "poule" "p" ON "p"."id_poule" = "et"."id_poule"
WHERE "et"."id_tournoi" = \'2\'
AND "et"."id_poule" = \'3\'
AND "et"."id_poule" = \'3\'
ORDER BY "vr"."points" DESC, "vr"."difference_score" DESC, "vr"."score_marque" DESC')
 3 SYSTEMPATH\Database\BaseBuilder.php(1629): CodeIgniter\Database\BaseConnection->query('SELECT "vr".*, "e".*
FROM "v_resultat_par_equipe_tournoi_view_vaovao" "vr"
JOIN "equipe_tournoi" "et" ON "et"."id_equipe_tournoi" = "vr"."id_equipe_tournoi"
JOIN "equipe" "e" ON "e"."id_equipe" = "et"."id_equipe"
JOIN "poule" "p" ON "p"."id_poule" = "et"."id_poule"
WHERE "et"."id_tournoi" = :et.id_tournoi:
AND "et"."id_poule" = :et.id_poule:
AND "et"."id_poule" = :et.id_poule.1:
ORDER BY "vr"."points" DESC, "vr"."difference_score" DESC, "vr"."score_marque" DESC', [...], false)
 4 APPPATH\Controllers\PouleJController.php(108): CodeIgniter\Database\BaseBuilder->get()
 5 SYSTEMPATH\CodeIgniter.php(933): App\Controllers\PouleJController->get_classement_par_poule_choisi('3', '2')
 6 SYSTEMPATH\CodeIgniter.php(509): CodeIgniter\CodeIgniter->runController(Object(App\Controllers\PouleJController))
 7 SYSTEMPATH\CodeIgniter.php(355): CodeIgniter\CodeIgniter->handleRequest(null, Object(Config\Cache), false)
 8 SYSTEMPATH\Boot.php(312): CodeIgniter\CodeIgniter->run()
 9 SYSTEMPATH\Boot.php(67): CodeIgniter\Boot::runCodeIgniter(Object(CodeIgniter\CodeIgniter))
10 FCPATH\index.php(62): CodeIgniter\Boot::bootWeb(Object(Config\Paths))
11 SYSTEMPATH\Commands\Server\rewrite.php(49): require_once('C:\\Users\\Mialisoa\\ASA\\interprom\\interprom-back\\public\\index.php')
CRITICAL - 2025-05-15 19:58:41 --> [Caused by] ErrorException: pg_query(): Query failed: ERREUR:  la relation « v_resultat_par_equipe_tournoi_view_vaovao » n'existe pas
LINE 2: FROM &quot;v_resultat_par_equipe_tournoi_view_vaovao&quot; &quot;vr&quot;
             ^
in SYSTEMPATH\Database\Postgre\Connection.php on line 192.
 1 [internal function]: CodeIgniter\Debug\Exceptions->errorHandler(2, 'pg_query(): Query failed: ERREUR:  la relation « v_resultat_par_equipe_tournoi_view_vaovao » n\'existe pas
LINE 2: FROM &quot;v_resultat_par_equipe_tournoi_view_vaovao&quot; &quot;vr&quot;
             ^', 'C:\\Users\\Mialisoa\\ASA\\interprom\\interprom-back\\system\\Database\\Postgre\\Connection.php', 192)
 2 SYSTEMPATH\Database\Postgre\Connection.php(192): pg_query(Object(PgSql\Connection), 'SELECT "vr".*, "e".*
FROM "v_resultat_par_equipe_tournoi_view_vaovao" "vr"
JOIN "equipe_tournoi" "et" ON "et"."id_equipe_tournoi" = "vr"."id_equipe_tournoi"
JOIN "equipe" "e" ON "e"."id_equipe" = "et"."id_equipe"
JOIN "poule" "p" ON "p"."id_poule" = "et"."id_poule"
WHERE "et"."id_tournoi" = \'2\'
AND "et"."id_poule" = \'3\'
AND "et"."id_poule" = \'3\'
ORDER BY "vr"."points" DESC, "vr"."difference_score" DESC, "vr"."score_marque" DESC')
 3 SYSTEMPATH\Database\BaseConnection.php(721): CodeIgniter\Database\Postgre\Connection->execute('SELECT "vr".*, "e".*
FROM "v_resultat_par_equipe_tournoi_view_vaovao" "vr"
JOIN "equipe_tournoi" "et" ON "et"."id_equipe_tournoi" = "vr"."id_equipe_tournoi"
JOIN "equipe" "e" ON "e"."id_equipe" = "et"."id_equipe"
JOIN "poule" "p" ON "p"."id_poule" = "et"."id_poule"
WHERE "et"."id_tournoi" = \'2\'
AND "et"."id_poule" = \'3\'
AND "et"."id_poule" = \'3\'
ORDER BY "vr"."points" DESC, "vr"."difference_score" DESC, "vr"."score_marque" DESC')
 4 SYSTEMPATH\Database\BaseConnection.php(635): CodeIgniter\Database\BaseConnection->simpleQuery('SELECT "vr".*, "e".*
FROM "v_resultat_par_equipe_tournoi_view_vaovao" "vr"
JOIN "equipe_tournoi" "et" ON "et"."id_equipe_tournoi" = "vr"."id_equipe_tournoi"
JOIN "equipe" "e" ON "e"."id_equipe" = "et"."id_equipe"
JOIN "poule" "p" ON "p"."id_poule" = "et"."id_poule"
WHERE "et"."id_tournoi" = \'2\'
AND "et"."id_poule" = \'3\'
AND "et"."id_poule" = \'3\'
ORDER BY "vr"."points" DESC, "vr"."difference_score" DESC, "vr"."score_marque" DESC')
 5 SYSTEMPATH\Database\BaseBuilder.php(1629): CodeIgniter\Database\BaseConnection->query('SELECT "vr".*, "e".*
FROM "v_resultat_par_equipe_tournoi_view_vaovao" "vr"
JOIN "equipe_tournoi" "et" ON "et"."id_equipe_tournoi" = "vr"."id_equipe_tournoi"
JOIN "equipe" "e" ON "e"."id_equipe" = "et"."id_equipe"
JOIN "poule" "p" ON "p"."id_poule" = "et"."id_poule"
WHERE "et"."id_tournoi" = :et.id_tournoi:
AND "et"."id_poule" = :et.id_poule:
AND "et"."id_poule" = :et.id_poule.1:
ORDER BY "vr"."points" DESC, "vr"."difference_score" DESC, "vr"."score_marque" DESC', [...], false)
 6 APPPATH\Controllers\PouleJController.php(108): CodeIgniter\Database\BaseBuilder->get()
 7 SYSTEMPATH\CodeIgniter.php(933): App\Controllers\PouleJController->get_classement_par_poule_choisi('3', '2')
 8 SYSTEMPATH\CodeIgniter.php(509): CodeIgniter\CodeIgniter->runController(Object(App\Controllers\PouleJController))
 9 SYSTEMPATH\CodeIgniter.php(355): CodeIgniter\CodeIgniter->handleRequest(null, Object(Config\Cache), false)
10 SYSTEMPATH\Boot.php(312): CodeIgniter\CodeIgniter->run()
11 SYSTEMPATH\Boot.php(67): CodeIgniter\Boot::runCodeIgniter(Object(CodeIgniter\CodeIgniter))
12 FCPATH\index.php(62): CodeIgniter\Boot::bootWeb(Object(Config\Paths))
13 SYSTEMPATH\Commands\Server\rewrite.php(49): require_once('C:\\Users\\Mialisoa\\ASA\\interprom\\interprom-back\\public\\index.php')
ERROR - 2025-05-15 20:00:00 --> ErrorException: pg_query(): Query failed: ERREUR:  la relation « v_resultat_par_equipe_tournoi_view_vaovao » n'existe pas
LINE 2: FROM &quot;v_resultat_par_equipe_tournoi_view_vaovao&quot; &quot;vr&quot;
             ^ in C:\Users\Mialisoa\ASA\interprom\interprom-back\system\Database\Postgre\Connection.php:192
Stack trace:
#0 [internal function]: CodeIgniter\Debug\Exceptions->errorHandler(2, 'pg_query(): Que...', 'C:\\Users\\Mialis...', 192)
#1 C:\Users\Mialisoa\ASA\interprom\interprom-back\system\Database\Postgre\Connection.php(192): pg_query(Object(PgSql\Connection), 'SELECT "vr".*, ...')
#2 C:\Users\Mialisoa\ASA\interprom\interprom-back\system\Database\BaseConnection.php(721): CodeIgniter\Database\Postgre\Connection->execute('SELECT "vr".*, ...')
#3 C:\Users\Mialisoa\ASA\interprom\interprom-back\system\Database\BaseConnection.php(635): CodeIgniter\Database\BaseConnection->simpleQuery('SELECT "vr".*, ...')
#4 C:\Users\Mialisoa\ASA\interprom\interprom-back\system\Database\BaseBuilder.php(1629): CodeIgniter\Database\BaseConnection->query('SELECT "vr".*, ...', Array, false)
#5 C:\Users\Mialisoa\ASA\interprom\interprom-back\app\Controllers\PouleJController.php(108): CodeIgniter\Database\BaseBuilder->get()
#6 C:\Users\Mialisoa\ASA\interprom\interprom-back\system\CodeIgniter.php(933): App\Controllers\PouleJController->get_classement_par_poule_choisi('3', '2')
#7 C:\Users\Mialisoa\ASA\interprom\interprom-back\system\CodeIgniter.php(509): CodeIgniter\CodeIgniter->runController(Object(App\Controllers\PouleJController))
#8 C:\Users\Mialisoa\ASA\interprom\interprom-back\system\CodeIgniter.php(355): CodeIgniter\CodeIgniter->handleRequest(NULL, Object(Config\Cache), false)
#9 C:\Users\Mialisoa\ASA\interprom\interprom-back\system\Boot.php(312): CodeIgniter\CodeIgniter->run()
#10 C:\Users\Mialisoa\ASA\interprom\interprom-back\system\Boot.php(67): CodeIgniter\Boot::runCodeIgniter(Object(CodeIgniter\CodeIgniter))
#11 C:\Users\Mialisoa\ASA\interprom\interprom-back\public\index.php(62): CodeIgniter\Boot::bootWeb(Object(Config\Paths))
#12 C:\Users\Mialisoa\ASA\interprom\interprom-back\system\Commands\Server\rewrite.php(49): require_once('C:\\Users\\Mialis...')
#13 {main}
CRITICAL - 2025-05-15 20:00:00 --> CodeIgniter\Database\Exceptions\DatabaseException: pg_query(): Query failed: ERREUR:  la relation « v_resultat_par_equipe_tournoi_view_vaovao » n'existe pas
LINE 2: FROM &quot;v_resultat_par_equipe_tournoi_view_vaovao&quot; &quot;vr&quot;
             ^
[Method: GET, Route: api/classement/poule_3/tournoi_2]
in SYSTEMPATH\Database\BaseConnection.php on line 675.
 1 SYSTEMPATH\Database\BaseBuilder.php(1629): CodeIgniter\Database\BaseConnection->query('SELECT "vr".*, "e".*
FROM "v_resultat_par_equipe_tournoi_view_vaovao" "vr"
JOIN "equipe_tournoi" "et" ON "et"."id_equipe_tournoi" = "vr"."id_equipe_tournoi"
JOIN "equipe" "e" ON "e"."id_equipe" = "et"."id_equipe"
JOIN "poule" "p" ON "p"."id_poule" = "et"."id_poule"
WHERE "et"."id_tournoi" = :et.id_tournoi:
AND "et"."id_poule" = :et.id_poule:
AND "et"."id_poule" = :et.id_poule.1:
ORDER BY "vr"."points" DESC, "vr"."difference_score" DESC, "vr"."score_marque" DESC', [...], false)
 2 APPPATH\Controllers\PouleJController.php(108): CodeIgniter\Database\BaseBuilder->get()
 3 SYSTEMPATH\CodeIgniter.php(933): App\Controllers\PouleJController->get_classement_par_poule_choisi('3', '2')
 4 SYSTEMPATH\CodeIgniter.php(509): CodeIgniter\CodeIgniter->runController(Object(App\Controllers\PouleJController))
 5 SYSTEMPATH\CodeIgniter.php(355): CodeIgniter\CodeIgniter->handleRequest(null, Object(Config\Cache), false)
 6 SYSTEMPATH\Boot.php(312): CodeIgniter\CodeIgniter->run()
 7 SYSTEMPATH\Boot.php(67): CodeIgniter\Boot::runCodeIgniter(Object(CodeIgniter\CodeIgniter))
 8 FCPATH\index.php(62): CodeIgniter\Boot::bootWeb(Object(Config\Paths))
 9 SYSTEMPATH\Commands\Server\rewrite.php(49): require_once('C:\\Users\\Mialisoa\\ASA\\interprom\\interprom-back\\public\\index.php')
CRITICAL - 2025-05-15 20:00:00 --> [Caused by] CodeIgniter\Database\Exceptions\DatabaseException: pg_query(): Query failed: ERREUR:  la relation « v_resultat_par_equipe_tournoi_view_vaovao » n'existe pas
LINE 2: FROM &quot;v_resultat_par_equipe_tournoi_view_vaovao&quot; &quot;vr&quot;
             ^
in SYSTEMPATH\Database\Postgre\Connection.php on line 197.
 1 SYSTEMPATH\Database\BaseConnection.php(721): CodeIgniter\Database\Postgre\Connection->execute('SELECT "vr".*, "e".*
FROM "v_resultat_par_equipe_tournoi_view_vaovao" "vr"
JOIN "equipe_tournoi" "et" ON "et"."id_equipe_tournoi" = "vr"."id_equipe_tournoi"
JOIN "equipe" "e" ON "e"."id_equipe" = "et"."id_equipe"
JOIN "poule" "p" ON "p"."id_poule" = "et"."id_poule"
WHERE "et"."id_tournoi" = \'2\'
AND "et"."id_poule" = \'3\'
AND "et"."id_poule" = \'3\'
ORDER BY "vr"."points" DESC, "vr"."difference_score" DESC, "vr"."score_marque" DESC')
 2 SYSTEMPATH\Database\BaseConnection.php(635): CodeIgniter\Database\BaseConnection->simpleQuery('SELECT "vr".*, "e".*
FROM "v_resultat_par_equipe_tournoi_view_vaovao" "vr"
JOIN "equipe_tournoi" "et" ON "et"."id_equipe_tournoi" = "vr"."id_equipe_tournoi"
JOIN "equipe" "e" ON "e"."id_equipe" = "et"."id_equipe"
JOIN "poule" "p" ON "p"."id_poule" = "et"."id_poule"
WHERE "et"."id_tournoi" = \'2\'
AND "et"."id_poule" = \'3\'
AND "et"."id_poule" = \'3\'
ORDER BY "vr"."points" DESC, "vr"."difference_score" DESC, "vr"."score_marque" DESC')
 3 SYSTEMPATH\Database\BaseBuilder.php(1629): CodeIgniter\Database\BaseConnection->query('SELECT "vr".*, "e".*
FROM "v_resultat_par_equipe_tournoi_view_vaovao" "vr"
JOIN "equipe_tournoi" "et" ON "et"."id_equipe_tournoi" = "vr"."id_equipe_tournoi"
JOIN "equipe" "e" ON "e"."id_equipe" = "et"."id_equipe"
JOIN "poule" "p" ON "p"."id_poule" = "et"."id_poule"
WHERE "et"."id_tournoi" = :et.id_tournoi:
AND "et"."id_poule" = :et.id_poule:
AND "et"."id_poule" = :et.id_poule.1:
ORDER BY "vr"."points" DESC, "vr"."difference_score" DESC, "vr"."score_marque" DESC', [...], false)
 4 APPPATH\Controllers\PouleJController.php(108): CodeIgniter\Database\BaseBuilder->get()
 5 SYSTEMPATH\CodeIgniter.php(933): App\Controllers\PouleJController->get_classement_par_poule_choisi('3', '2')
 6 SYSTEMPATH\CodeIgniter.php(509): CodeIgniter\CodeIgniter->runController(Object(App\Controllers\PouleJController))
 7 SYSTEMPATH\CodeIgniter.php(355): CodeIgniter\CodeIgniter->handleRequest(null, Object(Config\Cache), false)
 8 SYSTEMPATH\Boot.php(312): CodeIgniter\CodeIgniter->run()
 9 SYSTEMPATH\Boot.php(67): CodeIgniter\Boot::runCodeIgniter(Object(CodeIgniter\CodeIgniter))
10 FCPATH\index.php(62): CodeIgniter\Boot::bootWeb(Object(Config\Paths))
11 SYSTEMPATH\Commands\Server\rewrite.php(49): require_once('C:\\Users\\Mialisoa\\ASA\\interprom\\interprom-back\\public\\index.php')
CRITICAL - 2025-05-15 20:00:00 --> [Caused by] ErrorException: pg_query(): Query failed: ERREUR:  la relation « v_resultat_par_equipe_tournoi_view_vaovao » n'existe pas
LINE 2: FROM &quot;v_resultat_par_equipe_tournoi_view_vaovao&quot; &quot;vr&quot;
             ^
in SYSTEMPATH\Database\Postgre\Connection.php on line 192.
 1 [internal function]: CodeIgniter\Debug\Exceptions->errorHandler(2, 'pg_query(): Query failed: ERREUR:  la relation « v_resultat_par_equipe_tournoi_view_vaovao » n\'existe pas
LINE 2: FROM &quot;v_resultat_par_equipe_tournoi_view_vaovao&quot; &quot;vr&quot;
             ^', 'C:\\Users\\Mialisoa\\ASA\\interprom\\interprom-back\\system\\Database\\Postgre\\Connection.php', 192)
 2 SYSTEMPATH\Database\Postgre\Connection.php(192): pg_query(Object(PgSql\Connection), 'SELECT "vr".*, "e".*
FROM "v_resultat_par_equipe_tournoi_view_vaovao" "vr"
JOIN "equipe_tournoi" "et" ON "et"."id_equipe_tournoi" = "vr"."id_equipe_tournoi"
JOIN "equipe" "e" ON "e"."id_equipe" = "et"."id_equipe"
JOIN "poule" "p" ON "p"."id_poule" = "et"."id_poule"
WHERE "et"."id_tournoi" = \'2\'
AND "et"."id_poule" = \'3\'
AND "et"."id_poule" = \'3\'
ORDER BY "vr"."points" DESC, "vr"."difference_score" DESC, "vr"."score_marque" DESC')
 3 SYSTEMPATH\Database\BaseConnection.php(721): CodeIgniter\Database\Postgre\Connection->execute('SELECT "vr".*, "e".*
FROM "v_resultat_par_equipe_tournoi_view_vaovao" "vr"
JOIN "equipe_tournoi" "et" ON "et"."id_equipe_tournoi" = "vr"."id_equipe_tournoi"
JOIN "equipe" "e" ON "e"."id_equipe" = "et"."id_equipe"
JOIN "poule" "p" ON "p"."id_poule" = "et"."id_poule"
WHERE "et"."id_tournoi" = \'2\'
AND "et"."id_poule" = \'3\'
AND "et"."id_poule" = \'3\'
ORDER BY "vr"."points" DESC, "vr"."difference_score" DESC, "vr"."score_marque" DESC')
 4 SYSTEMPATH\Database\BaseConnection.php(635): CodeIgniter\Database\BaseConnection->simpleQuery('SELECT "vr".*, "e".*
FROM "v_resultat_par_equipe_tournoi_view_vaovao" "vr"
JOIN "equipe_tournoi" "et" ON "et"."id_equipe_tournoi" = "vr"."id_equipe_tournoi"
JOIN "equipe" "e" ON "e"."id_equipe" = "et"."id_equipe"
JOIN "poule" "p" ON "p"."id_poule" = "et"."id_poule"
WHERE "et"."id_tournoi" = \'2\'
AND "et"."id_poule" = \'3\'
AND "et"."id_poule" = \'3\'
ORDER BY "vr"."points" DESC, "vr"."difference_score" DESC, "vr"."score_marque" DESC')
 5 SYSTEMPATH\Database\BaseBuilder.php(1629): CodeIgniter\Database\BaseConnection->query('SELECT "vr".*, "e".*
FROM "v_resultat_par_equipe_tournoi_view_vaovao" "vr"
JOIN "equipe_tournoi" "et" ON "et"."id_equipe_tournoi" = "vr"."id_equipe_tournoi"
JOIN "equipe" "e" ON "e"."id_equipe" = "et"."id_equipe"
JOIN "poule" "p" ON "p"."id_poule" = "et"."id_poule"
WHERE "et"."id_tournoi" = :et.id_tournoi:
AND "et"."id_poule" = :et.id_poule:
AND "et"."id_poule" = :et.id_poule.1:
ORDER BY "vr"."points" DESC, "vr"."difference_score" DESC, "vr"."score_marque" DESC', [...], false)
 6 APPPATH\Controllers\PouleJController.php(108): CodeIgniter\Database\BaseBuilder->get()
 7 SYSTEMPATH\CodeIgniter.php(933): App\Controllers\PouleJController->get_classement_par_poule_choisi('3', '2')
 8 SYSTEMPATH\CodeIgniter.php(509): CodeIgniter\CodeIgniter->runController(Object(App\Controllers\PouleJController))
 9 SYSTEMPATH\CodeIgniter.php(355): CodeIgniter\CodeIgniter->handleRequest(null, Object(Config\Cache), false)
10 SYSTEMPATH\Boot.php(312): CodeIgniter\CodeIgniter->run()
11 SYSTEMPATH\Boot.php(67): CodeIgniter\Boot::runCodeIgniter(Object(CodeIgniter\CodeIgniter))
12 FCPATH\index.php(62): CodeIgniter\Boot::bootWeb(Object(Config\Paths))
13 SYSTEMPATH\Commands\Server\rewrite.php(49): require_once('C:\\Users\\Mialisoa\\ASA\\interprom\\interprom-back\\public\\index.php')
ERROR - 2025-05-15 20:00:01 --> ErrorException: pg_query(): Query failed: ERREUR:  la relation « v_resultat_par_equipe_tournoi_view_vaovao » n'existe pas
LINE 2: FROM &quot;v_resultat_par_equipe_tournoi_view_vaovao&quot; &quot;vr&quot;
             ^ in C:\Users\Mialisoa\ASA\interprom\interprom-back\system\Database\Postgre\Connection.php:192
Stack trace:
#0 [internal function]: CodeIgniter\Debug\Exceptions->errorHandler(2, 'pg_query(): Que...', 'C:\\Users\\Mialis...', 192)
#1 C:\Users\Mialisoa\ASA\interprom\interprom-back\system\Database\Postgre\Connection.php(192): pg_query(Object(PgSql\Connection), 'SELECT "vr".*, ...')
#2 C:\Users\Mialisoa\ASA\interprom\interprom-back\system\Database\BaseConnection.php(721): CodeIgniter\Database\Postgre\Connection->execute('SELECT "vr".*, ...')
#3 C:\Users\Mialisoa\ASA\interprom\interprom-back\system\Database\BaseConnection.php(635): CodeIgniter\Database\BaseConnection->simpleQuery('SELECT "vr".*, ...')
#4 C:\Users\Mialisoa\ASA\interprom\interprom-back\system\Database\BaseBuilder.php(1629): CodeIgniter\Database\BaseConnection->query('SELECT "vr".*, ...', Array, false)
#5 C:\Users\Mialisoa\ASA\interprom\interprom-back\app\Controllers\PouleJController.php(108): CodeIgniter\Database\BaseBuilder->get()
#6 C:\Users\Mialisoa\ASA\interprom\interprom-back\system\CodeIgniter.php(933): App\Controllers\PouleJController->get_classement_par_poule_choisi('3', '2')
#7 C:\Users\Mialisoa\ASA\interprom\interprom-back\system\CodeIgniter.php(509): CodeIgniter\CodeIgniter->runController(Object(App\Controllers\PouleJController))
#8 C:\Users\Mialisoa\ASA\interprom\interprom-back\system\CodeIgniter.php(355): CodeIgniter\CodeIgniter->handleRequest(NULL, Object(Config\Cache), false)
#9 C:\Users\Mialisoa\ASA\interprom\interprom-back\system\Boot.php(312): CodeIgniter\CodeIgniter->run()
#10 C:\Users\Mialisoa\ASA\interprom\interprom-back\system\Boot.php(67): CodeIgniter\Boot::runCodeIgniter(Object(CodeIgniter\CodeIgniter))
#11 C:\Users\Mialisoa\ASA\interprom\interprom-back\public\index.php(62): CodeIgniter\Boot::bootWeb(Object(Config\Paths))
#12 C:\Users\Mialisoa\ASA\interprom\interprom-back\system\Commands\Server\rewrite.php(49): require_once('C:\\Users\\Mialis...')
#13 {main}
CRITICAL - 2025-05-15 20:00:01 --> CodeIgniter\Database\Exceptions\DatabaseException: pg_query(): Query failed: ERREUR:  la relation « v_resultat_par_equipe_tournoi_view_vaovao » n'existe pas
LINE 2: FROM &quot;v_resultat_par_equipe_tournoi_view_vaovao&quot; &quot;vr&quot;
             ^
[Method: GET, Route: api/classement/poule_3/tournoi_2]
in SYSTEMPATH\Database\BaseConnection.php on line 675.
 1 SYSTEMPATH\Database\BaseBuilder.php(1629): CodeIgniter\Database\BaseConnection->query('SELECT "vr".*, "e".*
FROM "v_resultat_par_equipe_tournoi_view_vaovao" "vr"
JOIN "equipe_tournoi" "et" ON "et"."id_equipe_tournoi" = "vr"."id_equipe_tournoi"
JOIN "equipe" "e" ON "e"."id_equipe" = "et"."id_equipe"
JOIN "poule" "p" ON "p"."id_poule" = "et"."id_poule"
WHERE "et"."id_tournoi" = :et.id_tournoi:
AND "et"."id_poule" = :et.id_poule:
AND "et"."id_poule" = :et.id_poule.1:
ORDER BY "vr"."points" DESC, "vr"."difference_score" DESC, "vr"."score_marque" DESC', [...], false)
 2 APPPATH\Controllers\PouleJController.php(108): CodeIgniter\Database\BaseBuilder->get()
 3 SYSTEMPATH\CodeIgniter.php(933): App\Controllers\PouleJController->get_classement_par_poule_choisi('3', '2')
 4 SYSTEMPATH\CodeIgniter.php(509): CodeIgniter\CodeIgniter->runController(Object(App\Controllers\PouleJController))
 5 SYSTEMPATH\CodeIgniter.php(355): CodeIgniter\CodeIgniter->handleRequest(null, Object(Config\Cache), false)
 6 SYSTEMPATH\Boot.php(312): CodeIgniter\CodeIgniter->run()
 7 SYSTEMPATH\Boot.php(67): CodeIgniter\Boot::runCodeIgniter(Object(CodeIgniter\CodeIgniter))
 8 FCPATH\index.php(62): CodeIgniter\Boot::bootWeb(Object(Config\Paths))
 9 SYSTEMPATH\Commands\Server\rewrite.php(49): require_once('C:\\Users\\Mialisoa\\ASA\\interprom\\interprom-back\\public\\index.php')
CRITICAL - 2025-05-15 20:00:01 --> [Caused by] CodeIgniter\Database\Exceptions\DatabaseException: pg_query(): Query failed: ERREUR:  la relation « v_resultat_par_equipe_tournoi_view_vaovao » n'existe pas
LINE 2: FROM &quot;v_resultat_par_equipe_tournoi_view_vaovao&quot; &quot;vr&quot;
             ^
in SYSTEMPATH\Database\Postgre\Connection.php on line 197.
 1 SYSTEMPATH\Database\BaseConnection.php(721): CodeIgniter\Database\Postgre\Connection->execute('SELECT "vr".*, "e".*
FROM "v_resultat_par_equipe_tournoi_view_vaovao" "vr"
JOIN "equipe_tournoi" "et" ON "et"."id_equipe_tournoi" = "vr"."id_equipe_tournoi"
JOIN "equipe" "e" ON "e"."id_equipe" = "et"."id_equipe"
JOIN "poule" "p" ON "p"."id_poule" = "et"."id_poule"
WHERE "et"."id_tournoi" = \'2\'
AND "et"."id_poule" = \'3\'
AND "et"."id_poule" = \'3\'
ORDER BY "vr"."points" DESC, "vr"."difference_score" DESC, "vr"."score_marque" DESC')
 2 SYSTEMPATH\Database\BaseConnection.php(635): CodeIgniter\Database\BaseConnection->simpleQuery('SELECT "vr".*, "e".*
FROM "v_resultat_par_equipe_tournoi_view_vaovao" "vr"
JOIN "equipe_tournoi" "et" ON "et"."id_equipe_tournoi" = "vr"."id_equipe_tournoi"
JOIN "equipe" "e" ON "e"."id_equipe" = "et"."id_equipe"
JOIN "poule" "p" ON "p"."id_poule" = "et"."id_poule"
WHERE "et"."id_tournoi" = \'2\'
AND "et"."id_poule" = \'3\'
AND "et"."id_poule" = \'3\'
ORDER BY "vr"."points" DESC, "vr"."difference_score" DESC, "vr"."score_marque" DESC')
 3 SYSTEMPATH\Database\BaseBuilder.php(1629): CodeIgniter\Database\BaseConnection->query('SELECT "vr".*, "e".*
FROM "v_resultat_par_equipe_tournoi_view_vaovao" "vr"
JOIN "equipe_tournoi" "et" ON "et"."id_equipe_tournoi" = "vr"."id_equipe_tournoi"
JOIN "equipe" "e" ON "e"."id_equipe" = "et"."id_equipe"
JOIN "poule" "p" ON "p"."id_poule" = "et"."id_poule"
WHERE "et"."id_tournoi" = :et.id_tournoi:
AND "et"."id_poule" = :et.id_poule:
AND "et"."id_poule" = :et.id_poule.1:
ORDER BY "vr"."points" DESC, "vr"."difference_score" DESC, "vr"."score_marque" DESC', [...], false)
 4 APPPATH\Controllers\PouleJController.php(108): CodeIgniter\Database\BaseBuilder->get()
 5 SYSTEMPATH\CodeIgniter.php(933): App\Controllers\PouleJController->get_classement_par_poule_choisi('3', '2')
 6 SYSTEMPATH\CodeIgniter.php(509): CodeIgniter\CodeIgniter->runController(Object(App\Controllers\PouleJController))
 7 SYSTEMPATH\CodeIgniter.php(355): CodeIgniter\CodeIgniter->handleRequest(null, Object(Config\Cache), false)
 8 SYSTEMPATH\Boot.php(312): CodeIgniter\CodeIgniter->run()
 9 SYSTEMPATH\Boot.php(67): CodeIgniter\Boot::runCodeIgniter(Object(CodeIgniter\CodeIgniter))
10 FCPATH\index.php(62): CodeIgniter\Boot::bootWeb(Object(Config\Paths))
11 SYSTEMPATH\Commands\Server\rewrite.php(49): require_once('C:\\Users\\Mialisoa\\ASA\\interprom\\interprom-back\\public\\index.php')
CRITICAL - 2025-05-15 20:00:01 --> [Caused by] ErrorException: pg_query(): Query failed: ERREUR:  la relation « v_resultat_par_equipe_tournoi_view_vaovao » n'existe pas
LINE 2: FROM &quot;v_resultat_par_equipe_tournoi_view_vaovao&quot; &quot;vr&quot;
             ^
in SYSTEMPATH\Database\Postgre\Connection.php on line 192.
 1 [internal function]: CodeIgniter\Debug\Exceptions->errorHandler(2, 'pg_query(): Query failed: ERREUR:  la relation « v_resultat_par_equipe_tournoi_view_vaovao » n\'existe pas
LINE 2: FROM &quot;v_resultat_par_equipe_tournoi_view_vaovao&quot; &quot;vr&quot;
             ^', 'C:\\Users\\Mialisoa\\ASA\\interprom\\interprom-back\\system\\Database\\Postgre\\Connection.php', 192)
 2 SYSTEMPATH\Database\Postgre\Connection.php(192): pg_query(Object(PgSql\Connection), 'SELECT "vr".*, "e".*
FROM "v_resultat_par_equipe_tournoi_view_vaovao" "vr"
JOIN "equipe_tournoi" "et" ON "et"."id_equipe_tournoi" = "vr"."id_equipe_tournoi"
JOIN "equipe" "e" ON "e"."id_equipe" = "et"."id_equipe"
JOIN "poule" "p" ON "p"."id_poule" = "et"."id_poule"
WHERE "et"."id_tournoi" = \'2\'
AND "et"."id_poule" = \'3\'
AND "et"."id_poule" = \'3\'
ORDER BY "vr"."points" DESC, "vr"."difference_score" DESC, "vr"."score_marque" DESC')
 3 SYSTEMPATH\Database\BaseConnection.php(721): CodeIgniter\Database\Postgre\Connection->execute('SELECT "vr".*, "e".*
FROM "v_resultat_par_equipe_tournoi_view_vaovao" "vr"
JOIN "equipe_tournoi" "et" ON "et"."id_equipe_tournoi" = "vr"."id_equipe_tournoi"
JOIN "equipe" "e" ON "e"."id_equipe" = "et"."id_equipe"
JOIN "poule" "p" ON "p"."id_poule" = "et"."id_poule"
WHERE "et"."id_tournoi" = \'2\'
AND "et"."id_poule" = \'3\'
AND "et"."id_poule" = \'3\'
ORDER BY "vr"."points" DESC, "vr"."difference_score" DESC, "vr"."score_marque" DESC')
 4 SYSTEMPATH\Database\BaseConnection.php(635): CodeIgniter\Database\BaseConnection->simpleQuery('SELECT "vr".*, "e".*
FROM "v_resultat_par_equipe_tournoi_view_vaovao" "vr"
JOIN "equipe_tournoi" "et" ON "et"."id_equipe_tournoi" = "vr"."id_equipe_tournoi"
JOIN "equipe" "e" ON "e"."id_equipe" = "et"."id_equipe"
JOIN "poule" "p" ON "p"."id_poule" = "et"."id_poule"
WHERE "et"."id_tournoi" = \'2\'
AND "et"."id_poule" = \'3\'
AND "et"."id_poule" = \'3\'
ORDER BY "vr"."points" DESC, "vr"."difference_score" DESC, "vr"."score_marque" DESC')
 5 SYSTEMPATH\Database\BaseBuilder.php(1629): CodeIgniter\Database\BaseConnection->query('SELECT "vr".*, "e".*
FROM "v_resultat_par_equipe_tournoi_view_vaovao" "vr"
JOIN "equipe_tournoi" "et" ON "et"."id_equipe_tournoi" = "vr"."id_equipe_tournoi"
JOIN "equipe" "e" ON "e"."id_equipe" = "et"."id_equipe"
JOIN "poule" "p" ON "p"."id_poule" = "et"."id_poule"
WHERE "et"."id_tournoi" = :et.id_tournoi:
AND "et"."id_poule" = :et.id_poule:
AND "et"."id_poule" = :et.id_poule.1:
ORDER BY "vr"."points" DESC, "vr"."difference_score" DESC, "vr"."score_marque" DESC', [...], false)
 6 APPPATH\Controllers\PouleJController.php(108): CodeIgniter\Database\BaseBuilder->get()
 7 SYSTEMPATH\CodeIgniter.php(933): App\Controllers\PouleJController->get_classement_par_poule_choisi('3', '2')
 8 SYSTEMPATH\CodeIgniter.php(509): CodeIgniter\CodeIgniter->runController(Object(App\Controllers\PouleJController))
 9 SYSTEMPATH\CodeIgniter.php(355): CodeIgniter\CodeIgniter->handleRequest(null, Object(Config\Cache), false)
10 SYSTEMPATH\Boot.php(312): CodeIgniter\CodeIgniter->run()
11 SYSTEMPATH\Boot.php(67): CodeIgniter\Boot::runCodeIgniter(Object(CodeIgniter\CodeIgniter))
12 FCPATH\index.php(62): CodeIgniter\Boot::bootWeb(Object(Config\Paths))
13 SYSTEMPATH\Commands\Server\rewrite.php(49): require_once('C:\\Users\\Mialisoa\\ASA\\interprom\\interprom-back\\public\\index.php')
ERROR - 2025-05-15 20:00:03 --> ErrorException: pg_query(): Query failed: ERREUR:  la relation « v_resultat_par_equipe_tournoi_view_vaovao » n'existe pas
LINE 2: FROM &quot;v_resultat_par_equipe_tournoi_view_vaovao&quot; &quot;vr&quot;
             ^ in C:\Users\Mialisoa\ASA\interprom\interprom-back\system\Database\Postgre\Connection.php:192
Stack trace:
#0 [internal function]: CodeIgniter\Debug\Exceptions->errorHandler(2, 'pg_query(): Que...', 'C:\\Users\\Mialis...', 192)
#1 C:\Users\Mialisoa\ASA\interprom\interprom-back\system\Database\Postgre\Connection.php(192): pg_query(Object(PgSql\Connection), 'SELECT "vr".*, ...')
#2 C:\Users\Mialisoa\ASA\interprom\interprom-back\system\Database\BaseConnection.php(721): CodeIgniter\Database\Postgre\Connection->execute('SELECT "vr".*, ...')
#3 C:\Users\Mialisoa\ASA\interprom\interprom-back\system\Database\BaseConnection.php(635): CodeIgniter\Database\BaseConnection->simpleQuery('SELECT "vr".*, ...')
#4 C:\Users\Mialisoa\ASA\interprom\interprom-back\system\Database\BaseBuilder.php(1629): CodeIgniter\Database\BaseConnection->query('SELECT "vr".*, ...', Array, false)
#5 C:\Users\Mialisoa\ASA\interprom\interprom-back\app\Controllers\PouleJController.php(108): CodeIgniter\Database\BaseBuilder->get()
#6 C:\Users\Mialisoa\ASA\interprom\interprom-back\system\CodeIgniter.php(933): App\Controllers\PouleJController->get_classement_par_poule_choisi('3', '2')
#7 C:\Users\Mialisoa\ASA\interprom\interprom-back\system\CodeIgniter.php(509): CodeIgniter\CodeIgniter->runController(Object(App\Controllers\PouleJController))
#8 C:\Users\Mialisoa\ASA\interprom\interprom-back\system\CodeIgniter.php(355): CodeIgniter\CodeIgniter->handleRequest(NULL, Object(Config\Cache), false)
#9 C:\Users\Mialisoa\ASA\interprom\interprom-back\system\Boot.php(312): CodeIgniter\CodeIgniter->run()
#10 C:\Users\Mialisoa\ASA\interprom\interprom-back\system\Boot.php(67): CodeIgniter\Boot::runCodeIgniter(Object(CodeIgniter\CodeIgniter))
#11 C:\Users\Mialisoa\ASA\interprom\interprom-back\public\index.php(62): CodeIgniter\Boot::bootWeb(Object(Config\Paths))
#12 C:\Users\Mialisoa\ASA\interprom\interprom-back\system\Commands\Server\rewrite.php(49): require_once('C:\\Users\\Mialis...')
#13 {main}
CRITICAL - 2025-05-15 20:00:03 --> CodeIgniter\Database\Exceptions\DatabaseException: pg_query(): Query failed: ERREUR:  la relation « v_resultat_par_equipe_tournoi_view_vaovao » n'existe pas
LINE 2: FROM &quot;v_resultat_par_equipe_tournoi_view_vaovao&quot; &quot;vr&quot;
             ^
[Method: GET, Route: api/classement/poule_3/tournoi_2]
in SYSTEMPATH\Database\BaseConnection.php on line 675.
 1 SYSTEMPATH\Database\BaseBuilder.php(1629): CodeIgniter\Database\BaseConnection->query('SELECT "vr".*, "e".*
FROM "v_resultat_par_equipe_tournoi_view_vaovao" "vr"
JOIN "equipe_tournoi" "et" ON "et"."id_equipe_tournoi" = "vr"."id_equipe_tournoi"
JOIN "equipe" "e" ON "e"."id_equipe" = "et"."id_equipe"
JOIN "poule" "p" ON "p"."id_poule" = "et"."id_poule"
WHERE "et"."id_tournoi" = :et.id_tournoi:
AND "et"."id_poule" = :et.id_poule:
AND "et"."id_poule" = :et.id_poule.1:
ORDER BY "vr"."points" DESC, "vr"."difference_score" DESC, "vr"."score_marque" DESC', [...], false)
 2 APPPATH\Controllers\PouleJController.php(108): CodeIgniter\Database\BaseBuilder->get()
 3 SYSTEMPATH\CodeIgniter.php(933): App\Controllers\PouleJController->get_classement_par_poule_choisi('3', '2')
 4 SYSTEMPATH\CodeIgniter.php(509): CodeIgniter\CodeIgniter->runController(Object(App\Controllers\PouleJController))
 5 SYSTEMPATH\CodeIgniter.php(355): CodeIgniter\CodeIgniter->handleRequest(null, Object(Config\Cache), false)
 6 SYSTEMPATH\Boot.php(312): CodeIgniter\CodeIgniter->run()
 7 SYSTEMPATH\Boot.php(67): CodeIgniter\Boot::runCodeIgniter(Object(CodeIgniter\CodeIgniter))
 8 FCPATH\index.php(62): CodeIgniter\Boot::bootWeb(Object(Config\Paths))
 9 SYSTEMPATH\Commands\Server\rewrite.php(49): require_once('C:\\Users\\Mialisoa\\ASA\\interprom\\interprom-back\\public\\index.php')
CRITICAL - 2025-05-15 20:00:03 --> [Caused by] CodeIgniter\Database\Exceptions\DatabaseException: pg_query(): Query failed: ERREUR:  la relation « v_resultat_par_equipe_tournoi_view_vaovao » n'existe pas
LINE 2: FROM &quot;v_resultat_par_equipe_tournoi_view_vaovao&quot; &quot;vr&quot;
             ^
in SYSTEMPATH\Database\Postgre\Connection.php on line 197.
 1 SYSTEMPATH\Database\BaseConnection.php(721): CodeIgniter\Database\Postgre\Connection->execute('SELECT "vr".*, "e".*
FROM "v_resultat_par_equipe_tournoi_view_vaovao" "vr"
JOIN "equipe_tournoi" "et" ON "et"."id_equipe_tournoi" = "vr"."id_equipe_tournoi"
JOIN "equipe" "e" ON "e"."id_equipe" = "et"."id_equipe"
JOIN "poule" "p" ON "p"."id_poule" = "et"."id_poule"
WHERE "et"."id_tournoi" = \'2\'
AND "et"."id_poule" = \'3\'
AND "et"."id_poule" = \'3\'
ORDER BY "vr"."points" DESC, "vr"."difference_score" DESC, "vr"."score_marque" DESC')
 2 SYSTEMPATH\Database\BaseConnection.php(635): CodeIgniter\Database\BaseConnection->simpleQuery('SELECT "vr".*, "e".*
FROM "v_resultat_par_equipe_tournoi_view_vaovao" "vr"
JOIN "equipe_tournoi" "et" ON "et"."id_equipe_tournoi" = "vr"."id_equipe_tournoi"
JOIN "equipe" "e" ON "e"."id_equipe" = "et"."id_equipe"
JOIN "poule" "p" ON "p"."id_poule" = "et"."id_poule"
WHERE "et"."id_tournoi" = \'2\'
AND "et"."id_poule" = \'3\'
AND "et"."id_poule" = \'3\'
ORDER BY "vr"."points" DESC, "vr"."difference_score" DESC, "vr"."score_marque" DESC')
 3 SYSTEMPATH\Database\BaseBuilder.php(1629): CodeIgniter\Database\BaseConnection->query('SELECT "vr".*, "e".*
FROM "v_resultat_par_equipe_tournoi_view_vaovao" "vr"
JOIN "equipe_tournoi" "et" ON "et"."id_equipe_tournoi" = "vr"."id_equipe_tournoi"
JOIN "equipe" "e" ON "e"."id_equipe" = "et"."id_equipe"
JOIN "poule" "p" ON "p"."id_poule" = "et"."id_poule"
WHERE "et"."id_tournoi" = :et.id_tournoi:
AND "et"."id_poule" = :et.id_poule:
AND "et"."id_poule" = :et.id_poule.1:
ORDER BY "vr"."points" DESC, "vr"."difference_score" DESC, "vr"."score_marque" DESC', [...], false)
 4 APPPATH\Controllers\PouleJController.php(108): CodeIgniter\Database\BaseBuilder->get()
 5 SYSTEMPATH\CodeIgniter.php(933): App\Controllers\PouleJController->get_classement_par_poule_choisi('3', '2')
 6 SYSTEMPATH\CodeIgniter.php(509): CodeIgniter\CodeIgniter->runController(Object(App\Controllers\PouleJController))
 7 SYSTEMPATH\CodeIgniter.php(355): CodeIgniter\CodeIgniter->handleRequest(null, Object(Config\Cache), false)
 8 SYSTEMPATH\Boot.php(312): CodeIgniter\CodeIgniter->run()
 9 SYSTEMPATH\Boot.php(67): CodeIgniter\Boot::runCodeIgniter(Object(CodeIgniter\CodeIgniter))
10 FCPATH\index.php(62): CodeIgniter\Boot::bootWeb(Object(Config\Paths))
11 SYSTEMPATH\Commands\Server\rewrite.php(49): require_once('C:\\Users\\Mialisoa\\ASA\\interprom\\interprom-back\\public\\index.php')
CRITICAL - 2025-05-15 20:00:03 --> [Caused by] ErrorException: pg_query(): Query failed: ERREUR:  la relation « v_resultat_par_equipe_tournoi_view_vaovao » n'existe pas
LINE 2: FROM &quot;v_resultat_par_equipe_tournoi_view_vaovao&quot; &quot;vr&quot;
             ^
in SYSTEMPATH\Database\Postgre\Connection.php on line 192.
 1 [internal function]: CodeIgniter\Debug\Exceptions->errorHandler(2, 'pg_query(): Query failed: ERREUR:  la relation « v_resultat_par_equipe_tournoi_view_vaovao » n\'existe pas
LINE 2: FROM &quot;v_resultat_par_equipe_tournoi_view_vaovao&quot; &quot;vr&quot;
             ^', 'C:\\Users\\Mialisoa\\ASA\\interprom\\interprom-back\\system\\Database\\Postgre\\Connection.php', 192)
 2 SYSTEMPATH\Database\Postgre\Connection.php(192): pg_query(Object(PgSql\Connection), 'SELECT "vr".*, "e".*
FROM "v_resultat_par_equipe_tournoi_view_vaovao" "vr"
JOIN "equipe_tournoi" "et" ON "et"."id_equipe_tournoi" = "vr"."id_equipe_tournoi"
JOIN "equipe" "e" ON "e"."id_equipe" = "et"."id_equipe"
JOIN "poule" "p" ON "p"."id_poule" = "et"."id_poule"
WHERE "et"."id_tournoi" = \'2\'
AND "et"."id_poule" = \'3\'
AND "et"."id_poule" = \'3\'
ORDER BY "vr"."points" DESC, "vr"."difference_score" DESC, "vr"."score_marque" DESC')
 3 SYSTEMPATH\Database\BaseConnection.php(721): CodeIgniter\Database\Postgre\Connection->execute('SELECT "vr".*, "e".*
FROM "v_resultat_par_equipe_tournoi_view_vaovao" "vr"
JOIN "equipe_tournoi" "et" ON "et"."id_equipe_tournoi" = "vr"."id_equipe_tournoi"
JOIN "equipe" "e" ON "e"."id_equipe" = "et"."id_equipe"
JOIN "poule" "p" ON "p"."id_poule" = "et"."id_poule"
WHERE "et"."id_tournoi" = \'2\'
AND "et"."id_poule" = \'3\'
AND "et"."id_poule" = \'3\'
ORDER BY "vr"."points" DESC, "vr"."difference_score" DESC, "vr"."score_marque" DESC')
 4 SYSTEMPATH\Database\BaseConnection.php(635): CodeIgniter\Database\BaseConnection->simpleQuery('SELECT "vr".*, "e".*
FROM "v_resultat_par_equipe_tournoi_view_vaovao" "vr"
JOIN "equipe_tournoi" "et" ON "et"."id_equipe_tournoi" = "vr"."id_equipe_tournoi"
JOIN "equipe" "e" ON "e"."id_equipe" = "et"."id_equipe"
JOIN "poule" "p" ON "p"."id_poule" = "et"."id_poule"
WHERE "et"."id_tournoi" = \'2\'
AND "et"."id_poule" = \'3\'
AND "et"."id_poule" = \'3\'
ORDER BY "vr"."points" DESC, "vr"."difference_score" DESC, "vr"."score_marque" DESC')
 5 SYSTEMPATH\Database\BaseBuilder.php(1629): CodeIgniter\Database\BaseConnection->query('SELECT "vr".*, "e".*
FROM "v_resultat_par_equipe_tournoi_view_vaovao" "vr"
JOIN "equipe_tournoi" "et" ON "et"."id_equipe_tournoi" = "vr"."id_equipe_tournoi"
JOIN "equipe" "e" ON "e"."id_equipe" = "et"."id_equipe"
JOIN "poule" "p" ON "p"."id_poule" = "et"."id_poule"
WHERE "et"."id_tournoi" = :et.id_tournoi:
AND "et"."id_poule" = :et.id_poule:
AND "et"."id_poule" = :et.id_poule.1:
ORDER BY "vr"."points" DESC, "vr"."difference_score" DESC, "vr"."score_marque" DESC', [...], false)
 6 APPPATH\Controllers\PouleJController.php(108): CodeIgniter\Database\BaseBuilder->get()
 7 SYSTEMPATH\CodeIgniter.php(933): App\Controllers\PouleJController->get_classement_par_poule_choisi('3', '2')
 8 SYSTEMPATH\CodeIgniter.php(509): CodeIgniter\CodeIgniter->runController(Object(App\Controllers\PouleJController))
 9 SYSTEMPATH\CodeIgniter.php(355): CodeIgniter\CodeIgniter->handleRequest(null, Object(Config\Cache), false)
10 SYSTEMPATH\Boot.php(312): CodeIgniter\CodeIgniter->run()
11 SYSTEMPATH\Boot.php(67): CodeIgniter\Boot::runCodeIgniter(Object(CodeIgniter\CodeIgniter))
12 FCPATH\index.php(62): CodeIgniter\Boot::bootWeb(Object(Config\Paths))
13 SYSTEMPATH\Commands\Server\rewrite.php(49): require_once('C:\\Users\\Mialisoa\\ASA\\interprom\\interprom-back\\public\\index.php')
ERROR - 2025-05-15 20:00:08 --> ErrorException: pg_query(): Query failed: ERREUR:  la relation « v_resultat_par_equipe_tournoi_view_vaovao » n'existe pas
LINE 2: FROM &quot;v_resultat_par_equipe_tournoi_view_vaovao&quot; &quot;vr&quot;
             ^ in C:\Users\Mialisoa\ASA\interprom\interprom-back\system\Database\Postgre\Connection.php:192
Stack trace:
#0 [internal function]: CodeIgniter\Debug\Exceptions->errorHandler(2, 'pg_query(): Que...', 'C:\\Users\\Mialis...', 192)
#1 C:\Users\Mialisoa\ASA\interprom\interprom-back\system\Database\Postgre\Connection.php(192): pg_query(Object(PgSql\Connection), 'SELECT "vr".*, ...')
#2 C:\Users\Mialisoa\ASA\interprom\interprom-back\system\Database\BaseConnection.php(721): CodeIgniter\Database\Postgre\Connection->execute('SELECT "vr".*, ...')
#3 C:\Users\Mialisoa\ASA\interprom\interprom-back\system\Database\BaseConnection.php(635): CodeIgniter\Database\BaseConnection->simpleQuery('SELECT "vr".*, ...')
#4 C:\Users\Mialisoa\ASA\interprom\interprom-back\system\Database\BaseBuilder.php(1629): CodeIgniter\Database\BaseConnection->query('SELECT "vr".*, ...', Array, false)
#5 C:\Users\Mialisoa\ASA\interprom\interprom-back\app\Controllers\PouleJController.php(108): CodeIgniter\Database\BaseBuilder->get()
#6 C:\Users\Mialisoa\ASA\interprom\interprom-back\system\CodeIgniter.php(933): App\Controllers\PouleJController->get_classement_par_poule_choisi('3', '2')
#7 C:\Users\Mialisoa\ASA\interprom\interprom-back\system\CodeIgniter.php(509): CodeIgniter\CodeIgniter->runController(Object(App\Controllers\PouleJController))
#8 C:\Users\Mialisoa\ASA\interprom\interprom-back\system\CodeIgniter.php(355): CodeIgniter\CodeIgniter->handleRequest(NULL, Object(Config\Cache), false)
#9 C:\Users\Mialisoa\ASA\interprom\interprom-back\system\Boot.php(312): CodeIgniter\CodeIgniter->run()
#10 C:\Users\Mialisoa\ASA\interprom\interprom-back\system\Boot.php(67): CodeIgniter\Boot::runCodeIgniter(Object(CodeIgniter\CodeIgniter))
#11 C:\Users\Mialisoa\ASA\interprom\interprom-back\public\index.php(62): CodeIgniter\Boot::bootWeb(Object(Config\Paths))
#12 C:\Users\Mialisoa\ASA\interprom\interprom-back\system\Commands\Server\rewrite.php(49): require_once('C:\\Users\\Mialis...')
#13 {main}
CRITICAL - 2025-05-15 20:00:08 --> CodeIgniter\Database\Exceptions\DatabaseException: pg_query(): Query failed: ERREUR:  la relation « v_resultat_par_equipe_tournoi_view_vaovao » n'existe pas
LINE 2: FROM &quot;v_resultat_par_equipe_tournoi_view_vaovao&quot; &quot;vr&quot;
             ^
[Method: GET, Route: api/classement/poule_3/tournoi_2]
in SYSTEMPATH\Database\BaseConnection.php on line 675.
 1 SYSTEMPATH\Database\BaseBuilder.php(1629): CodeIgniter\Database\BaseConnection->query('SELECT "vr".*, "e".*
FROM "v_resultat_par_equipe_tournoi_view_vaovao" "vr"
JOIN "equipe_tournoi" "et" ON "et"."id_equipe_tournoi" = "vr"."id_equipe_tournoi"
JOIN "equipe" "e" ON "e"."id_equipe" = "et"."id_equipe"
JOIN "poule" "p" ON "p"."id_poule" = "et"."id_poule"
WHERE "et"."id_tournoi" = :et.id_tournoi:
AND "et"."id_poule" = :et.id_poule:
AND "et"."id_poule" = :et.id_poule.1:
ORDER BY "vr"."points" DESC, "vr"."difference_score" DESC, "vr"."score_marque" DESC', [...], false)
 2 APPPATH\Controllers\PouleJController.php(108): CodeIgniter\Database\BaseBuilder->get()
 3 SYSTEMPATH\CodeIgniter.php(933): App\Controllers\PouleJController->get_classement_par_poule_choisi('3', '2')
 4 SYSTEMPATH\CodeIgniter.php(509): CodeIgniter\CodeIgniter->runController(Object(App\Controllers\PouleJController))
 5 SYSTEMPATH\CodeIgniter.php(355): CodeIgniter\CodeIgniter->handleRequest(null, Object(Config\Cache), false)
 6 SYSTEMPATH\Boot.php(312): CodeIgniter\CodeIgniter->run()
 7 SYSTEMPATH\Boot.php(67): CodeIgniter\Boot::runCodeIgniter(Object(CodeIgniter\CodeIgniter))
 8 FCPATH\index.php(62): CodeIgniter\Boot::bootWeb(Object(Config\Paths))
 9 SYSTEMPATH\Commands\Server\rewrite.php(49): require_once('C:\\Users\\Mialisoa\\ASA\\interprom\\interprom-back\\public\\index.php')
CRITICAL - 2025-05-15 20:00:08 --> [Caused by] CodeIgniter\Database\Exceptions\DatabaseException: pg_query(): Query failed: ERREUR:  la relation « v_resultat_par_equipe_tournoi_view_vaovao » n'existe pas
LINE 2: FROM &quot;v_resultat_par_equipe_tournoi_view_vaovao&quot; &quot;vr&quot;
             ^
in SYSTEMPATH\Database\Postgre\Connection.php on line 197.
 1 SYSTEMPATH\Database\BaseConnection.php(721): CodeIgniter\Database\Postgre\Connection->execute('SELECT "vr".*, "e".*
FROM "v_resultat_par_equipe_tournoi_view_vaovao" "vr"
JOIN "equipe_tournoi" "et" ON "et"."id_equipe_tournoi" = "vr"."id_equipe_tournoi"
JOIN "equipe" "e" ON "e"."id_equipe" = "et"."id_equipe"
JOIN "poule" "p" ON "p"."id_poule" = "et"."id_poule"
WHERE "et"."id_tournoi" = \'2\'
AND "et"."id_poule" = \'3\'
AND "et"."id_poule" = \'3\'
ORDER BY "vr"."points" DESC, "vr"."difference_score" DESC, "vr"."score_marque" DESC')
 2 SYSTEMPATH\Database\BaseConnection.php(635): CodeIgniter\Database\BaseConnection->simpleQuery('SELECT "vr".*, "e".*
FROM "v_resultat_par_equipe_tournoi_view_vaovao" "vr"
JOIN "equipe_tournoi" "et" ON "et"."id_equipe_tournoi" = "vr"."id_equipe_tournoi"
JOIN "equipe" "e" ON "e"."id_equipe" = "et"."id_equipe"
JOIN "poule" "p" ON "p"."id_poule" = "et"."id_poule"
WHERE "et"."id_tournoi" = \'2\'
AND "et"."id_poule" = \'3\'
AND "et"."id_poule" = \'3\'
ORDER BY "vr"."points" DESC, "vr"."difference_score" DESC, "vr"."score_marque" DESC')
 3 SYSTEMPATH\Database\BaseBuilder.php(1629): CodeIgniter\Database\BaseConnection->query('SELECT "vr".*, "e".*
FROM "v_resultat_par_equipe_tournoi_view_vaovao" "vr"
JOIN "equipe_tournoi" "et" ON "et"."id_equipe_tournoi" = "vr"."id_equipe_tournoi"
JOIN "equipe" "e" ON "e"."id_equipe" = "et"."id_equipe"
JOIN "poule" "p" ON "p"."id_poule" = "et"."id_poule"
WHERE "et"."id_tournoi" = :et.id_tournoi:
AND "et"."id_poule" = :et.id_poule:
AND "et"."id_poule" = :et.id_poule.1:
ORDER BY "vr"."points" DESC, "vr"."difference_score" DESC, "vr"."score_marque" DESC', [...], false)
 4 APPPATH\Controllers\PouleJController.php(108): CodeIgniter\Database\BaseBuilder->get()
 5 SYSTEMPATH\CodeIgniter.php(933): App\Controllers\PouleJController->get_classement_par_poule_choisi('3', '2')
 6 SYSTEMPATH\CodeIgniter.php(509): CodeIgniter\CodeIgniter->runController(Object(App\Controllers\PouleJController))
 7 SYSTEMPATH\CodeIgniter.php(355): CodeIgniter\CodeIgniter->handleRequest(null, Object(Config\Cache), false)
 8 SYSTEMPATH\Boot.php(312): CodeIgniter\CodeIgniter->run()
 9 SYSTEMPATH\Boot.php(67): CodeIgniter\Boot::runCodeIgniter(Object(CodeIgniter\CodeIgniter))
10 FCPATH\index.php(62): CodeIgniter\Boot::bootWeb(Object(Config\Paths))
11 SYSTEMPATH\Commands\Server\rewrite.php(49): require_once('C:\\Users\\Mialisoa\\ASA\\interprom\\interprom-back\\public\\index.php')
CRITICAL - 2025-05-15 20:00:08 --> [Caused by] ErrorException: pg_query(): Query failed: ERREUR:  la relation « v_resultat_par_equipe_tournoi_view_vaovao » n'existe pas
LINE 2: FROM &quot;v_resultat_par_equipe_tournoi_view_vaovao&quot; &quot;vr&quot;
             ^
in SYSTEMPATH\Database\Postgre\Connection.php on line 192.
 1 [internal function]: CodeIgniter\Debug\Exceptions->errorHandler(2, 'pg_query(): Query failed: ERREUR:  la relation « v_resultat_par_equipe_tournoi_view_vaovao » n\'existe pas
LINE 2: FROM &quot;v_resultat_par_equipe_tournoi_view_vaovao&quot; &quot;vr&quot;
             ^', 'C:\\Users\\Mialisoa\\ASA\\interprom\\interprom-back\\system\\Database\\Postgre\\Connection.php', 192)
 2 SYSTEMPATH\Database\Postgre\Connection.php(192): pg_query(Object(PgSql\Connection), 'SELECT "vr".*, "e".*
FROM "v_resultat_par_equipe_tournoi_view_vaovao" "vr"
JOIN "equipe_tournoi" "et" ON "et"."id_equipe_tournoi" = "vr"."id_equipe_tournoi"
JOIN "equipe" "e" ON "e"."id_equipe" = "et"."id_equipe"
JOIN "poule" "p" ON "p"."id_poule" = "et"."id_poule"
WHERE "et"."id_tournoi" = \'2\'
AND "et"."id_poule" = \'3\'
AND "et"."id_poule" = \'3\'
ORDER BY "vr"."points" DESC, "vr"."difference_score" DESC, "vr"."score_marque" DESC')
 3 SYSTEMPATH\Database\BaseConnection.php(721): CodeIgniter\Database\Postgre\Connection->execute('SELECT "vr".*, "e".*
FROM "v_resultat_par_equipe_tournoi_view_vaovao" "vr"
JOIN "equipe_tournoi" "et" ON "et"."id_equipe_tournoi" = "vr"."id_equipe_tournoi"
JOIN "equipe" "e" ON "e"."id_equipe" = "et"."id_equipe"
JOIN "poule" "p" ON "p"."id_poule" = "et"."id_poule"
WHERE "et"."id_tournoi" = \'2\'
AND "et"."id_poule" = \'3\'
AND "et"."id_poule" = \'3\'
ORDER BY "vr"."points" DESC, "vr"."difference_score" DESC, "vr"."score_marque" DESC')
 4 SYSTEMPATH\Database\BaseConnection.php(635): CodeIgniter\Database\BaseConnection->simpleQuery('SELECT "vr".*, "e".*
FROM "v_resultat_par_equipe_tournoi_view_vaovao" "vr"
JOIN "equipe_tournoi" "et" ON "et"."id_equipe_tournoi" = "vr"."id_equipe_tournoi"
JOIN "equipe" "e" ON "e"."id_equipe" = "et"."id_equipe"
JOIN "poule" "p" ON "p"."id_poule" = "et"."id_poule"
WHERE "et"."id_tournoi" = \'2\'
AND "et"."id_poule" = \'3\'
AND "et"."id_poule" = \'3\'
ORDER BY "vr"."points" DESC, "vr"."difference_score" DESC, "vr"."score_marque" DESC')
 5 SYSTEMPATH\Database\BaseBuilder.php(1629): CodeIgniter\Database\BaseConnection->query('SELECT "vr".*, "e".*
FROM "v_resultat_par_equipe_tournoi_view_vaovao" "vr"
JOIN "equipe_tournoi" "et" ON "et"."id_equipe_tournoi" = "vr"."id_equipe_tournoi"
JOIN "equipe" "e" ON "e"."id_equipe" = "et"."id_equipe"
JOIN "poule" "p" ON "p"."id_poule" = "et"."id_poule"
WHERE "et"."id_tournoi" = :et.id_tournoi:
AND "et"."id_poule" = :et.id_poule:
AND "et"."id_poule" = :et.id_poule.1:
ORDER BY "vr"."points" DESC, "vr"."difference_score" DESC, "vr"."score_marque" DESC', [...], false)
 6 APPPATH\Controllers\PouleJController.php(108): CodeIgniter\Database\BaseBuilder->get()
 7 SYSTEMPATH\CodeIgniter.php(933): App\Controllers\PouleJController->get_classement_par_poule_choisi('3', '2')
 8 SYSTEMPATH\CodeIgniter.php(509): CodeIgniter\CodeIgniter->runController(Object(App\Controllers\PouleJController))
 9 SYSTEMPATH\CodeIgniter.php(355): CodeIgniter\CodeIgniter->handleRequest(null, Object(Config\Cache), false)
10 SYSTEMPATH\Boot.php(312): CodeIgniter\CodeIgniter->run()
11 SYSTEMPATH\Boot.php(67): CodeIgniter\Boot::runCodeIgniter(Object(CodeIgniter\CodeIgniter))
12 FCPATH\index.php(62): CodeIgniter\Boot::bootWeb(Object(Config\Paths))
13 SYSTEMPATH\Commands\Server\rewrite.php(49): require_once('C:\\Users\\Mialisoa\\ASA\\interprom\\interprom-back\\public\\index.php')
ERROR - 2025-05-15 20:00:17 --> ErrorException: pg_query(): Query failed: ERREUR:  droit refusé pour la vue v_resultat_par_equipe_tournoi_view_vaovao in C:\Users\Mialisoa\ASA\interprom\interprom-back\system\Database\Postgre\Connection.php:192
Stack trace:
#0 [internal function]: CodeIgniter\Debug\Exceptions->errorHandler(2, 'pg_query(): Que...', 'C:\\Users\\Mialis...', 192)
#1 C:\Users\Mialisoa\ASA\interprom\interprom-back\system\Database\Postgre\Connection.php(192): pg_query(Object(PgSql\Connection), 'SELECT "vr".*, ...')
#2 C:\Users\Mialisoa\ASA\interprom\interprom-back\system\Database\BaseConnection.php(721): CodeIgniter\Database\Postgre\Connection->execute('SELECT "vr".*, ...')
#3 C:\Users\Mialisoa\ASA\interprom\interprom-back\system\Database\BaseConnection.php(635): CodeIgniter\Database\BaseConnection->simpleQuery('SELECT "vr".*, ...')
#4 C:\Users\Mialisoa\ASA\interprom\interprom-back\system\Database\BaseBuilder.php(1629): CodeIgniter\Database\BaseConnection->query('SELECT "vr".*, ...', Array, false)
#5 C:\Users\Mialisoa\ASA\interprom\interprom-back\app\Controllers\PouleJController.php(108): CodeIgniter\Database\BaseBuilder->get()
#6 C:\Users\Mialisoa\ASA\interprom\interprom-back\system\CodeIgniter.php(933): App\Controllers\PouleJController->get_classement_par_poule_choisi('3', '2')
#7 C:\Users\Mialisoa\ASA\interprom\interprom-back\system\CodeIgniter.php(509): CodeIgniter\CodeIgniter->runController(Object(App\Controllers\PouleJController))
#8 C:\Users\Mialisoa\ASA\interprom\interprom-back\system\CodeIgniter.php(355): CodeIgniter\CodeIgniter->handleRequest(NULL, Object(Config\Cache), false)
#9 C:\Users\Mialisoa\ASA\interprom\interprom-back\system\Boot.php(312): CodeIgniter\CodeIgniter->run()
#10 C:\Users\Mialisoa\ASA\interprom\interprom-back\system\Boot.php(67): CodeIgniter\Boot::runCodeIgniter(Object(CodeIgniter\CodeIgniter))
#11 C:\Users\Mialisoa\ASA\interprom\interprom-back\public\index.php(62): CodeIgniter\Boot::bootWeb(Object(Config\Paths))
#12 C:\Users\Mialisoa\ASA\interprom\interprom-back\system\Commands\Server\rewrite.php(49): require_once('C:\\Users\\Mialis...')
#13 {main}
CRITICAL - 2025-05-15 20:00:17 --> CodeIgniter\Database\Exceptions\DatabaseException: pg_query(): Query failed: ERREUR:  droit refusé pour la vue v_resultat_par_equipe_tournoi_view_vaovao
[Method: GET, Route: api/classement/poule_3/tournoi_2]
in SYSTEMPATH\Database\BaseConnection.php on line 675.
 1 SYSTEMPATH\Database\BaseBuilder.php(1629): CodeIgniter\Database\BaseConnection->query('SELECT "vr".*, "e".*
FROM "v_resultat_par_equipe_tournoi_view_vaovao" "vr"
JOIN "equipe_tournoi" "et" ON "et"."id_equipe_tournoi" = "vr"."id_equipe_tournoi"
JOIN "equipe" "e" ON "e"."id_equipe" = "et"."id_equipe"
JOIN "poule" "p" ON "p"."id_poule" = "et"."id_poule"
WHERE "et"."id_tournoi" = :et.id_tournoi:
AND "et"."id_poule" = :et.id_poule:
AND "et"."id_poule" = :et.id_poule.1:
ORDER BY "vr"."points" DESC, "vr"."difference_score" DESC, "vr"."score_marque" DESC', [...], false)
 2 APPPATH\Controllers\PouleJController.php(108): CodeIgniter\Database\BaseBuilder->get()
 3 SYSTEMPATH\CodeIgniter.php(933): App\Controllers\PouleJController->get_classement_par_poule_choisi('3', '2')
 4 SYSTEMPATH\CodeIgniter.php(509): CodeIgniter\CodeIgniter->runController(Object(App\Controllers\PouleJController))
 5 SYSTEMPATH\CodeIgniter.php(355): CodeIgniter\CodeIgniter->handleRequest(null, Object(Config\Cache), false)
 6 SYSTEMPATH\Boot.php(312): CodeIgniter\CodeIgniter->run()
 7 SYSTEMPATH\Boot.php(67): CodeIgniter\Boot::runCodeIgniter(Object(CodeIgniter\CodeIgniter))
 8 FCPATH\index.php(62): CodeIgniter\Boot::bootWeb(Object(Config\Paths))
 9 SYSTEMPATH\Commands\Server\rewrite.php(49): require_once('C:\\Users\\Mialisoa\\ASA\\interprom\\interprom-back\\public\\index.php')
CRITICAL - 2025-05-15 20:00:17 --> [Caused by] CodeIgniter\Database\Exceptions\DatabaseException: pg_query(): Query failed: ERREUR:  droit refusé pour la vue v_resultat_par_equipe_tournoi_view_vaovao
in SYSTEMPATH\Database\Postgre\Connection.php on line 197.
 1 SYSTEMPATH\Database\BaseConnection.php(721): CodeIgniter\Database\Postgre\Connection->execute('SELECT "vr".*, "e".*
FROM "v_resultat_par_equipe_tournoi_view_vaovao" "vr"
JOIN "equipe_tournoi" "et" ON "et"."id_equipe_tournoi" = "vr"."id_equipe_tournoi"
JOIN "equipe" "e" ON "e"."id_equipe" = "et"."id_equipe"
JOIN "poule" "p" ON "p"."id_poule" = "et"."id_poule"
WHERE "et"."id_tournoi" = \'2\'
AND "et"."id_poule" = \'3\'
AND "et"."id_poule" = \'3\'
ORDER BY "vr"."points" DESC, "vr"."difference_score" DESC, "vr"."score_marque" DESC')
 2 SYSTEMPATH\Database\BaseConnection.php(635): CodeIgniter\Database\BaseConnection->simpleQuery('SELECT "vr".*, "e".*
FROM "v_resultat_par_equipe_tournoi_view_vaovao" "vr"
JOIN "equipe_tournoi" "et" ON "et"."id_equipe_tournoi" = "vr"."id_equipe_tournoi"
JOIN "equipe" "e" ON "e"."id_equipe" = "et"."id_equipe"
JOIN "poule" "p" ON "p"."id_poule" = "et"."id_poule"
WHERE "et"."id_tournoi" = \'2\'
AND "et"."id_poule" = \'3\'
AND "et"."id_poule" = \'3\'
ORDER BY "vr"."points" DESC, "vr"."difference_score" DESC, "vr"."score_marque" DESC')
 3 SYSTEMPATH\Database\BaseBuilder.php(1629): CodeIgniter\Database\BaseConnection->query('SELECT "vr".*, "e".*
FROM "v_resultat_par_equipe_tournoi_view_vaovao" "vr"
JOIN "equipe_tournoi" "et" ON "et"."id_equipe_tournoi" = "vr"."id_equipe_tournoi"
JOIN "equipe" "e" ON "e"."id_equipe" = "et"."id_equipe"
JOIN "poule" "p" ON "p"."id_poule" = "et"."id_poule"
WHERE "et"."id_tournoi" = :et.id_tournoi:
AND "et"."id_poule" = :et.id_poule:
AND "et"."id_poule" = :et.id_poule.1:
ORDER BY "vr"."points" DESC, "vr"."difference_score" DESC, "vr"."score_marque" DESC', [...], false)
 4 APPPATH\Controllers\PouleJController.php(108): CodeIgniter\Database\BaseBuilder->get()
 5 SYSTEMPATH\CodeIgniter.php(933): App\Controllers\PouleJController->get_classement_par_poule_choisi('3', '2')
 6 SYSTEMPATH\CodeIgniter.php(509): CodeIgniter\CodeIgniter->runController(Object(App\Controllers\PouleJController))
 7 SYSTEMPATH\CodeIgniter.php(355): CodeIgniter\CodeIgniter->handleRequest(null, Object(Config\Cache), false)
 8 SYSTEMPATH\Boot.php(312): CodeIgniter\CodeIgniter->run()
 9 SYSTEMPATH\Boot.php(67): CodeIgniter\Boot::runCodeIgniter(Object(CodeIgniter\CodeIgniter))
10 FCPATH\index.php(62): CodeIgniter\Boot::bootWeb(Object(Config\Paths))
11 SYSTEMPATH\Commands\Server\rewrite.php(49): require_once('C:\\Users\\Mialisoa\\ASA\\interprom\\interprom-back\\public\\index.php')
CRITICAL - 2025-05-15 20:00:17 --> [Caused by] ErrorException: pg_query(): Query failed: ERREUR:  droit refusé pour la vue v_resultat_par_equipe_tournoi_view_vaovao
in SYSTEMPATH\Database\Postgre\Connection.php on line 192.
 1 [internal function]: CodeIgniter\Debug\Exceptions->errorHandler(2, 'pg_query(): Query failed: ERREUR:  droit refusé pour la vue v_resultat_par_equipe_tournoi_view_vaovao', 'C:\\Users\\Mialisoa\\ASA\\interprom\\interprom-back\\system\\Database\\Postgre\\Connection.php', 192)
 2 SYSTEMPATH\Database\Postgre\Connection.php(192): pg_query(Object(PgSql\Connection), 'SELECT "vr".*, "e".*
FROM "v_resultat_par_equipe_tournoi_view_vaovao" "vr"
JOIN "equipe_tournoi" "et" ON "et"."id_equipe_tournoi" = "vr"."id_equipe_tournoi"
JOIN "equipe" "e" ON "e"."id_equipe" = "et"."id_equipe"
JOIN "poule" "p" ON "p"."id_poule" = "et"."id_poule"
WHERE "et"."id_tournoi" = \'2\'
AND "et"."id_poule" = \'3\'
AND "et"."id_poule" = \'3\'
ORDER BY "vr"."points" DESC, "vr"."difference_score" DESC, "vr"."score_marque" DESC')
 3 SYSTEMPATH\Database\BaseConnection.php(721): CodeIgniter\Database\Postgre\Connection->execute('SELECT "vr".*, "e".*
FROM "v_resultat_par_equipe_tournoi_view_vaovao" "vr"
JOIN "equipe_tournoi" "et" ON "et"."id_equipe_tournoi" = "vr"."id_equipe_tournoi"
JOIN "equipe" "e" ON "e"."id_equipe" = "et"."id_equipe"
JOIN "poule" "p" ON "p"."id_poule" = "et"."id_poule"
WHERE "et"."id_tournoi" = \'2\'
AND "et"."id_poule" = \'3\'
AND "et"."id_poule" = \'3\'
ORDER BY "vr"."points" DESC, "vr"."difference_score" DESC, "vr"."score_marque" DESC')
 4 SYSTEMPATH\Database\BaseConnection.php(635): CodeIgniter\Database\BaseConnection->simpleQuery('SELECT "vr".*, "e".*
FROM "v_resultat_par_equipe_tournoi_view_vaovao" "vr"
JOIN "equipe_tournoi" "et" ON "et"."id_equipe_tournoi" = "vr"."id_equipe_tournoi"
JOIN "equipe" "e" ON "e"."id_equipe" = "et"."id_equipe"
JOIN "poule" "p" ON "p"."id_poule" = "et"."id_poule"
WHERE "et"."id_tournoi" = \'2\'
AND "et"."id_poule" = \'3\'
AND "et"."id_poule" = \'3\'
ORDER BY "vr"."points" DESC, "vr"."difference_score" DESC, "vr"."score_marque" DESC')
 5 SYSTEMPATH\Database\BaseBuilder.php(1629): CodeIgniter\Database\BaseConnection->query('SELECT "vr".*, "e".*
FROM "v_resultat_par_equipe_tournoi_view_vaovao" "vr"
JOIN "equipe_tournoi" "et" ON "et"."id_equipe_tournoi" = "vr"."id_equipe_tournoi"
JOIN "equipe" "e" ON "e"."id_equipe" = "et"."id_equipe"
JOIN "poule" "p" ON "p"."id_poule" = "et"."id_poule"
WHERE "et"."id_tournoi" = :et.id_tournoi:
AND "et"."id_poule" = :et.id_poule:
AND "et"."id_poule" = :et.id_poule.1:
ORDER BY "vr"."points" DESC, "vr"."difference_score" DESC, "vr"."score_marque" DESC', [...], false)
 6 APPPATH\Controllers\PouleJController.php(108): CodeIgniter\Database\BaseBuilder->get()
 7 SYSTEMPATH\CodeIgniter.php(933): App\Controllers\PouleJController->get_classement_par_poule_choisi('3', '2')
 8 SYSTEMPATH\CodeIgniter.php(509): CodeIgniter\CodeIgniter->runController(Object(App\Controllers\PouleJController))
 9 SYSTEMPATH\CodeIgniter.php(355): CodeIgniter\CodeIgniter->handleRequest(null, Object(Config\Cache), false)
10 SYSTEMPATH\Boot.php(312): CodeIgniter\CodeIgniter->run()
11 SYSTEMPATH\Boot.php(67): CodeIgniter\Boot::runCodeIgniter(Object(CodeIgniter\CodeIgniter))
12 FCPATH\index.php(62): CodeIgniter\Boot::bootWeb(Object(Config\Paths))
13 SYSTEMPATH\Commands\Server\rewrite.php(49): require_once('C:\\Users\\Mialisoa\\ASA\\interprom\\interprom-back\\public\\index.php')
ERROR - 2025-05-15 20:00:18 --> ErrorException: pg_query(): Query failed: ERREUR:  droit refusé pour la vue v_resultat_par_equipe_tournoi_view_vaovao in C:\Users\Mialisoa\ASA\interprom\interprom-back\system\Database\Postgre\Connection.php:192
Stack trace:
#0 [internal function]: CodeIgniter\Debug\Exceptions->errorHandler(2, 'pg_query(): Que...', 'C:\\Users\\Mialis...', 192)
#1 C:\Users\Mialisoa\ASA\interprom\interprom-back\system\Database\Postgre\Connection.php(192): pg_query(Object(PgSql\Connection), 'SELECT "vr".*, ...')
#2 C:\Users\Mialisoa\ASA\interprom\interprom-back\system\Database\BaseConnection.php(721): CodeIgniter\Database\Postgre\Connection->execute('SELECT "vr".*, ...')
#3 C:\Users\Mialisoa\ASA\interprom\interprom-back\system\Database\BaseConnection.php(635): CodeIgniter\Database\BaseConnection->simpleQuery('SELECT "vr".*, ...')
#4 C:\Users\Mialisoa\ASA\interprom\interprom-back\system\Database\BaseBuilder.php(1629): CodeIgniter\Database\BaseConnection->query('SELECT "vr".*, ...', Array, false)
#5 C:\Users\Mialisoa\ASA\interprom\interprom-back\app\Controllers\PouleJController.php(108): CodeIgniter\Database\BaseBuilder->get()
#6 C:\Users\Mialisoa\ASA\interprom\interprom-back\system\CodeIgniter.php(933): App\Controllers\PouleJController->get_classement_par_poule_choisi('3', '2')
#7 C:\Users\Mialisoa\ASA\interprom\interprom-back\system\CodeIgniter.php(509): CodeIgniter\CodeIgniter->runController(Object(App\Controllers\PouleJController))
#8 C:\Users\Mialisoa\ASA\interprom\interprom-back\system\CodeIgniter.php(355): CodeIgniter\CodeIgniter->handleRequest(NULL, Object(Config\Cache), false)
#9 C:\Users\Mialisoa\ASA\interprom\interprom-back\system\Boot.php(312): CodeIgniter\CodeIgniter->run()
#10 C:\Users\Mialisoa\ASA\interprom\interprom-back\system\Boot.php(67): CodeIgniter\Boot::runCodeIgniter(Object(CodeIgniter\CodeIgniter))
#11 C:\Users\Mialisoa\ASA\interprom\interprom-back\public\index.php(62): CodeIgniter\Boot::bootWeb(Object(Config\Paths))
#12 C:\Users\Mialisoa\ASA\interprom\interprom-back\system\Commands\Server\rewrite.php(49): require_once('C:\\Users\\Mialis...')
#13 {main}
CRITICAL - 2025-05-15 20:00:18 --> CodeIgniter\Database\Exceptions\DatabaseException: pg_query(): Query failed: ERREUR:  droit refusé pour la vue v_resultat_par_equipe_tournoi_view_vaovao
[Method: GET, Route: api/classement/poule_3/tournoi_2]
in SYSTEMPATH\Database\BaseConnection.php on line 675.
 1 SYSTEMPATH\Database\BaseBuilder.php(1629): CodeIgniter\Database\BaseConnection->query('SELECT "vr".*, "e".*
FROM "v_resultat_par_equipe_tournoi_view_vaovao" "vr"
JOIN "equipe_tournoi" "et" ON "et"."id_equipe_tournoi" = "vr"."id_equipe_tournoi"
JOIN "equipe" "e" ON "e"."id_equipe" = "et"."id_equipe"
JOIN "poule" "p" ON "p"."id_poule" = "et"."id_poule"
WHERE "et"."id_tournoi" = :et.id_tournoi:
AND "et"."id_poule" = :et.id_poule:
AND "et"."id_poule" = :et.id_poule.1:
ORDER BY "vr"."points" DESC, "vr"."difference_score" DESC, "vr"."score_marque" DESC', [...], false)
 2 APPPATH\Controllers\PouleJController.php(108): CodeIgniter\Database\BaseBuilder->get()
 3 SYSTEMPATH\CodeIgniter.php(933): App\Controllers\PouleJController->get_classement_par_poule_choisi('3', '2')
 4 SYSTEMPATH\CodeIgniter.php(509): CodeIgniter\CodeIgniter->runController(Object(App\Controllers\PouleJController))
 5 SYSTEMPATH\CodeIgniter.php(355): CodeIgniter\CodeIgniter->handleRequest(null, Object(Config\Cache), false)
 6 SYSTEMPATH\Boot.php(312): CodeIgniter\CodeIgniter->run()
 7 SYSTEMPATH\Boot.php(67): CodeIgniter\Boot::runCodeIgniter(Object(CodeIgniter\CodeIgniter))
 8 FCPATH\index.php(62): CodeIgniter\Boot::bootWeb(Object(Config\Paths))
 9 SYSTEMPATH\Commands\Server\rewrite.php(49): require_once('C:\\Users\\Mialisoa\\ASA\\interprom\\interprom-back\\public\\index.php')
CRITICAL - 2025-05-15 20:00:18 --> [Caused by] CodeIgniter\Database\Exceptions\DatabaseException: pg_query(): Query failed: ERREUR:  droit refusé pour la vue v_resultat_par_equipe_tournoi_view_vaovao
in SYSTEMPATH\Database\Postgre\Connection.php on line 197.
 1 SYSTEMPATH\Database\BaseConnection.php(721): CodeIgniter\Database\Postgre\Connection->execute('SELECT "vr".*, "e".*
FROM "v_resultat_par_equipe_tournoi_view_vaovao" "vr"
JOIN "equipe_tournoi" "et" ON "et"."id_equipe_tournoi" = "vr"."id_equipe_tournoi"
JOIN "equipe" "e" ON "e"."id_equipe" = "et"."id_equipe"
JOIN "poule" "p" ON "p"."id_poule" = "et"."id_poule"
WHERE "et"."id_tournoi" = \'2\'
AND "et"."id_poule" = \'3\'
AND "et"."id_poule" = \'3\'
ORDER BY "vr"."points" DESC, "vr"."difference_score" DESC, "vr"."score_marque" DESC')
 2 SYSTEMPATH\Database\BaseConnection.php(635): CodeIgniter\Database\BaseConnection->simpleQuery('SELECT "vr".*, "e".*
FROM "v_resultat_par_equipe_tournoi_view_vaovao" "vr"
JOIN "equipe_tournoi" "et" ON "et"."id_equipe_tournoi" = "vr"."id_equipe_tournoi"
JOIN "equipe" "e" ON "e"."id_equipe" = "et"."id_equipe"
JOIN "poule" "p" ON "p"."id_poule" = "et"."id_poule"
WHERE "et"."id_tournoi" = \'2\'
AND "et"."id_poule" = \'3\'
AND "et"."id_poule" = \'3\'
ORDER BY "vr"."points" DESC, "vr"."difference_score" DESC, "vr"."score_marque" DESC')
 3 SYSTEMPATH\Database\BaseBuilder.php(1629): CodeIgniter\Database\BaseConnection->query('SELECT "vr".*, "e".*
FROM "v_resultat_par_equipe_tournoi_view_vaovao" "vr"
JOIN "equipe_tournoi" "et" ON "et"."id_equipe_tournoi" = "vr"."id_equipe_tournoi"
JOIN "equipe" "e" ON "e"."id_equipe" = "et"."id_equipe"
JOIN "poule" "p" ON "p"."id_poule" = "et"."id_poule"
WHERE "et"."id_tournoi" = :et.id_tournoi:
AND "et"."id_poule" = :et.id_poule:
AND "et"."id_poule" = :et.id_poule.1:
ORDER BY "vr"."points" DESC, "vr"."difference_score" DESC, "vr"."score_marque" DESC', [...], false)
 4 APPPATH\Controllers\PouleJController.php(108): CodeIgniter\Database\BaseBuilder->get()
 5 SYSTEMPATH\CodeIgniter.php(933): App\Controllers\PouleJController->get_classement_par_poule_choisi('3', '2')
 6 SYSTEMPATH\CodeIgniter.php(509): CodeIgniter\CodeIgniter->runController(Object(App\Controllers\PouleJController))
 7 SYSTEMPATH\CodeIgniter.php(355): CodeIgniter\CodeIgniter->handleRequest(null, Object(Config\Cache), false)
 8 SYSTEMPATH\Boot.php(312): CodeIgniter\CodeIgniter->run()
 9 SYSTEMPATH\Boot.php(67): CodeIgniter\Boot::runCodeIgniter(Object(CodeIgniter\CodeIgniter))
10 FCPATH\index.php(62): CodeIgniter\Boot::bootWeb(Object(Config\Paths))
11 SYSTEMPATH\Commands\Server\rewrite.php(49): require_once('C:\\Users\\Mialisoa\\ASA\\interprom\\interprom-back\\public\\index.php')
CRITICAL - 2025-05-15 20:00:18 --> [Caused by] ErrorException: pg_query(): Query failed: ERREUR:  droit refusé pour la vue v_resultat_par_equipe_tournoi_view_vaovao
in SYSTEMPATH\Database\Postgre\Connection.php on line 192.
 1 [internal function]: CodeIgniter\Debug\Exceptions->errorHandler(2, 'pg_query(): Query failed: ERREUR:  droit refusé pour la vue v_resultat_par_equipe_tournoi_view_vaovao', 'C:\\Users\\Mialisoa\\ASA\\interprom\\interprom-back\\system\\Database\\Postgre\\Connection.php', 192)
 2 SYSTEMPATH\Database\Postgre\Connection.php(192): pg_query(Object(PgSql\Connection), 'SELECT "vr".*, "e".*
FROM "v_resultat_par_equipe_tournoi_view_vaovao" "vr"
JOIN "equipe_tournoi" "et" ON "et"."id_equipe_tournoi" = "vr"."id_equipe_tournoi"
JOIN "equipe" "e" ON "e"."id_equipe" = "et"."id_equipe"
JOIN "poule" "p" ON "p"."id_poule" = "et"."id_poule"
WHERE "et"."id_tournoi" = \'2\'
AND "et"."id_poule" = \'3\'
AND "et"."id_poule" = \'3\'
ORDER BY "vr"."points" DESC, "vr"."difference_score" DESC, "vr"."score_marque" DESC')
 3 SYSTEMPATH\Database\BaseConnection.php(721): CodeIgniter\Database\Postgre\Connection->execute('SELECT "vr".*, "e".*
FROM "v_resultat_par_equipe_tournoi_view_vaovao" "vr"
JOIN "equipe_tournoi" "et" ON "et"."id_equipe_tournoi" = "vr"."id_equipe_tournoi"
JOIN "equipe" "e" ON "e"."id_equipe" = "et"."id_equipe"
JOIN "poule" "p" ON "p"."id_poule" = "et"."id_poule"
WHERE "et"."id_tournoi" = \'2\'
AND "et"."id_poule" = \'3\'
AND "et"."id_poule" = \'3\'
ORDER BY "vr"."points" DESC, "vr"."difference_score" DESC, "vr"."score_marque" DESC')
 4 SYSTEMPATH\Database\BaseConnection.php(635): CodeIgniter\Database\BaseConnection->simpleQuery('SELECT "vr".*, "e".*
FROM "v_resultat_par_equipe_tournoi_view_vaovao" "vr"
JOIN "equipe_tournoi" "et" ON "et"."id_equipe_tournoi" = "vr"."id_equipe_tournoi"
JOIN "equipe" "e" ON "e"."id_equipe" = "et"."id_equipe"
JOIN "poule" "p" ON "p"."id_poule" = "et"."id_poule"
WHERE "et"."id_tournoi" = \'2\'
AND "et"."id_poule" = \'3\'
AND "et"."id_poule" = \'3\'
ORDER BY "vr"."points" DESC, "vr"."difference_score" DESC, "vr"."score_marque" DESC')
 5 SYSTEMPATH\Database\BaseBuilder.php(1629): CodeIgniter\Database\BaseConnection->query('SELECT "vr".*, "e".*
FROM "v_resultat_par_equipe_tournoi_view_vaovao" "vr"
JOIN "equipe_tournoi" "et" ON "et"."id_equipe_tournoi" = "vr"."id_equipe_tournoi"
JOIN "equipe" "e" ON "e"."id_equipe" = "et"."id_equipe"
JOIN "poule" "p" ON "p"."id_poule" = "et"."id_poule"
WHERE "et"."id_tournoi" = :et.id_tournoi:
AND "et"."id_poule" = :et.id_poule:
AND "et"."id_poule" = :et.id_poule.1:
ORDER BY "vr"."points" DESC, "vr"."difference_score" DESC, "vr"."score_marque" DESC', [...], false)
 6 APPPATH\Controllers\PouleJController.php(108): CodeIgniter\Database\BaseBuilder->get()
 7 SYSTEMPATH\CodeIgniter.php(933): App\Controllers\PouleJController->get_classement_par_poule_choisi('3', '2')
 8 SYSTEMPATH\CodeIgniter.php(509): CodeIgniter\CodeIgniter->runController(Object(App\Controllers\PouleJController))
 9 SYSTEMPATH\CodeIgniter.php(355): CodeIgniter\CodeIgniter->handleRequest(null, Object(Config\Cache), false)
10 SYSTEMPATH\Boot.php(312): CodeIgniter\CodeIgniter->run()
11 SYSTEMPATH\Boot.php(67): CodeIgniter\Boot::runCodeIgniter(Object(CodeIgniter\CodeIgniter))
12 FCPATH\index.php(62): CodeIgniter\Boot::bootWeb(Object(Config\Paths))
13 SYSTEMPATH\Commands\Server\rewrite.php(49): require_once('C:\\Users\\Mialisoa\\ASA\\interprom\\interprom-back\\public\\index.php')
WARNING - 2025-05-15 20:00:20 --> [DEPRECATED] Optional parameter $id_discipline declared before required parameter $id_tournoi is implicitly treated as a required parameter in APPPATH\Controllers\MatchJController.php on line 164.
 1 SYSTEMPATH\Autoloader\Autoloader.php(317): include_once('C:\\Users\\Mialisoa\\ASA\\interprom\\interprom-back\\system\\Debug\\Exceptions.php')
 2 SYSTEMPATH\Autoloader\Autoloader.php(296): CodeIgniter\Autoloader\Autoloader->includeFile('C:\\Users\\Mialisoa\\ASA\\interprom\\interprom-back\\app\\Controllers\\MatchJController.php')
 3 SYSTEMPATH\Autoloader\Autoloader.php(272): CodeIgniter\Autoloader\Autoloader->loadInNamespace('App\\Controllers\\MatchJController')
 4 [internal function]: CodeIgniter\Autoloader\Autoloader->loadClass('App\\Controllers\\MatchJController')
 5 SYSTEMPATH\CodeIgniter.php(887): class_exists('\\App\\Controllers\\MatchJController', true)
 6 SYSTEMPATH\CodeIgniter.php(496): CodeIgniter\CodeIgniter->startController()
 7 SYSTEMPATH\CodeIgniter.php(355): CodeIgniter\CodeIgniter->handleRequest(null, Object(Config\Cache), false)
 8 SYSTEMPATH\Boot.php(312): CodeIgniter\CodeIgniter->run()
 9 SYSTEMPATH\Boot.php(67): CodeIgniter\Boot::runCodeIgniter(Object(CodeIgniter\CodeIgniter))
10 FCPATH\index.php(62): CodeIgniter\Boot::bootWeb(Object(Config\Paths))
11 SYSTEMPATH\Commands\Server\rewrite.php(49): require_once('C:\\Users\\Mialisoa\\ASA\\interprom\\interprom-back\\public\\index.php')
WARNING - 2025-05-15 20:00:20 --> [DEPRECATED] Optional parameter $id_discipline declared before required parameter $id_tournoi is implicitly treated as a required parameter in APPPATH\Controllers\MatchJController.php on line 164.
 1 SYSTEMPATH\Autoloader\Autoloader.php(317): include_once('C:\\Users\\Mialisoa\\ASA\\interprom\\interprom-back\\system\\Debug\\Exceptions.php')
 2 SYSTEMPATH\Autoloader\Autoloader.php(296): CodeIgniter\Autoloader\Autoloader->includeFile('C:\\Users\\Mialisoa\\ASA\\interprom\\interprom-back\\app\\Controllers\\MatchJController.php')
 3 SYSTEMPATH\Autoloader\Autoloader.php(272): CodeIgniter\Autoloader\Autoloader->loadInNamespace('App\\Controllers\\MatchJController')
 4 [internal function]: CodeIgniter\Autoloader\Autoloader->loadClass('App\\Controllers\\MatchJController')
 5 SYSTEMPATH\CodeIgniter.php(887): class_exists('\\App\\Controllers\\MatchJController', true)
 6 SYSTEMPATH\CodeIgniter.php(496): CodeIgniter\CodeIgniter->startController()
 7 SYSTEMPATH\CodeIgniter.php(355): CodeIgniter\CodeIgniter->handleRequest(null, Object(Config\Cache), false)
 8 SYSTEMPATH\Boot.php(312): CodeIgniter\CodeIgniter->run()
 9 SYSTEMPATH\Boot.php(67): CodeIgniter\Boot::runCodeIgniter(Object(CodeIgniter\CodeIgniter))
10 FCPATH\index.php(62): CodeIgniter\Boot::bootWeb(Object(Config\Paths))
11 SYSTEMPATH\Commands\Server\rewrite.php(49): require_once('C:\\Users\\Mialisoa\\ASA\\interprom\\interprom-back\\public\\index.php')
WARNING - 2025-05-15 20:00:21 --> [DEPRECATED] Optional parameter $id_discipline declared before required parameter $id_tournoi is implicitly treated as a required parameter in APPPATH\Controllers\MatchJController.php on line 164.
 1 SYSTEMPATH\Autoloader\Autoloader.php(317): include_once('C:\\Users\\Mialisoa\\ASA\\interprom\\interprom-back\\system\\Debug\\Exceptions.php')
 2 SYSTEMPATH\Autoloader\Autoloader.php(296): CodeIgniter\Autoloader\Autoloader->includeFile('C:\\Users\\Mialisoa\\ASA\\interprom\\interprom-back\\app\\Controllers\\MatchJController.php')
 3 SYSTEMPATH\Autoloader\Autoloader.php(272): CodeIgniter\Autoloader\Autoloader->loadInNamespace('App\\Controllers\\MatchJController')
 4 [internal function]: CodeIgniter\Autoloader\Autoloader->loadClass('App\\Controllers\\MatchJController')
 5 SYSTEMPATH\CodeIgniter.php(887): class_exists('\\App\\Controllers\\MatchJController', true)
 6 SYSTEMPATH\CodeIgniter.php(496): CodeIgniter\CodeIgniter->startController()
 7 SYSTEMPATH\CodeIgniter.php(355): CodeIgniter\CodeIgniter->handleRequest(null, Object(Config\Cache), false)
 8 SYSTEMPATH\Boot.php(312): CodeIgniter\CodeIgniter->run()
 9 SYSTEMPATH\Boot.php(67): CodeIgniter\Boot::runCodeIgniter(Object(CodeIgniter\CodeIgniter))
10 FCPATH\index.php(62): CodeIgniter\Boot::bootWeb(Object(Config\Paths))
11 SYSTEMPATH\Commands\Server\rewrite.php(49): require_once('C:\\Users\\Mialisoa\\ASA\\interprom\\interprom-back\\public\\index.php')
WARNING - 2025-05-15 20:00:21 --> [DEPRECATED] Optional parameter $id_discipline declared before required parameter $id_tournoi is implicitly treated as a required parameter in APPPATH\Controllers\MatchJController.php on line 164.
 1 SYSTEMPATH\Autoloader\Autoloader.php(317): include_once('C:\\Users\\Mialisoa\\ASA\\interprom\\interprom-back\\system\\Debug\\Exceptions.php')
 2 SYSTEMPATH\Autoloader\Autoloader.php(296): CodeIgniter\Autoloader\Autoloader->includeFile('C:\\Users\\Mialisoa\\ASA\\interprom\\interprom-back\\app\\Controllers\\MatchJController.php')
 3 SYSTEMPATH\Autoloader\Autoloader.php(272): CodeIgniter\Autoloader\Autoloader->loadInNamespace('App\\Controllers\\MatchJController')
 4 [internal function]: CodeIgniter\Autoloader\Autoloader->loadClass('App\\Controllers\\MatchJController')
 5 SYSTEMPATH\CodeIgniter.php(887): class_exists('\\App\\Controllers\\MatchJController', true)
 6 SYSTEMPATH\CodeIgniter.php(496): CodeIgniter\CodeIgniter->startController()
 7 SYSTEMPATH\CodeIgniter.php(355): CodeIgniter\CodeIgniter->handleRequest(null, Object(Config\Cache), false)
 8 SYSTEMPATH\Boot.php(312): CodeIgniter\CodeIgniter->run()
 9 SYSTEMPATH\Boot.php(67): CodeIgniter\Boot::runCodeIgniter(Object(CodeIgniter\CodeIgniter))
10 FCPATH\index.php(62): CodeIgniter\Boot::bootWeb(Object(Config\Paths))
11 SYSTEMPATH\Commands\Server\rewrite.php(49): require_once('C:\\Users\\Mialisoa\\ASA\\interprom\\interprom-back\\public\\index.php')
ERROR - 2025-05-15 23:00:28 --> ErrorException: pg_query(): Query failed: ERREUR:  la valeur d'une clé dupliquée rompt la contrainte unique « pk_resultat »
DETAIL:  La clé « (id_resultat)=(154) » existe déjà. in C:\Users\Mialisoa\ASA\interprom\interprom-back\system\Database\Postgre\Connection.php:192
Stack trace:
#0 [internal function]: CodeIgniter\Debug\Exceptions->errorHandler(2, 'pg_query(): Que...', 'C:\\Users\\Mialis...', 192)
#1 C:\Users\Mialisoa\ASA\interprom\interprom-back\system\Database\Postgre\Connection.php(192): pg_query(Object(PgSql\Connection), 'INSERT INTO "re...')
#2 C:\Users\Mialisoa\ASA\interprom\interprom-back\system\Database\BaseConnection.php(721): CodeIgniter\Database\Postgre\Connection->execute('INSERT INTO "re...')
#3 C:\Users\Mialisoa\ASA\interprom\interprom-back\system\Database\BaseConnection.php(635): CodeIgniter\Database\BaseConnection->simpleQuery('INSERT INTO "re...')
#4 C:\Users\Mialisoa\ASA\interprom\interprom-back\system\Database\BaseBuilder.php(2325): CodeIgniter\Database\BaseConnection->query('INSERT INTO "re...', Array, false)
#5 C:\Users\Mialisoa\ASA\interprom\interprom-back\system\Model.php(382): CodeIgniter\Database\BaseBuilder->insert()
#6 C:\Users\Mialisoa\ASA\interprom\interprom-back\system\BaseModel.php(840): CodeIgniter\Model->doInsert(Array)
#7 C:\Users\Mialisoa\ASA\interprom\interprom-back\system\Model.php(790): CodeIgniter\BaseModel->insert(Array, true)
#8 C:\Users\Mialisoa\ASA\interprom\interprom-back\app\Controllers\MatchController.php(312): CodeIgniter\Model->insert(Array)
#9 C:\Users\Mialisoa\ASA\interprom\interprom-back\app\Controllers\MatchController.php(225): App\Controllers\MatchController->insert_resultat(Array)
#10 C:\Users\Mialisoa\ASA\interprom\interprom-back\system\CodeIgniter.php(933): App\Controllers\MatchController->end_match('85')
#11 C:\Users\Mialisoa\ASA\interprom\interprom-back\system\CodeIgniter.php(509): CodeIgniter\CodeIgniter->runController(Object(App\Controllers\MatchController))
#12 C:\Users\Mialisoa\ASA\interprom\interprom-back\system\CodeIgniter.php(355): CodeIgniter\CodeIgniter->handleRequest(NULL, Object(Config\Cache), false)
#13 C:\Users\Mialisoa\ASA\interprom\interprom-back\system\Boot.php(312): CodeIgniter\CodeIgniter->run()
#14 C:\Users\Mialisoa\ASA\interprom\interprom-back\system\Boot.php(67): CodeIgniter\Boot::runCodeIgniter(Object(CodeIgniter\CodeIgniter))
#15 C:\Users\Mialisoa\ASA\interprom\interprom-back\public\index.php(62): CodeIgniter\Boot::bootWeb(Object(Config\Paths))
#16 C:\Users\Mialisoa\ASA\interprom\interprom-back\system\Commands\Server\rewrite.php(49): require_once('C:\\Users\\Mialis...')
#17 {main}
ERROR - 2025-05-15 23:00:28 --> ErrorException: pg_query(): Query failed: ERREUR:  la transaction est annulée, les commandes sont ignorées jusqu'à la fin du bloc
de la transaction in C:\Users\Mialisoa\ASA\interprom\interprom-back\system\Database\Postgre\Connection.php:192
Stack trace:
#0 [internal function]: CodeIgniter\Debug\Exceptions->errorHandler(2, 'pg_query(): Que...', 'C:\\Users\\Mialis...', 192)
#1 C:\Users\Mialisoa\ASA\interprom\interprom-back\system\Database\Postgre\Connection.php(192): pg_query(Object(PgSql\Connection), 'INSERT INTO "re...')
#2 C:\Users\Mialisoa\ASA\interprom\interprom-back\system\Database\BaseConnection.php(721): CodeIgniter\Database\Postgre\Connection->execute('INSERT INTO "re...')
#3 C:\Users\Mialisoa\ASA\interprom\interprom-back\system\Database\BaseConnection.php(635): CodeIgniter\Database\BaseConnection->simpleQuery('INSERT INTO "re...')
#4 C:\Users\Mialisoa\ASA\interprom\interprom-back\system\Database\BaseBuilder.php(2325): CodeIgniter\Database\BaseConnection->query('INSERT INTO "re...', Array, false)
#5 C:\Users\Mialisoa\ASA\interprom\interprom-back\system\Model.php(382): CodeIgniter\Database\BaseBuilder->insert()
#6 C:\Users\Mialisoa\ASA\interprom\interprom-back\system\BaseModel.php(840): CodeIgniter\Model->doInsert(Array)
#7 C:\Users\Mialisoa\ASA\interprom\interprom-back\system\Model.php(790): CodeIgniter\BaseModel->insert(Array, true)
#8 C:\Users\Mialisoa\ASA\interprom\interprom-back\app\Controllers\MatchController.php(313): CodeIgniter\Model->insert(Array)
#9 C:\Users\Mialisoa\ASA\interprom\interprom-back\app\Controllers\MatchController.php(225): App\Controllers\MatchController->insert_resultat(Array)
#10 C:\Users\Mialisoa\ASA\interprom\interprom-back\system\CodeIgniter.php(933): App\Controllers\MatchController->end_match('85')
#11 C:\Users\Mialisoa\ASA\interprom\interprom-back\system\CodeIgniter.php(509): CodeIgniter\CodeIgniter->runController(Object(App\Controllers\MatchController))
#12 C:\Users\Mialisoa\ASA\interprom\interprom-back\system\CodeIgniter.php(355): CodeIgniter\CodeIgniter->handleRequest(NULL, Object(Config\Cache), false)
#13 C:\Users\Mialisoa\ASA\interprom\interprom-back\system\Boot.php(312): CodeIgniter\CodeIgniter->run()
#14 C:\Users\Mialisoa\ASA\interprom\interprom-back\system\Boot.php(67): CodeIgniter\Boot::runCodeIgniter(Object(CodeIgniter\CodeIgniter))
#15 C:\Users\Mialisoa\ASA\interprom\interprom-back\public\index.php(62): CodeIgniter\Boot::bootWeb(Object(Config\Paths))
#16 C:\Users\Mialisoa\ASA\interprom\interprom-back\system\Commands\Server\rewrite.php(49): require_once('C:\\Users\\Mialis...')
#17 {main}
WARNING - 2025-05-15 20:00:31 --> [DEPRECATED] Optional parameter $id_discipline declared before required parameter $id_tournoi is implicitly treated as a required parameter in APPPATH\Controllers\MatchJController.php on line 164.
 1 SYSTEMPATH\Autoloader\Autoloader.php(317): include_once('C:\\Users\\Mialisoa\\ASA\\interprom\\interprom-back\\system\\Debug\\Exceptions.php')
 2 SYSTEMPATH\Autoloader\Autoloader.php(296): CodeIgniter\Autoloader\Autoloader->includeFile('C:\\Users\\Mialisoa\\ASA\\interprom\\interprom-back\\app\\Controllers\\MatchJController.php')
 3 SYSTEMPATH\Autoloader\Autoloader.php(272): CodeIgniter\Autoloader\Autoloader->loadInNamespace('App\\Controllers\\MatchJController')
 4 [internal function]: CodeIgniter\Autoloader\Autoloader->loadClass('App\\Controllers\\MatchJController')
 5 SYSTEMPATH\CodeIgniter.php(887): class_exists('\\App\\Controllers\\MatchJController', true)
 6 SYSTEMPATH\CodeIgniter.php(496): CodeIgniter\CodeIgniter->startController()
 7 SYSTEMPATH\CodeIgniter.php(355): CodeIgniter\CodeIgniter->handleRequest(null, Object(Config\Cache), false)
 8 SYSTEMPATH\Boot.php(312): CodeIgniter\CodeIgniter->run()
 9 SYSTEMPATH\Boot.php(67): CodeIgniter\Boot::runCodeIgniter(Object(CodeIgniter\CodeIgniter))
10 FCPATH\index.php(62): CodeIgniter\Boot::bootWeb(Object(Config\Paths))
11 SYSTEMPATH\Commands\Server\rewrite.php(49): require_once('C:\\Users\\Mialisoa\\ASA\\interprom\\interprom-back\\public\\index.php')
WARNING - 2025-05-15 20:00:31 --> [DEPRECATED] Optional parameter $id_discipline declared before required parameter $id_tournoi is implicitly treated as a required parameter in APPPATH\Controllers\MatchJController.php on line 164.
 1 SYSTEMPATH\Autoloader\Autoloader.php(317): include_once('C:\\Users\\Mialisoa\\ASA\\interprom\\interprom-back\\system\\Debug\\Exceptions.php')
 2 SYSTEMPATH\Autoloader\Autoloader.php(296): CodeIgniter\Autoloader\Autoloader->includeFile('C:\\Users\\Mialisoa\\ASA\\interprom\\interprom-back\\app\\Controllers\\MatchJController.php')
 3 SYSTEMPATH\Autoloader\Autoloader.php(272): CodeIgniter\Autoloader\Autoloader->loadInNamespace('App\\Controllers\\MatchJController')
 4 [internal function]: CodeIgniter\Autoloader\Autoloader->loadClass('App\\Controllers\\MatchJController')
 5 SYSTEMPATH\CodeIgniter.php(887): class_exists('\\App\\Controllers\\MatchJController', true)
 6 SYSTEMPATH\CodeIgniter.php(496): CodeIgniter\CodeIgniter->startController()
 7 SYSTEMPATH\CodeIgniter.php(355): CodeIgniter\CodeIgniter->handleRequest(null, Object(Config\Cache), false)
 8 SYSTEMPATH\Boot.php(312): CodeIgniter\CodeIgniter->run()
 9 SYSTEMPATH\Boot.php(67): CodeIgniter\Boot::runCodeIgniter(Object(CodeIgniter\CodeIgniter))
10 FCPATH\index.php(62): CodeIgniter\Boot::bootWeb(Object(Config\Paths))
11 SYSTEMPATH\Commands\Server\rewrite.php(49): require_once('C:\\Users\\Mialisoa\\ASA\\interprom\\interprom-back\\public\\index.php')
WARNING - 2025-05-15 20:00:35 --> [DEPRECATED] Optional parameter $id_discipline declared before required parameter $id_tournoi is implicitly treated as a required parameter in APPPATH\Controllers\MatchJController.php on line 164.
 1 SYSTEMPATH\Autoloader\Autoloader.php(317): include_once('C:\\Users\\Mialisoa\\ASA\\interprom\\interprom-back\\system\\Debug\\Exceptions.php')
 2 SYSTEMPATH\Autoloader\Autoloader.php(296): CodeIgniter\Autoloader\Autoloader->includeFile('C:\\Users\\Mialisoa\\ASA\\interprom\\interprom-back\\app\\Controllers\\MatchJController.php')
 3 SYSTEMPATH\Autoloader\Autoloader.php(272): CodeIgniter\Autoloader\Autoloader->loadInNamespace('App\\Controllers\\MatchJController')
 4 [internal function]: CodeIgniter\Autoloader\Autoloader->loadClass('App\\Controllers\\MatchJController')
 5 SYSTEMPATH\CodeIgniter.php(887): class_exists('\\App\\Controllers\\MatchJController', true)
 6 SYSTEMPATH\CodeIgniter.php(496): CodeIgniter\CodeIgniter->startController()
 7 SYSTEMPATH\CodeIgniter.php(355): CodeIgniter\CodeIgniter->handleRequest(null, Object(Config\Cache), false)
 8 SYSTEMPATH\Boot.php(312): CodeIgniter\CodeIgniter->run()
 9 SYSTEMPATH\Boot.php(67): CodeIgniter\Boot::runCodeIgniter(Object(CodeIgniter\CodeIgniter))
10 FCPATH\index.php(62): CodeIgniter\Boot::bootWeb(Object(Config\Paths))
11 SYSTEMPATH\Commands\Server\rewrite.php(49): require_once('C:\\Users\\Mialisoa\\ASA\\interprom\\interprom-back\\public\\index.php')
WARNING - 2025-05-15 20:00:38 --> [DEPRECATED] Optional parameter $id_discipline declared before required parameter $id_tournoi is implicitly treated as a required parameter in APPPATH\Controllers\MatchJController.php on line 164.
 1 SYSTEMPATH\Autoloader\Autoloader.php(317): include_once('C:\\Users\\Mialisoa\\ASA\\interprom\\interprom-back\\system\\Debug\\Exceptions.php')
 2 SYSTEMPATH\Autoloader\Autoloader.php(296): CodeIgniter\Autoloader\Autoloader->includeFile('C:\\Users\\Mialisoa\\ASA\\interprom\\interprom-back\\app\\Controllers\\MatchJController.php')
 3 SYSTEMPATH\Autoloader\Autoloader.php(272): CodeIgniter\Autoloader\Autoloader->loadInNamespace('App\\Controllers\\MatchJController')
 4 [internal function]: CodeIgniter\Autoloader\Autoloader->loadClass('App\\Controllers\\MatchJController')
 5 SYSTEMPATH\CodeIgniter.php(887): class_exists('\\App\\Controllers\\MatchJController', true)
 6 SYSTEMPATH\CodeIgniter.php(496): CodeIgniter\CodeIgniter->startController()
 7 SYSTEMPATH\CodeIgniter.php(355): CodeIgniter\CodeIgniter->handleRequest(null, Object(Config\Cache), false)
 8 SYSTEMPATH\Boot.php(312): CodeIgniter\CodeIgniter->run()
 9 SYSTEMPATH\Boot.php(67): CodeIgniter\Boot::runCodeIgniter(Object(CodeIgniter\CodeIgniter))
10 FCPATH\index.php(62): CodeIgniter\Boot::bootWeb(Object(Config\Paths))
11 SYSTEMPATH\Commands\Server\rewrite.php(49): require_once('C:\\Users\\Mialisoa\\ASA\\interprom\\interprom-back\\public\\index.php')
WARNING - 2025-05-15 20:00:38 --> [DEPRECATED] Optional parameter $id_discipline declared before required parameter $id_tournoi is implicitly treated as a required parameter in APPPATH\Controllers\MatchJController.php on line 164.
 1 SYSTEMPATH\Autoloader\Autoloader.php(317): include_once('C:\\Users\\Mialisoa\\ASA\\interprom\\interprom-back\\system\\Debug\\Exceptions.php')
 2 SYSTEMPATH\Autoloader\Autoloader.php(296): CodeIgniter\Autoloader\Autoloader->includeFile('C:\\Users\\Mialisoa\\ASA\\interprom\\interprom-back\\app\\Controllers\\MatchJController.php')
 3 SYSTEMPATH\Autoloader\Autoloader.php(272): CodeIgniter\Autoloader\Autoloader->loadInNamespace('App\\Controllers\\MatchJController')
 4 [internal function]: CodeIgniter\Autoloader\Autoloader->loadClass('App\\Controllers\\MatchJController')
 5 SYSTEMPATH\CodeIgniter.php(887): class_exists('\\App\\Controllers\\MatchJController', true)
 6 SYSTEMPATH\CodeIgniter.php(496): CodeIgniter\CodeIgniter->startController()
 7 SYSTEMPATH\CodeIgniter.php(355): CodeIgniter\CodeIgniter->handleRequest(null, Object(Config\Cache), false)
 8 SYSTEMPATH\Boot.php(312): CodeIgniter\CodeIgniter->run()
 9 SYSTEMPATH\Boot.php(67): CodeIgniter\Boot::runCodeIgniter(Object(CodeIgniter\CodeIgniter))
10 FCPATH\index.php(62): CodeIgniter\Boot::bootWeb(Object(Config\Paths))
11 SYSTEMPATH\Commands\Server\rewrite.php(49): require_once('C:\\Users\\Mialisoa\\ASA\\interprom\\interprom-back\\public\\index.php')
WARNING - 2025-05-15 20:00:38 --> [DEPRECATED] Optional parameter $id_discipline declared before required parameter $id_tournoi is implicitly treated as a required parameter in APPPATH\Controllers\MatchJController.php on line 164.
 1 SYSTEMPATH\Autoloader\Autoloader.php(317): include_once('C:\\Users\\Mialisoa\\ASA\\interprom\\interprom-back\\system\\Debug\\Exceptions.php')
 2 SYSTEMPATH\Autoloader\Autoloader.php(296): CodeIgniter\Autoloader\Autoloader->includeFile('C:\\Users\\Mialisoa\\ASA\\interprom\\interprom-back\\app\\Controllers\\MatchJController.php')
 3 SYSTEMPATH\Autoloader\Autoloader.php(272): CodeIgniter\Autoloader\Autoloader->loadInNamespace('App\\Controllers\\MatchJController')
 4 [internal function]: CodeIgniter\Autoloader\Autoloader->loadClass('App\\Controllers\\MatchJController')
 5 SYSTEMPATH\CodeIgniter.php(887): class_exists('\\App\\Controllers\\MatchJController', true)
 6 SYSTEMPATH\CodeIgniter.php(496): CodeIgniter\CodeIgniter->startController()
 7 SYSTEMPATH\CodeIgniter.php(355): CodeIgniter\CodeIgniter->handleRequest(null, Object(Config\Cache), false)
 8 SYSTEMPATH\Boot.php(312): CodeIgniter\CodeIgniter->run()
 9 SYSTEMPATH\Boot.php(67): CodeIgniter\Boot::runCodeIgniter(Object(CodeIgniter\CodeIgniter))
10 FCPATH\index.php(62): CodeIgniter\Boot::bootWeb(Object(Config\Paths))
11 SYSTEMPATH\Commands\Server\rewrite.php(49): require_once('C:\\Users\\Mialisoa\\ASA\\interprom\\interprom-back\\public\\index.php')
WARNING - 2025-05-15 20:00:38 --> [DEPRECATED] Optional parameter $id_discipline declared before required parameter $id_tournoi is implicitly treated as a required parameter in APPPATH\Controllers\MatchJController.php on line 164.
 1 SYSTEMPATH\Autoloader\Autoloader.php(317): include_once('C:\\Users\\Mialisoa\\ASA\\interprom\\interprom-back\\system\\Debug\\Exceptions.php')
 2 SYSTEMPATH\Autoloader\Autoloader.php(296): CodeIgniter\Autoloader\Autoloader->includeFile('C:\\Users\\Mialisoa\\ASA\\interprom\\interprom-back\\app\\Controllers\\MatchJController.php')
 3 SYSTEMPATH\Autoloader\Autoloader.php(272): CodeIgniter\Autoloader\Autoloader->loadInNamespace('App\\Controllers\\MatchJController')
 4 [internal function]: CodeIgniter\Autoloader\Autoloader->loadClass('App\\Controllers\\MatchJController')
 5 SYSTEMPATH\CodeIgniter.php(887): class_exists('\\App\\Controllers\\MatchJController', true)
 6 SYSTEMPATH\CodeIgniter.php(496): CodeIgniter\CodeIgniter->startController()
 7 SYSTEMPATH\CodeIgniter.php(355): CodeIgniter\CodeIgniter->handleRequest(null, Object(Config\Cache), false)
 8 SYSTEMPATH\Boot.php(312): CodeIgniter\CodeIgniter->run()
 9 SYSTEMPATH\Boot.php(67): CodeIgniter\Boot::runCodeIgniter(Object(CodeIgniter\CodeIgniter))
10 FCPATH\index.php(62): CodeIgniter\Boot::bootWeb(Object(Config\Paths))
11 SYSTEMPATH\Commands\Server\rewrite.php(49): require_once('C:\\Users\\Mialisoa\\ASA\\interprom\\interprom-back\\public\\index.php')
WARNING - 2025-05-15 20:00:39 --> [DEPRECATED] Optional parameter $id_discipline declared before required parameter $id_tournoi is implicitly treated as a required parameter in APPPATH\Controllers\MatchJController.php on line 164.
 1 SYSTEMPATH\Autoloader\Autoloader.php(317): include_once('C:\\Users\\Mialisoa\\ASA\\interprom\\interprom-back\\system\\Debug\\Exceptions.php')
 2 SYSTEMPATH\Autoloader\Autoloader.php(296): CodeIgniter\Autoloader\Autoloader->includeFile('C:\\Users\\Mialisoa\\ASA\\interprom\\interprom-back\\app\\Controllers\\MatchJController.php')
 3 SYSTEMPATH\Autoloader\Autoloader.php(272): CodeIgniter\Autoloader\Autoloader->loadInNamespace('App\\Controllers\\MatchJController')
 4 [internal function]: CodeIgniter\Autoloader\Autoloader->loadClass('App\\Controllers\\MatchJController')
 5 SYSTEMPATH\CodeIgniter.php(887): class_exists('\\App\\Controllers\\MatchJController', true)
 6 SYSTEMPATH\CodeIgniter.php(496): CodeIgniter\CodeIgniter->startController()
 7 SYSTEMPATH\CodeIgniter.php(355): CodeIgniter\CodeIgniter->handleRequest(null, Object(Config\Cache), false)
 8 SYSTEMPATH\Boot.php(312): CodeIgniter\CodeIgniter->run()
 9 SYSTEMPATH\Boot.php(67): CodeIgniter\Boot::runCodeIgniter(Object(CodeIgniter\CodeIgniter))
10 FCPATH\index.php(62): CodeIgniter\Boot::bootWeb(Object(Config\Paths))
11 SYSTEMPATH\Commands\Server\rewrite.php(49): require_once('C:\\Users\\Mialisoa\\ASA\\interprom\\interprom-back\\public\\index.php')
WARNING - 2025-05-15 20:00:39 --> [DEPRECATED] Optional parameter $id_discipline declared before required parameter $id_tournoi is implicitly treated as a required parameter in APPPATH\Controllers\MatchJController.php on line 164.
 1 SYSTEMPATH\Autoloader\Autoloader.php(317): include_once('C:\\Users\\Mialisoa\\ASA\\interprom\\interprom-back\\system\\Debug\\Exceptions.php')
 2 SYSTEMPATH\Autoloader\Autoloader.php(296): CodeIgniter\Autoloader\Autoloader->includeFile('C:\\Users\\Mialisoa\\ASA\\interprom\\interprom-back\\app\\Controllers\\MatchJController.php')
 3 SYSTEMPATH\Autoloader\Autoloader.php(272): CodeIgniter\Autoloader\Autoloader->loadInNamespace('App\\Controllers\\MatchJController')
 4 [internal function]: CodeIgniter\Autoloader\Autoloader->loadClass('App\\Controllers\\MatchJController')
 5 SYSTEMPATH\CodeIgniter.php(887): class_exists('\\App\\Controllers\\MatchJController', true)
 6 SYSTEMPATH\CodeIgniter.php(496): CodeIgniter\CodeIgniter->startController()
 7 SYSTEMPATH\CodeIgniter.php(355): CodeIgniter\CodeIgniter->handleRequest(null, Object(Config\Cache), false)
 8 SYSTEMPATH\Boot.php(312): CodeIgniter\CodeIgniter->run()
 9 SYSTEMPATH\Boot.php(67): CodeIgniter\Boot::runCodeIgniter(Object(CodeIgniter\CodeIgniter))
10 FCPATH\index.php(62): CodeIgniter\Boot::bootWeb(Object(Config\Paths))
11 SYSTEMPATH\Commands\Server\rewrite.php(49): require_once('C:\\Users\\Mialisoa\\ASA\\interprom\\interprom-back\\public\\index.php')
WARNING - 2025-05-15 20:00:40 --> [DEPRECATED] Optional parameter $id_discipline declared before required parameter $id_tournoi is implicitly treated as a required parameter in APPPATH\Controllers\MatchJController.php on line 164.
 1 SYSTEMPATH\Autoloader\Autoloader.php(317): include_once('C:\\Users\\Mialisoa\\ASA\\interprom\\interprom-back\\system\\Debug\\Exceptions.php')
 2 SYSTEMPATH\Autoloader\Autoloader.php(296): CodeIgniter\Autoloader\Autoloader->includeFile('C:\\Users\\Mialisoa\\ASA\\interprom\\interprom-back\\app\\Controllers\\MatchJController.php')
 3 SYSTEMPATH\Autoloader\Autoloader.php(272): CodeIgniter\Autoloader\Autoloader->loadInNamespace('App\\Controllers\\MatchJController')
 4 [internal function]: CodeIgniter\Autoloader\Autoloader->loadClass('App\\Controllers\\MatchJController')
 5 SYSTEMPATH\CodeIgniter.php(887): class_exists('\\App\\Controllers\\MatchJController', true)
 6 SYSTEMPATH\CodeIgniter.php(496): CodeIgniter\CodeIgniter->startController()
 7 SYSTEMPATH\CodeIgniter.php(355): CodeIgniter\CodeIgniter->handleRequest(null, Object(Config\Cache), false)
 8 SYSTEMPATH\Boot.php(312): CodeIgniter\CodeIgniter->run()
 9 SYSTEMPATH\Boot.php(67): CodeIgniter\Boot::runCodeIgniter(Object(CodeIgniter\CodeIgniter))
10 FCPATH\index.php(62): CodeIgniter\Boot::bootWeb(Object(Config\Paths))
11 SYSTEMPATH\Commands\Server\rewrite.php(49): require_once('C:\\Users\\Mialisoa\\ASA\\interprom\\interprom-back\\public\\index.php')
WARNING - 2025-05-15 20:00:40 --> [DEPRECATED] Optional parameter $id_discipline declared before required parameter $id_tournoi is implicitly treated as a required parameter in APPPATH\Controllers\MatchJController.php on line 164.
 1 SYSTEMPATH\Autoloader\Autoloader.php(317): include_once('C:\\Users\\Mialisoa\\ASA\\interprom\\interprom-back\\system\\Debug\\Exceptions.php')
 2 SYSTEMPATH\Autoloader\Autoloader.php(296): CodeIgniter\Autoloader\Autoloader->includeFile('C:\\Users\\Mialisoa\\ASA\\interprom\\interprom-back\\app\\Controllers\\MatchJController.php')
 3 SYSTEMPATH\Autoloader\Autoloader.php(272): CodeIgniter\Autoloader\Autoloader->loadInNamespace('App\\Controllers\\MatchJController')
 4 [internal function]: CodeIgniter\Autoloader\Autoloader->loadClass('App\\Controllers\\MatchJController')
 5 SYSTEMPATH\CodeIgniter.php(887): class_exists('\\App\\Controllers\\MatchJController', true)
 6 SYSTEMPATH\CodeIgniter.php(496): CodeIgniter\CodeIgniter->startController()
 7 SYSTEMPATH\CodeIgniter.php(355): CodeIgniter\CodeIgniter->handleRequest(null, Object(Config\Cache), false)
 8 SYSTEMPATH\Boot.php(312): CodeIgniter\CodeIgniter->run()
 9 SYSTEMPATH\Boot.php(67): CodeIgniter\Boot::runCodeIgniter(Object(CodeIgniter\CodeIgniter))
10 FCPATH\index.php(62): CodeIgniter\Boot::bootWeb(Object(Config\Paths))
11 SYSTEMPATH\Commands\Server\rewrite.php(49): require_once('C:\\Users\\Mialisoa\\ASA\\interprom\\interprom-back\\public\\index.php')
WARNING - 2025-05-15 20:00:40 --> [DEPRECATED] Optional parameter $id_discipline declared before required parameter $id_tournoi is implicitly treated as a required parameter in APPPATH\Controllers\MatchJController.php on line 164.
 1 SYSTEMPATH\Autoloader\Autoloader.php(317): include_once('C:\\Users\\Mialisoa\\ASA\\interprom\\interprom-back\\system\\Debug\\Exceptions.php')
 2 SYSTEMPATH\Autoloader\Autoloader.php(296): CodeIgniter\Autoloader\Autoloader->includeFile('C:\\Users\\Mialisoa\\ASA\\interprom\\interprom-back\\app\\Controllers\\MatchJController.php')
 3 SYSTEMPATH\Autoloader\Autoloader.php(272): CodeIgniter\Autoloader\Autoloader->loadInNamespace('App\\Controllers\\MatchJController')
 4 [internal function]: CodeIgniter\Autoloader\Autoloader->loadClass('App\\Controllers\\MatchJController')
 5 SYSTEMPATH\CodeIgniter.php(887): class_exists('\\App\\Controllers\\MatchJController', true)
 6 SYSTEMPATH\CodeIgniter.php(496): CodeIgniter\CodeIgniter->startController()
 7 SYSTEMPATH\CodeIgniter.php(355): CodeIgniter\CodeIgniter->handleRequest(null, Object(Config\Cache), false)
 8 SYSTEMPATH\Boot.php(312): CodeIgniter\CodeIgniter->run()
 9 SYSTEMPATH\Boot.php(67): CodeIgniter\Boot::runCodeIgniter(Object(CodeIgniter\CodeIgniter))
10 FCPATH\index.php(62): CodeIgniter\Boot::bootWeb(Object(Config\Paths))
11 SYSTEMPATH\Commands\Server\rewrite.php(49): require_once('C:\\Users\\Mialisoa\\ASA\\interprom\\interprom-back\\public\\index.php')
WARNING - 2025-05-15 20:00:41 --> [DEPRECATED] Optional parameter $id_discipline declared before required parameter $id_tournoi is implicitly treated as a required parameter in APPPATH\Controllers\MatchJController.php on line 164.
 1 SYSTEMPATH\Autoloader\Autoloader.php(317): include_once('C:\\Users\\Mialisoa\\ASA\\interprom\\interprom-back\\system\\Debug\\Exceptions.php')
 2 SYSTEMPATH\Autoloader\Autoloader.php(296): CodeIgniter\Autoloader\Autoloader->includeFile('C:\\Users\\Mialisoa\\ASA\\interprom\\interprom-back\\app\\Controllers\\MatchJController.php')
 3 SYSTEMPATH\Autoloader\Autoloader.php(272): CodeIgniter\Autoloader\Autoloader->loadInNamespace('App\\Controllers\\MatchJController')
 4 [internal function]: CodeIgniter\Autoloader\Autoloader->loadClass('App\\Controllers\\MatchJController')
 5 SYSTEMPATH\CodeIgniter.php(887): class_exists('\\App\\Controllers\\MatchJController', true)
 6 SYSTEMPATH\CodeIgniter.php(496): CodeIgniter\CodeIgniter->startController()
 7 SYSTEMPATH\CodeIgniter.php(355): CodeIgniter\CodeIgniter->handleRequest(null, Object(Config\Cache), false)
 8 SYSTEMPATH\Boot.php(312): CodeIgniter\CodeIgniter->run()
 9 SYSTEMPATH\Boot.php(67): CodeIgniter\Boot::runCodeIgniter(Object(CodeIgniter\CodeIgniter))
10 FCPATH\index.php(62): CodeIgniter\Boot::bootWeb(Object(Config\Paths))
11 SYSTEMPATH\Commands\Server\rewrite.php(49): require_once('C:\\Users\\Mialisoa\\ASA\\interprom\\interprom-back\\public\\index.php')
WARNING - 2025-05-15 20:01:28 --> [DEPRECATED] Optional parameter $id_discipline declared before required parameter $id_tournoi is implicitly treated as a required parameter in APPPATH\Controllers\MatchJController.php on line 164.
 1 SYSTEMPATH\Autoloader\Autoloader.php(317): include_once('C:\\Users\\Mialisoa\\ASA\\interprom\\interprom-back\\system\\Debug\\Exceptions.php')
 2 SYSTEMPATH\Autoloader\Autoloader.php(296): CodeIgniter\Autoloader\Autoloader->includeFile('C:\\Users\\Mialisoa\\ASA\\interprom\\interprom-back\\app\\Controllers\\MatchJController.php')
 3 SYSTEMPATH\Autoloader\Autoloader.php(272): CodeIgniter\Autoloader\Autoloader->loadInNamespace('App\\Controllers\\MatchJController')
 4 [internal function]: CodeIgniter\Autoloader\Autoloader->loadClass('App\\Controllers\\MatchJController')
 5 SYSTEMPATH\CodeIgniter.php(887): class_exists('\\App\\Controllers\\MatchJController', true)
 6 SYSTEMPATH\CodeIgniter.php(496): CodeIgniter\CodeIgniter->startController()
 7 SYSTEMPATH\CodeIgniter.php(355): CodeIgniter\CodeIgniter->handleRequest(null, Object(Config\Cache), false)
 8 SYSTEMPATH\Boot.php(312): CodeIgniter\CodeIgniter->run()
 9 SYSTEMPATH\Boot.php(67): CodeIgniter\Boot::runCodeIgniter(Object(CodeIgniter\CodeIgniter))
10 FCPATH\index.php(62): CodeIgniter\Boot::bootWeb(Object(Config\Paths))
11 SYSTEMPATH\Commands\Server\rewrite.php(49): require_once('C:\\Users\\Mialisoa\\ASA\\interprom\\interprom-back\\public\\index.php')
WARNING - 2025-05-15 20:01:29 --> [DEPRECATED] Optional parameter $id_discipline declared before required parameter $id_tournoi is implicitly treated as a required parameter in APPPATH\Controllers\MatchJController.php on line 164.
 1 SYSTEMPATH\Autoloader\Autoloader.php(317): include_once('C:\\Users\\Mialisoa\\ASA\\interprom\\interprom-back\\system\\Debug\\Exceptions.php')
 2 SYSTEMPATH\Autoloader\Autoloader.php(296): CodeIgniter\Autoloader\Autoloader->includeFile('C:\\Users\\Mialisoa\\ASA\\interprom\\interprom-back\\app\\Controllers\\MatchJController.php')
 3 SYSTEMPATH\Autoloader\Autoloader.php(272): CodeIgniter\Autoloader\Autoloader->loadInNamespace('App\\Controllers\\MatchJController')
 4 [internal function]: CodeIgniter\Autoloader\Autoloader->loadClass('App\\Controllers\\MatchJController')
 5 SYSTEMPATH\CodeIgniter.php(887): class_exists('\\App\\Controllers\\MatchJController', true)
 6 SYSTEMPATH\CodeIgniter.php(496): CodeIgniter\CodeIgniter->startController()
 7 SYSTEMPATH\CodeIgniter.php(355): CodeIgniter\CodeIgniter->handleRequest(null, Object(Config\Cache), false)
 8 SYSTEMPATH\Boot.php(312): CodeIgniter\CodeIgniter->run()
 9 SYSTEMPATH\Boot.php(67): CodeIgniter\Boot::runCodeIgniter(Object(CodeIgniter\CodeIgniter))
10 FCPATH\index.php(62): CodeIgniter\Boot::bootWeb(Object(Config\Paths))
11 SYSTEMPATH\Commands\Server\rewrite.php(49): require_once('C:\\Users\\Mialisoa\\ASA\\interprom\\interprom-back\\public\\index.php')
WARNING - 2025-05-15 20:02:41 --> [DEPRECATED] Optional parameter $id_discipline declared before required parameter $id_tournoi is implicitly treated as a required parameter in APPPATH\Controllers\MatchJController.php on line 164.
 1 SYSTEMPATH\Autoloader\Autoloader.php(317): include_once('C:\\Users\\Mialisoa\\ASA\\interprom\\interprom-back\\system\\Debug\\Exceptions.php')
 2 SYSTEMPATH\Autoloader\Autoloader.php(296): CodeIgniter\Autoloader\Autoloader->includeFile('C:\\Users\\Mialisoa\\ASA\\interprom\\interprom-back\\app\\Controllers\\MatchJController.php')
 3 SYSTEMPATH\Autoloader\Autoloader.php(272): CodeIgniter\Autoloader\Autoloader->loadInNamespace('App\\Controllers\\MatchJController')
 4 [internal function]: CodeIgniter\Autoloader\Autoloader->loadClass('App\\Controllers\\MatchJController')
 5 SYSTEMPATH\CodeIgniter.php(887): class_exists('\\App\\Controllers\\MatchJController', true)
 6 SYSTEMPATH\CodeIgniter.php(496): CodeIgniter\CodeIgniter->startController()
 7 SYSTEMPATH\CodeIgniter.php(355): CodeIgniter\CodeIgniter->handleRequest(null, Object(Config\Cache), false)
 8 SYSTEMPATH\Boot.php(312): CodeIgniter\CodeIgniter->run()
 9 SYSTEMPATH\Boot.php(67): CodeIgniter\Boot::runCodeIgniter(Object(CodeIgniter\CodeIgniter))
10 FCPATH\index.php(62): CodeIgniter\Boot::bootWeb(Object(Config\Paths))
11 SYSTEMPATH\Commands\Server\rewrite.php(49): require_once('C:\\Users\\Mialisoa\\ASA\\interprom\\interprom-back\\public\\index.php')
WARNING - 2025-05-15 20:02:41 --> [DEPRECATED] Optional parameter $id_discipline declared before required parameter $id_tournoi is implicitly treated as a required parameter in APPPATH\Controllers\MatchJController.php on line 164.
 1 SYSTEMPATH\Autoloader\Autoloader.php(317): include_once('C:\\Users\\Mialisoa\\ASA\\interprom\\interprom-back\\system\\Debug\\Exceptions.php')
 2 SYSTEMPATH\Autoloader\Autoloader.php(296): CodeIgniter\Autoloader\Autoloader->includeFile('C:\\Users\\Mialisoa\\ASA\\interprom\\interprom-back\\app\\Controllers\\MatchJController.php')
 3 SYSTEMPATH\Autoloader\Autoloader.php(272): CodeIgniter\Autoloader\Autoloader->loadInNamespace('App\\Controllers\\MatchJController')
 4 [internal function]: CodeIgniter\Autoloader\Autoloader->loadClass('App\\Controllers\\MatchJController')
 5 SYSTEMPATH\CodeIgniter.php(887): class_exists('\\App\\Controllers\\MatchJController', true)
 6 SYSTEMPATH\CodeIgniter.php(496): CodeIgniter\CodeIgniter->startController()
 7 SYSTEMPATH\CodeIgniter.php(355): CodeIgniter\CodeIgniter->handleRequest(null, Object(Config\Cache), false)
 8 SYSTEMPATH\Boot.php(312): CodeIgniter\CodeIgniter->run()
 9 SYSTEMPATH\Boot.php(67): CodeIgniter\Boot::runCodeIgniter(Object(CodeIgniter\CodeIgniter))
10 FCPATH\index.php(62): CodeIgniter\Boot::bootWeb(Object(Config\Paths))
11 SYSTEMPATH\Commands\Server\rewrite.php(49): require_once('C:\\Users\\Mialisoa\\ASA\\interprom\\interprom-back\\public\\index.php')
WARNING - 2025-05-15 20:02:44 --> [DEPRECATED] Optional parameter $id_discipline declared before required parameter $id_tournoi is implicitly treated as a required parameter in APPPATH\Controllers\MatchJController.php on line 164.
 1 SYSTEMPATH\Autoloader\Autoloader.php(317): include_once('C:\\Users\\Mialisoa\\ASA\\interprom\\interprom-back\\system\\Debug\\Exceptions.php')
 2 SYSTEMPATH\Autoloader\Autoloader.php(296): CodeIgniter\Autoloader\Autoloader->includeFile('C:\\Users\\Mialisoa\\ASA\\interprom\\interprom-back\\app\\Controllers\\MatchJController.php')
 3 SYSTEMPATH\Autoloader\Autoloader.php(272): CodeIgniter\Autoloader\Autoloader->loadInNamespace('App\\Controllers\\MatchJController')
 4 [internal function]: CodeIgniter\Autoloader\Autoloader->loadClass('App\\Controllers\\MatchJController')
 5 SYSTEMPATH\CodeIgniter.php(887): class_exists('\\App\\Controllers\\MatchJController', true)
 6 SYSTEMPATH\CodeIgniter.php(496): CodeIgniter\CodeIgniter->startController()
 7 SYSTEMPATH\CodeIgniter.php(355): CodeIgniter\CodeIgniter->handleRequest(null, Object(Config\Cache), false)
 8 SYSTEMPATH\Boot.php(312): CodeIgniter\CodeIgniter->run()
 9 SYSTEMPATH\Boot.php(67): CodeIgniter\Boot::runCodeIgniter(Object(CodeIgniter\CodeIgniter))
10 FCPATH\index.php(62): CodeIgniter\Boot::bootWeb(Object(Config\Paths))
11 SYSTEMPATH\Commands\Server\rewrite.php(49): require_once('C:\\Users\\Mialisoa\\ASA\\interprom\\interprom-back\\public\\index.php')
WARNING - 2025-05-15 20:03:02 --> [DEPRECATED] Optional parameter $id_discipline declared before required parameter $id_tournoi is implicitly treated as a required parameter in APPPATH\Controllers\MatchJController.php on line 164.
 1 SYSTEMPATH\Autoloader\Autoloader.php(317): include_once('C:\\Users\\Mialisoa\\ASA\\interprom\\interprom-back\\system\\Debug\\Exceptions.php')
 2 SYSTEMPATH\Autoloader\Autoloader.php(296): CodeIgniter\Autoloader\Autoloader->includeFile('C:\\Users\\Mialisoa\\ASA\\interprom\\interprom-back\\app\\Controllers\\MatchJController.php')
 3 SYSTEMPATH\Autoloader\Autoloader.php(272): CodeIgniter\Autoloader\Autoloader->loadInNamespace('App\\Controllers\\MatchJController')
 4 [internal function]: CodeIgniter\Autoloader\Autoloader->loadClass('App\\Controllers\\MatchJController')
 5 SYSTEMPATH\CodeIgniter.php(887): class_exists('\\App\\Controllers\\MatchJController', true)
 6 SYSTEMPATH\CodeIgniter.php(496): CodeIgniter\CodeIgniter->startController()
 7 SYSTEMPATH\CodeIgniter.php(355): CodeIgniter\CodeIgniter->handleRequest(null, Object(Config\Cache), false)
 8 SYSTEMPATH\Boot.php(312): CodeIgniter\CodeIgniter->run()
 9 SYSTEMPATH\Boot.php(67): CodeIgniter\Boot::runCodeIgniter(Object(CodeIgniter\CodeIgniter))
10 FCPATH\index.php(62): CodeIgniter\Boot::bootWeb(Object(Config\Paths))
11 SYSTEMPATH\Commands\Server\rewrite.php(49): require_once('C:\\Users\\Mialisoa\\ASA\\interprom\\interprom-back\\public\\index.php')
WARNING - 2025-05-15 20:03:05 --> [DEPRECATED] Optional parameter $id_discipline declared before required parameter $id_tournoi is implicitly treated as a required parameter in APPPATH\Controllers\MatchJController.php on line 164.
 1 SYSTEMPATH\Autoloader\Autoloader.php(317): include_once('C:\\Users\\Mialisoa\\ASA\\interprom\\interprom-back\\system\\Debug\\Exceptions.php')
 2 SYSTEMPATH\Autoloader\Autoloader.php(296): CodeIgniter\Autoloader\Autoloader->includeFile('C:\\Users\\Mialisoa\\ASA\\interprom\\interprom-back\\app\\Controllers\\MatchJController.php')
 3 SYSTEMPATH\Autoloader\Autoloader.php(272): CodeIgniter\Autoloader\Autoloader->loadInNamespace('App\\Controllers\\MatchJController')
 4 [internal function]: CodeIgniter\Autoloader\Autoloader->loadClass('App\\Controllers\\MatchJController')
 5 SYSTEMPATH\CodeIgniter.php(887): class_exists('\\App\\Controllers\\MatchJController', true)
 6 SYSTEMPATH\CodeIgniter.php(496): CodeIgniter\CodeIgniter->startController()
 7 SYSTEMPATH\CodeIgniter.php(355): CodeIgniter\CodeIgniter->handleRequest(null, Object(Config\Cache), false)
 8 SYSTEMPATH\Boot.php(312): CodeIgniter\CodeIgniter->run()
 9 SYSTEMPATH\Boot.php(67): CodeIgniter\Boot::runCodeIgniter(Object(CodeIgniter\CodeIgniter))
10 FCPATH\index.php(62): CodeIgniter\Boot::bootWeb(Object(Config\Paths))
11 SYSTEMPATH\Commands\Server\rewrite.php(49): require_once('C:\\Users\\Mialisoa\\ASA\\interprom\\interprom-back\\public\\index.php')
WARNING - 2025-05-15 20:03:05 --> [DEPRECATED] Optional parameter $id_discipline declared before required parameter $id_tournoi is implicitly treated as a required parameter in APPPATH\Controllers\MatchJController.php on line 164.
 1 SYSTEMPATH\Autoloader\Autoloader.php(317): include_once('C:\\Users\\Mialisoa\\ASA\\interprom\\interprom-back\\system\\Debug\\Exceptions.php')
 2 SYSTEMPATH\Autoloader\Autoloader.php(296): CodeIgniter\Autoloader\Autoloader->includeFile('C:\\Users\\Mialisoa\\ASA\\interprom\\interprom-back\\app\\Controllers\\MatchJController.php')
 3 SYSTEMPATH\Autoloader\Autoloader.php(272): CodeIgniter\Autoloader\Autoloader->loadInNamespace('App\\Controllers\\MatchJController')
 4 [internal function]: CodeIgniter\Autoloader\Autoloader->loadClass('App\\Controllers\\MatchJController')
 5 SYSTEMPATH\CodeIgniter.php(887): class_exists('\\App\\Controllers\\MatchJController', true)
 6 SYSTEMPATH\CodeIgniter.php(496): CodeIgniter\CodeIgniter->startController()
 7 SYSTEMPATH\CodeIgniter.php(355): CodeIgniter\CodeIgniter->handleRequest(null, Object(Config\Cache), false)
 8 SYSTEMPATH\Boot.php(312): CodeIgniter\CodeIgniter->run()
 9 SYSTEMPATH\Boot.php(67): CodeIgniter\Boot::runCodeIgniter(Object(CodeIgniter\CodeIgniter))
10 FCPATH\index.php(62): CodeIgniter\Boot::bootWeb(Object(Config\Paths))
11 SYSTEMPATH\Commands\Server\rewrite.php(49): require_once('C:\\Users\\Mialisoa\\ASA\\interprom\\interprom-back\\public\\index.php')
WARNING - 2025-05-15 20:03:05 --> [DEPRECATED] Optional parameter $id_discipline declared before required parameter $id_tournoi is implicitly treated as a required parameter in APPPATH\Controllers\MatchJController.php on line 164.
 1 SYSTEMPATH\Autoloader\Autoloader.php(317): include_once('C:\\Users\\Mialisoa\\ASA\\interprom\\interprom-back\\system\\Debug\\Exceptions.php')
 2 SYSTEMPATH\Autoloader\Autoloader.php(296): CodeIgniter\Autoloader\Autoloader->includeFile('C:\\Users\\Mialisoa\\ASA\\interprom\\interprom-back\\app\\Controllers\\MatchJController.php')
 3 SYSTEMPATH\Autoloader\Autoloader.php(272): CodeIgniter\Autoloader\Autoloader->loadInNamespace('App\\Controllers\\MatchJController')
 4 [internal function]: CodeIgniter\Autoloader\Autoloader->loadClass('App\\Controllers\\MatchJController')
 5 SYSTEMPATH\CodeIgniter.php(887): class_exists('\\App\\Controllers\\MatchJController', true)
 6 SYSTEMPATH\CodeIgniter.php(496): CodeIgniter\CodeIgniter->startController()
 7 SYSTEMPATH\CodeIgniter.php(355): CodeIgniter\CodeIgniter->handleRequest(null, Object(Config\Cache), false)
 8 SYSTEMPATH\Boot.php(312): CodeIgniter\CodeIgniter->run()
 9 SYSTEMPATH\Boot.php(67): CodeIgniter\Boot::runCodeIgniter(Object(CodeIgniter\CodeIgniter))
10 FCPATH\index.php(62): CodeIgniter\Boot::bootWeb(Object(Config\Paths))
11 SYSTEMPATH\Commands\Server\rewrite.php(49): require_once('C:\\Users\\Mialisoa\\ASA\\interprom\\interprom-back\\public\\index.php')
WARNING - 2025-05-15 20:03:06 --> [DEPRECATED] Optional parameter $id_discipline declared before required parameter $id_tournoi is implicitly treated as a required parameter in APPPATH\Controllers\MatchJController.php on line 164.
 1 SYSTEMPATH\Autoloader\Autoloader.php(317): include_once('C:\\Users\\Mialisoa\\ASA\\interprom\\interprom-back\\system\\Debug\\Exceptions.php')
 2 SYSTEMPATH\Autoloader\Autoloader.php(296): CodeIgniter\Autoloader\Autoloader->includeFile('C:\\Users\\Mialisoa\\ASA\\interprom\\interprom-back\\app\\Controllers\\MatchJController.php')
 3 SYSTEMPATH\Autoloader\Autoloader.php(272): CodeIgniter\Autoloader\Autoloader->loadInNamespace('App\\Controllers\\MatchJController')
 4 [internal function]: CodeIgniter\Autoloader\Autoloader->loadClass('App\\Controllers\\MatchJController')
 5 SYSTEMPATH\CodeIgniter.php(887): class_exists('\\App\\Controllers\\MatchJController', true)
 6 SYSTEMPATH\CodeIgniter.php(496): CodeIgniter\CodeIgniter->startController()
 7 SYSTEMPATH\CodeIgniter.php(355): CodeIgniter\CodeIgniter->handleRequest(null, Object(Config\Cache), false)
 8 SYSTEMPATH\Boot.php(312): CodeIgniter\CodeIgniter->run()
 9 SYSTEMPATH\Boot.php(67): CodeIgniter\Boot::runCodeIgniter(Object(CodeIgniter\CodeIgniter))
10 FCPATH\index.php(62): CodeIgniter\Boot::bootWeb(Object(Config\Paths))
11 SYSTEMPATH\Commands\Server\rewrite.php(49): require_once('C:\\Users\\Mialisoa\\ASA\\interprom\\interprom-back\\public\\index.php')
WARNING - 2025-05-15 20:03:06 --> [DEPRECATED] Optional parameter $id_discipline declared before required parameter $id_tournoi is implicitly treated as a required parameter in APPPATH\Controllers\MatchJController.php on line 164.
 1 SYSTEMPATH\Autoloader\Autoloader.php(317): include_once('C:\\Users\\Mialisoa\\ASA\\interprom\\interprom-back\\system\\Debug\\Exceptions.php')
 2 SYSTEMPATH\Autoloader\Autoloader.php(296): CodeIgniter\Autoloader\Autoloader->includeFile('C:\\Users\\Mialisoa\\ASA\\interprom\\interprom-back\\app\\Controllers\\MatchJController.php')
 3 SYSTEMPATH\Autoloader\Autoloader.php(272): CodeIgniter\Autoloader\Autoloader->loadInNamespace('App\\Controllers\\MatchJController')
 4 [internal function]: CodeIgniter\Autoloader\Autoloader->loadClass('App\\Controllers\\MatchJController')
 5 SYSTEMPATH\CodeIgniter.php(887): class_exists('\\App\\Controllers\\MatchJController', true)
 6 SYSTEMPATH\CodeIgniter.php(496): CodeIgniter\CodeIgniter->startController()
 7 SYSTEMPATH\CodeIgniter.php(355): CodeIgniter\CodeIgniter->handleRequest(null, Object(Config\Cache), false)
 8 SYSTEMPATH\Boot.php(312): CodeIgniter\CodeIgniter->run()
 9 SYSTEMPATH\Boot.php(67): CodeIgniter\Boot::runCodeIgniter(Object(CodeIgniter\CodeIgniter))
10 FCPATH\index.php(62): CodeIgniter\Boot::bootWeb(Object(Config\Paths))
11 SYSTEMPATH\Commands\Server\rewrite.php(49): require_once('C:\\Users\\Mialisoa\\ASA\\interprom\\interprom-back\\public\\index.php')
WARNING - 2025-05-15 20:03:06 --> [DEPRECATED] Optional parameter $id_discipline declared before required parameter $id_tournoi is implicitly treated as a required parameter in APPPATH\Controllers\MatchJController.php on line 164.
 1 SYSTEMPATH\Autoloader\Autoloader.php(317): include_once('C:\\Users\\Mialisoa\\ASA\\interprom\\interprom-back\\system\\Debug\\Exceptions.php')
 2 SYSTEMPATH\Autoloader\Autoloader.php(296): CodeIgniter\Autoloader\Autoloader->includeFile('C:\\Users\\Mialisoa\\ASA\\interprom\\interprom-back\\app\\Controllers\\MatchJController.php')
 3 SYSTEMPATH\Autoloader\Autoloader.php(272): CodeIgniter\Autoloader\Autoloader->loadInNamespace('App\\Controllers\\MatchJController')
 4 [internal function]: CodeIgniter\Autoloader\Autoloader->loadClass('App\\Controllers\\MatchJController')
 5 SYSTEMPATH\CodeIgniter.php(887): class_exists('\\App\\Controllers\\MatchJController', true)
 6 SYSTEMPATH\CodeIgniter.php(496): CodeIgniter\CodeIgniter->startController()
 7 SYSTEMPATH\CodeIgniter.php(355): CodeIgniter\CodeIgniter->handleRequest(null, Object(Config\Cache), false)
 8 SYSTEMPATH\Boot.php(312): CodeIgniter\CodeIgniter->run()
 9 SYSTEMPATH\Boot.php(67): CodeIgniter\Boot::runCodeIgniter(Object(CodeIgniter\CodeIgniter))
10 FCPATH\index.php(62): CodeIgniter\Boot::bootWeb(Object(Config\Paths))
11 SYSTEMPATH\Commands\Server\rewrite.php(49): require_once('C:\\Users\\Mialisoa\\ASA\\interprom\\interprom-back\\public\\index.php')
WARNING - 2025-05-15 20:03:18 --> [DEPRECATED] Optional parameter $id_discipline declared before required parameter $id_tournoi is implicitly treated as a required parameter in APPPATH\Controllers\MatchJController.php on line 164.
 1 SYSTEMPATH\Autoloader\Autoloader.php(317): include_once('C:\\Users\\Mialisoa\\ASA\\interprom\\interprom-back\\system\\Debug\\Exceptions.php')
 2 SYSTEMPATH\Autoloader\Autoloader.php(296): CodeIgniter\Autoloader\Autoloader->includeFile('C:\\Users\\Mialisoa\\ASA\\interprom\\interprom-back\\app\\Controllers\\MatchJController.php')
 3 SYSTEMPATH\Autoloader\Autoloader.php(272): CodeIgniter\Autoloader\Autoloader->loadInNamespace('App\\Controllers\\MatchJController')
 4 [internal function]: CodeIgniter\Autoloader\Autoloader->loadClass('App\\Controllers\\MatchJController')
 5 SYSTEMPATH\CodeIgniter.php(887): class_exists('\\App\\Controllers\\MatchJController', true)
 6 SYSTEMPATH\CodeIgniter.php(496): CodeIgniter\CodeIgniter->startController()
 7 SYSTEMPATH\CodeIgniter.php(355): CodeIgniter\CodeIgniter->handleRequest(null, Object(Config\Cache), false)
 8 SYSTEMPATH\Boot.php(312): CodeIgniter\CodeIgniter->run()
 9 SYSTEMPATH\Boot.php(67): CodeIgniter\Boot::runCodeIgniter(Object(CodeIgniter\CodeIgniter))
10 FCPATH\index.php(62): CodeIgniter\Boot::bootWeb(Object(Config\Paths))
11 SYSTEMPATH\Commands\Server\rewrite.php(49): require_once('C:\\Users\\Mialisoa\\ASA\\interprom\\interprom-back\\public\\index.php')
WARNING - 2025-05-15 20:03:19 --> [DEPRECATED] Optional parameter $id_discipline declared before required parameter $id_tournoi is implicitly treated as a required parameter in APPPATH\Controllers\MatchJController.php on line 164.
 1 SYSTEMPATH\Autoloader\Autoloader.php(317): include_once('C:\\Users\\Mialisoa\\ASA\\interprom\\interprom-back\\system\\Debug\\Exceptions.php')
 2 SYSTEMPATH\Autoloader\Autoloader.php(296): CodeIgniter\Autoloader\Autoloader->includeFile('C:\\Users\\Mialisoa\\ASA\\interprom\\interprom-back\\app\\Controllers\\MatchJController.php')
 3 SYSTEMPATH\Autoloader\Autoloader.php(272): CodeIgniter\Autoloader\Autoloader->loadInNamespace('App\\Controllers\\MatchJController')
 4 [internal function]: CodeIgniter\Autoloader\Autoloader->loadClass('App\\Controllers\\MatchJController')
 5 SYSTEMPATH\CodeIgniter.php(887): class_exists('\\App\\Controllers\\MatchJController', true)
 6 SYSTEMPATH\CodeIgniter.php(496): CodeIgniter\CodeIgniter->startController()
 7 SYSTEMPATH\CodeIgniter.php(355): CodeIgniter\CodeIgniter->handleRequest(null, Object(Config\Cache), false)
 8 SYSTEMPATH\Boot.php(312): CodeIgniter\CodeIgniter->run()
 9 SYSTEMPATH\Boot.php(67): CodeIgniter\Boot::runCodeIgniter(Object(CodeIgniter\CodeIgniter))
10 FCPATH\index.php(62): CodeIgniter\Boot::bootWeb(Object(Config\Paths))
11 SYSTEMPATH\Commands\Server\rewrite.php(49): require_once('C:\\Users\\Mialisoa\\ASA\\interprom\\interprom-back\\public\\index.php')
WARNING - 2025-05-15 20:03:22 --> [DEPRECATED] Optional parameter $id_discipline declared before required parameter $id_tournoi is implicitly treated as a required parameter in APPPATH\Controllers\MatchJController.php on line 164.
 1 SYSTEMPATH\Autoloader\Autoloader.php(317): include_once('C:\\Users\\Mialisoa\\ASA\\interprom\\interprom-back\\system\\Debug\\Exceptions.php')
 2 SYSTEMPATH\Autoloader\Autoloader.php(296): CodeIgniter\Autoloader\Autoloader->includeFile('C:\\Users\\Mialisoa\\ASA\\interprom\\interprom-back\\app\\Controllers\\MatchJController.php')
 3 SYSTEMPATH\Autoloader\Autoloader.php(272): CodeIgniter\Autoloader\Autoloader->loadInNamespace('App\\Controllers\\MatchJController')
 4 [internal function]: CodeIgniter\Autoloader\Autoloader->loadClass('App\\Controllers\\MatchJController')
 5 SYSTEMPATH\CodeIgniter.php(887): class_exists('\\App\\Controllers\\MatchJController', true)
 6 SYSTEMPATH\CodeIgniter.php(496): CodeIgniter\CodeIgniter->startController()
 7 SYSTEMPATH\CodeIgniter.php(355): CodeIgniter\CodeIgniter->handleRequest(null, Object(Config\Cache), false)
 8 SYSTEMPATH\Boot.php(312): CodeIgniter\CodeIgniter->run()
 9 SYSTEMPATH\Boot.php(67): CodeIgniter\Boot::runCodeIgniter(Object(CodeIgniter\CodeIgniter))
10 FCPATH\index.php(62): CodeIgniter\Boot::bootWeb(Object(Config\Paths))
11 SYSTEMPATH\Commands\Server\rewrite.php(49): require_once('C:\\Users\\Mialisoa\\ASA\\interprom\\interprom-back\\public\\index.php')
WARNING - 2025-05-15 20:03:22 --> [DEPRECATED] Optional parameter $id_discipline declared before required parameter $id_tournoi is implicitly treated as a required parameter in APPPATH\Controllers\MatchJController.php on line 164.
 1 SYSTEMPATH\Autoloader\Autoloader.php(317): include_once('C:\\Users\\Mialisoa\\ASA\\interprom\\interprom-back\\system\\Debug\\Exceptions.php')
 2 SYSTEMPATH\Autoloader\Autoloader.php(296): CodeIgniter\Autoloader\Autoloader->includeFile('C:\\Users\\Mialisoa\\ASA\\interprom\\interprom-back\\app\\Controllers\\MatchJController.php')
 3 SYSTEMPATH\Autoloader\Autoloader.php(272): CodeIgniter\Autoloader\Autoloader->loadInNamespace('App\\Controllers\\MatchJController')
 4 [internal function]: CodeIgniter\Autoloader\Autoloader->loadClass('App\\Controllers\\MatchJController')
 5 SYSTEMPATH\CodeIgniter.php(887): class_exists('\\App\\Controllers\\MatchJController', true)
 6 SYSTEMPATH\CodeIgniter.php(496): CodeIgniter\CodeIgniter->startController()
 7 SYSTEMPATH\CodeIgniter.php(355): CodeIgniter\CodeIgniter->handleRequest(null, Object(Config\Cache), false)
 8 SYSTEMPATH\Boot.php(312): CodeIgniter\CodeIgniter->run()
 9 SYSTEMPATH\Boot.php(67): CodeIgniter\Boot::runCodeIgniter(Object(CodeIgniter\CodeIgniter))
10 FCPATH\index.php(62): CodeIgniter\Boot::bootWeb(Object(Config\Paths))
11 SYSTEMPATH\Commands\Server\rewrite.php(49): require_once('C:\\Users\\Mialisoa\\ASA\\interprom\\interprom-back\\public\\index.php')
ERROR - 2025-05-15 20:03:22 --> ErrorException: pg_query(): Query failed: ERREUR:  la colonne et1.tournoi n'existe pas
LINE 1: ...pe_match tm ON m.id_type = tm.id_type_match WHERE et1.tourno...
                                                             ^
HINT:  Peut-être que vous souhaitiez référencer la colonne « et1.id_tournoi ». in C:\Users\Mialisoa\ASA\interprom\interprom-back\system\Database\Postgre\Connection.php:192
Stack trace:
#0 [internal function]: CodeIgniter\Debug\Exceptions->errorHandler(2, 'pg_query(): Que...', 'C:\\Users\\Mialis...', 192)
#1 C:\Users\Mialisoa\ASA\interprom\interprom-back\system\Database\Postgre\Connection.php(192): pg_query(Object(PgSql\Connection), 'SELECT m.id_mat...')
#2 C:\Users\Mialisoa\ASA\interprom\interprom-back\system\Database\BaseConnection.php(721): CodeIgniter\Database\Postgre\Connection->execute('SELECT m.id_mat...')
#3 C:\Users\Mialisoa\ASA\interprom\interprom-back\system\Database\BaseConnection.php(635): CodeIgniter\Database\BaseConnection->simpleQuery('SELECT m.id_mat...')
#4 C:\Users\Mialisoa\ASA\interprom\interprom-back\app\Controllers\MatchJController.php(155): CodeIgniter\Database\BaseConnection->query('SELECT m.id_mat...')
#5 C:\Users\Mialisoa\ASA\interprom\interprom-back\system\CodeIgniter.php(933): App\Controllers\MatchJController->get_matche_a_suivre_par_discipline_par_equipe('2', '36', '2')
#6 C:\Users\Mialisoa\ASA\interprom\interprom-back\system\CodeIgniter.php(509): CodeIgniter\CodeIgniter->runController(Object(App\Controllers\MatchJController))
#7 C:\Users\Mialisoa\ASA\interprom\interprom-back\system\CodeIgniter.php(355): CodeIgniter\CodeIgniter->handleRequest(NULL, Object(Config\Cache), false)
#8 C:\Users\Mialisoa\ASA\interprom\interprom-back\system\Boot.php(312): CodeIgniter\CodeIgniter->run()
#9 C:\Users\Mialisoa\ASA\interprom\interprom-back\system\Boot.php(67): CodeIgniter\Boot::runCodeIgniter(Object(CodeIgniter\CodeIgniter))
#10 C:\Users\Mialisoa\ASA\interprom\interprom-back\public\index.php(62): CodeIgniter\Boot::bootWeb(Object(Config\Paths))
#11 C:\Users\Mialisoa\ASA\interprom\interprom-back\system\Commands\Server\rewrite.php(49): require_once('C:\\Users\\Mialis...')
#12 {main}
CRITICAL - 2025-05-15 20:03:22 --> CodeIgniter\Database\Exceptions\DatabaseException: pg_query(): Query failed: ERREUR:  la colonne et1.tournoi n'existe pas
LINE 1: ...pe_match tm ON m.id_type = tm.id_type_match WHERE et1.tourno...
                                                             ^
HINT:  Peut-être que vous souhaitiez référencer la colonne « et1.id_tournoi ».
[Method: GET, Route: api/match-a-suivre/discipline_2/36/tournoi_2]
in SYSTEMPATH\Database\BaseConnection.php on line 675.
 1 APPPATH\Controllers\MatchJController.php(155): CodeIgniter\Database\BaseConnection->query('SELECT m.id_match, et1.id_tournoi, e1.nom_equipe AS nom_equipe_1, e2.nom_equipe AS nom_equipe_2, m.date_, d.id_discipline, m.debut_prevision, m.debut_reel, m.fin_prevision, m.fin_reel, d.nom AS nom_discipline, m.score_equipe_1, m.score_equipe_2, tm.nom AS nom_type_match, m.terrain FROM match m JOIN equipe_tournoi et1 ON m.id_equipe_tournoi_1 = et1.id_equipe_tournoi JOIN equipe e1 ON et1.id_equipe = e1.id_equipe JOIN equipe_tournoi et2 ON m.id_equipe_tournoi_2 = et2.id_equipe_tournoi JOIN equipe e2 ON et2.id_equipe = e2.id_equipe JOIN discipline d ON m.id_discipline = d.id_discipline JOIN type_match tm ON m.id_type = tm.id_type_match WHERE et1.tournoi=2 AND m.debut_reel IS NULL AND m.fin_reel IS NULL and d.id_discipline=2 and (et1.id_equipe_tournoi = 36 or et2.id_equipe_tournoi = 36) order by m.debut_prevision asc')
 2 SYSTEMPATH\CodeIgniter.php(933): App\Controllers\MatchJController->get_matche_a_suivre_par_discipline_par_equipe('2', '36', '2')
 3 SYSTEMPATH\CodeIgniter.php(509): CodeIgniter\CodeIgniter->runController(Object(App\Controllers\MatchJController))
 4 SYSTEMPATH\CodeIgniter.php(355): CodeIgniter\CodeIgniter->handleRequest(null, Object(Config\Cache), false)
 5 SYSTEMPATH\Boot.php(312): CodeIgniter\CodeIgniter->run()
 6 SYSTEMPATH\Boot.php(67): CodeIgniter\Boot::runCodeIgniter(Object(CodeIgniter\CodeIgniter))
 7 FCPATH\index.php(62): CodeIgniter\Boot::bootWeb(Object(Config\Paths))
 8 SYSTEMPATH\Commands\Server\rewrite.php(49): require_once('C:\\Users\\Mialisoa\\ASA\\interprom\\interprom-back\\public\\index.php')
CRITICAL - 2025-05-15 20:03:22 --> [Caused by] CodeIgniter\Database\Exceptions\DatabaseException: pg_query(): Query failed: ERREUR:  la colonne et1.tournoi n'existe pas
LINE 1: ...pe_match tm ON m.id_type = tm.id_type_match WHERE et1.tourno...
                                                             ^
HINT:  Peut-être que vous souhaitiez référencer la colonne « et1.id_tournoi ».
in SYSTEMPATH\Database\Postgre\Connection.php on line 197.
 1 SYSTEMPATH\Database\BaseConnection.php(721): CodeIgniter\Database\Postgre\Connection->execute('SELECT m.id_match, et1.id_tournoi, e1.nom_equipe AS nom_equipe_1, e2.nom_equipe AS nom_equipe_2, m.date_, d.id_discipline, m.debut_prevision, m.debut_reel, m.fin_prevision, m.fin_reel, d.nom AS nom_discipline, m.score_equipe_1, m.score_equipe_2, tm.nom AS nom_type_match, m.terrain FROM match m JOIN equipe_tournoi et1 ON m.id_equipe_tournoi_1 = et1.id_equipe_tournoi JOIN equipe e1 ON et1.id_equipe = e1.id_equipe JOIN equipe_tournoi et2 ON m.id_equipe_tournoi_2 = et2.id_equipe_tournoi JOIN equipe e2 ON et2.id_equipe = e2.id_equipe JOIN discipline d ON m.id_discipline = d.id_discipline JOIN type_match tm ON m.id_type = tm.id_type_match WHERE et1.tournoi=2 AND m.debut_reel IS NULL AND m.fin_reel IS NULL and d.id_discipline=2 and (et1.id_equipe_tournoi = 36 or et2.id_equipe_tournoi = 36) order by m.debut_prevision asc')
 2 SYSTEMPATH\Database\BaseConnection.php(635): CodeIgniter\Database\BaseConnection->simpleQuery('SELECT m.id_match, et1.id_tournoi, e1.nom_equipe AS nom_equipe_1, e2.nom_equipe AS nom_equipe_2, m.date_, d.id_discipline, m.debut_prevision, m.debut_reel, m.fin_prevision, m.fin_reel, d.nom AS nom_discipline, m.score_equipe_1, m.score_equipe_2, tm.nom AS nom_type_match, m.terrain FROM match m JOIN equipe_tournoi et1 ON m.id_equipe_tournoi_1 = et1.id_equipe_tournoi JOIN equipe e1 ON et1.id_equipe = e1.id_equipe JOIN equipe_tournoi et2 ON m.id_equipe_tournoi_2 = et2.id_equipe_tournoi JOIN equipe e2 ON et2.id_equipe = e2.id_equipe JOIN discipline d ON m.id_discipline = d.id_discipline JOIN type_match tm ON m.id_type = tm.id_type_match WHERE et1.tournoi=2 AND m.debut_reel IS NULL AND m.fin_reel IS NULL and d.id_discipline=2 and (et1.id_equipe_tournoi = 36 or et2.id_equipe_tournoi = 36) order by m.debut_prevision asc')
 3 APPPATH\Controllers\MatchJController.php(155): CodeIgniter\Database\BaseConnection->query('SELECT m.id_match, et1.id_tournoi, e1.nom_equipe AS nom_equipe_1, e2.nom_equipe AS nom_equipe_2, m.date_, d.id_discipline, m.debut_prevision, m.debut_reel, m.fin_prevision, m.fin_reel, d.nom AS nom_discipline, m.score_equipe_1, m.score_equipe_2, tm.nom AS nom_type_match, m.terrain FROM match m JOIN equipe_tournoi et1 ON m.id_equipe_tournoi_1 = et1.id_equipe_tournoi JOIN equipe e1 ON et1.id_equipe = e1.id_equipe JOIN equipe_tournoi et2 ON m.id_equipe_tournoi_2 = et2.id_equipe_tournoi JOIN equipe e2 ON et2.id_equipe = e2.id_equipe JOIN discipline d ON m.id_discipline = d.id_discipline JOIN type_match tm ON m.id_type = tm.id_type_match WHERE et1.tournoi=2 AND m.debut_reel IS NULL AND m.fin_reel IS NULL and d.id_discipline=2 and (et1.id_equipe_tournoi = 36 or et2.id_equipe_tournoi = 36) order by m.debut_prevision asc')
 4 SYSTEMPATH\CodeIgniter.php(933): App\Controllers\MatchJController->get_matche_a_suivre_par_discipline_par_equipe('2', '36', '2')
 5 SYSTEMPATH\CodeIgniter.php(509): CodeIgniter\CodeIgniter->runController(Object(App\Controllers\MatchJController))
 6 SYSTEMPATH\CodeIgniter.php(355): CodeIgniter\CodeIgniter->handleRequest(null, Object(Config\Cache), false)
 7 SYSTEMPATH\Boot.php(312): CodeIgniter\CodeIgniter->run()
 8 SYSTEMPATH\Boot.php(67): CodeIgniter\Boot::runCodeIgniter(Object(CodeIgniter\CodeIgniter))
 9 FCPATH\index.php(62): CodeIgniter\Boot::bootWeb(Object(Config\Paths))
10 SYSTEMPATH\Commands\Server\rewrite.php(49): require_once('C:\\Users\\Mialisoa\\ASA\\interprom\\interprom-back\\public\\index.php')
CRITICAL - 2025-05-15 20:03:22 --> [Caused by] ErrorException: pg_query(): Query failed: ERREUR:  la colonne et1.tournoi n'existe pas
LINE 1: ...pe_match tm ON m.id_type = tm.id_type_match WHERE et1.tourno...
                                                             ^
HINT:  Peut-être que vous souhaitiez référencer la colonne « et1.id_tournoi ».
in SYSTEMPATH\Database\Postgre\Connection.php on line 192.
 1 [internal function]: CodeIgniter\Debug\Exceptions->errorHandler(2, 'pg_query(): Query failed: ERREUR:  la colonne et1.tournoi n\'existe pas
LINE 1: ...pe_match tm ON m.id_type = tm.id_type_match WHERE et1.tourno...
                                                             ^
HINT:  Peut-être que vous souhaitiez référencer la colonne « et1.id_tournoi ».', 'C:\\Users\\Mialisoa\\ASA\\interprom\\interprom-back\\system\\Database\\Postgre\\Connection.php', 192)
 2 SYSTEMPATH\Database\Postgre\Connection.php(192): pg_query(Object(PgSql\Connection), 'SELECT m.id_match, et1.id_tournoi, e1.nom_equipe AS nom_equipe_1, e2.nom_equipe AS nom_equipe_2, m.date_, d.id_discipline, m.debut_prevision, m.debut_reel, m.fin_prevision, m.fin_reel, d.nom AS nom_discipline, m.score_equipe_1, m.score_equipe_2, tm.nom AS nom_type_match, m.terrain FROM match m JOIN equipe_tournoi et1 ON m.id_equipe_tournoi_1 = et1.id_equipe_tournoi JOIN equipe e1 ON et1.id_equipe = e1.id_equipe JOIN equipe_tournoi et2 ON m.id_equipe_tournoi_2 = et2.id_equipe_tournoi JOIN equipe e2 ON et2.id_equipe = e2.id_equipe JOIN discipline d ON m.id_discipline = d.id_discipline JOIN type_match tm ON m.id_type = tm.id_type_match WHERE et1.tournoi=2 AND m.debut_reel IS NULL AND m.fin_reel IS NULL and d.id_discipline=2 and (et1.id_equipe_tournoi = 36 or et2.id_equipe_tournoi = 36) order by m.debut_prevision asc')
 3 SYSTEMPATH\Database\BaseConnection.php(721): CodeIgniter\Database\Postgre\Connection->execute('SELECT m.id_match, et1.id_tournoi, e1.nom_equipe AS nom_equipe_1, e2.nom_equipe AS nom_equipe_2, m.date_, d.id_discipline, m.debut_prevision, m.debut_reel, m.fin_prevision, m.fin_reel, d.nom AS nom_discipline, m.score_equipe_1, m.score_equipe_2, tm.nom AS nom_type_match, m.terrain FROM match m JOIN equipe_tournoi et1 ON m.id_equipe_tournoi_1 = et1.id_equipe_tournoi JOIN equipe e1 ON et1.id_equipe = e1.id_equipe JOIN equipe_tournoi et2 ON m.id_equipe_tournoi_2 = et2.id_equipe_tournoi JOIN equipe e2 ON et2.id_equipe = e2.id_equipe JOIN discipline d ON m.id_discipline = d.id_discipline JOIN type_match tm ON m.id_type = tm.id_type_match WHERE et1.tournoi=2 AND m.debut_reel IS NULL AND m.fin_reel IS NULL and d.id_discipline=2 and (et1.id_equipe_tournoi = 36 or et2.id_equipe_tournoi = 36) order by m.debut_prevision asc')
 4 SYSTEMPATH\Database\BaseConnection.php(635): CodeIgniter\Database\BaseConnection->simpleQuery('SELECT m.id_match, et1.id_tournoi, e1.nom_equipe AS nom_equipe_1, e2.nom_equipe AS nom_equipe_2, m.date_, d.id_discipline, m.debut_prevision, m.debut_reel, m.fin_prevision, m.fin_reel, d.nom AS nom_discipline, m.score_equipe_1, m.score_equipe_2, tm.nom AS nom_type_match, m.terrain FROM match m JOIN equipe_tournoi et1 ON m.id_equipe_tournoi_1 = et1.id_equipe_tournoi JOIN equipe e1 ON et1.id_equipe = e1.id_equipe JOIN equipe_tournoi et2 ON m.id_equipe_tournoi_2 = et2.id_equipe_tournoi JOIN equipe e2 ON et2.id_equipe = e2.id_equipe JOIN discipline d ON m.id_discipline = d.id_discipline JOIN type_match tm ON m.id_type = tm.id_type_match WHERE et1.tournoi=2 AND m.debut_reel IS NULL AND m.fin_reel IS NULL and d.id_discipline=2 and (et1.id_equipe_tournoi = 36 or et2.id_equipe_tournoi = 36) order by m.debut_prevision asc')
 5 APPPATH\Controllers\MatchJController.php(155): CodeIgniter\Database\BaseConnection->query('SELECT m.id_match, et1.id_tournoi, e1.nom_equipe AS nom_equipe_1, e2.nom_equipe AS nom_equipe_2, m.date_, d.id_discipline, m.debut_prevision, m.debut_reel, m.fin_prevision, m.fin_reel, d.nom AS nom_discipline, m.score_equipe_1, m.score_equipe_2, tm.nom AS nom_type_match, m.terrain FROM match m JOIN equipe_tournoi et1 ON m.id_equipe_tournoi_1 = et1.id_equipe_tournoi JOIN equipe e1 ON et1.id_equipe = e1.id_equipe JOIN equipe_tournoi et2 ON m.id_equipe_tournoi_2 = et2.id_equipe_tournoi JOIN equipe e2 ON et2.id_equipe = e2.id_equipe JOIN discipline d ON m.id_discipline = d.id_discipline JOIN type_match tm ON m.id_type = tm.id_type_match WHERE et1.tournoi=2 AND m.debut_reel IS NULL AND m.fin_reel IS NULL and d.id_discipline=2 and (et1.id_equipe_tournoi = 36 or et2.id_equipe_tournoi = 36) order by m.debut_prevision asc')
 6 SYSTEMPATH\CodeIgniter.php(933): App\Controllers\MatchJController->get_matche_a_suivre_par_discipline_par_equipe('2', '36', '2')
 7 SYSTEMPATH\CodeIgniter.php(509): CodeIgniter\CodeIgniter->runController(Object(App\Controllers\MatchJController))
 8 SYSTEMPATH\CodeIgniter.php(355): CodeIgniter\CodeIgniter->handleRequest(null, Object(Config\Cache), false)
 9 SYSTEMPATH\Boot.php(312): CodeIgniter\CodeIgniter->run()
10 SYSTEMPATH\Boot.php(67): CodeIgniter\Boot::runCodeIgniter(Object(CodeIgniter\CodeIgniter))
11 FCPATH\index.php(62): CodeIgniter\Boot::bootWeb(Object(Config\Paths))
12 SYSTEMPATH\Commands\Server\rewrite.php(49): require_once('C:\\Users\\Mialisoa\\ASA\\interprom\\interprom-back\\public\\index.php')
WARNING - 2025-05-15 20:03:23 --> [DEPRECATED] Optional parameter $id_discipline declared before required parameter $id_tournoi is implicitly treated as a required parameter in APPPATH\Controllers\MatchJController.php on line 164.
 1 SYSTEMPATH\Autoloader\Autoloader.php(317): include_once('C:\\Users\\Mialisoa\\ASA\\interprom\\interprom-back\\system\\Debug\\Exceptions.php')
 2 SYSTEMPATH\Autoloader\Autoloader.php(296): CodeIgniter\Autoloader\Autoloader->includeFile('C:\\Users\\Mialisoa\\ASA\\interprom\\interprom-back\\app\\Controllers\\MatchJController.php')
 3 SYSTEMPATH\Autoloader\Autoloader.php(272): CodeIgniter\Autoloader\Autoloader->loadInNamespace('App\\Controllers\\MatchJController')
 4 [internal function]: CodeIgniter\Autoloader\Autoloader->loadClass('App\\Controllers\\MatchJController')
 5 SYSTEMPATH\CodeIgniter.php(887): class_exists('\\App\\Controllers\\MatchJController', true)
 6 SYSTEMPATH\CodeIgniter.php(496): CodeIgniter\CodeIgniter->startController()
 7 SYSTEMPATH\CodeIgniter.php(355): CodeIgniter\CodeIgniter->handleRequest(null, Object(Config\Cache), false)
 8 SYSTEMPATH\Boot.php(312): CodeIgniter\CodeIgniter->run()
 9 SYSTEMPATH\Boot.php(67): CodeIgniter\Boot::runCodeIgniter(Object(CodeIgniter\CodeIgniter))
10 FCPATH\index.php(62): CodeIgniter\Boot::bootWeb(Object(Config\Paths))
11 SYSTEMPATH\Commands\Server\rewrite.php(49): require_once('C:\\Users\\Mialisoa\\ASA\\interprom\\interprom-back\\public\\index.php')
ERROR - 2025-05-15 20:03:24 --> ErrorException: pg_query(): Query failed: ERREUR:  la colonne et1.tournoi n'existe pas
LINE 1: ...pe_match tm ON m.id_type = tm.id_type_match WHERE et1.tourno...
                                                             ^
HINT:  Peut-être que vous souhaitiez référencer la colonne « et1.id_tournoi ». in C:\Users\Mialisoa\ASA\interprom\interprom-back\system\Database\Postgre\Connection.php:192
Stack trace:
#0 [internal function]: CodeIgniter\Debug\Exceptions->errorHandler(2, 'pg_query(): Que...', 'C:\\Users\\Mialis...', 192)
#1 C:\Users\Mialisoa\ASA\interprom\interprom-back\system\Database\Postgre\Connection.php(192): pg_query(Object(PgSql\Connection), 'SELECT m.id_mat...')
#2 C:\Users\Mialisoa\ASA\interprom\interprom-back\system\Database\BaseConnection.php(721): CodeIgniter\Database\Postgre\Connection->execute('SELECT m.id_mat...')
#3 C:\Users\Mialisoa\ASA\interprom\interprom-back\system\Database\BaseConnection.php(635): CodeIgniter\Database\BaseConnection->simpleQuery('SELECT m.id_mat...')
#4 C:\Users\Mialisoa\ASA\interprom\interprom-back\app\Controllers\MatchJController.php(155): CodeIgniter\Database\BaseConnection->query('SELECT m.id_mat...')
#5 C:\Users\Mialisoa\ASA\interprom\interprom-back\system\CodeIgniter.php(933): App\Controllers\MatchJController->get_matche_a_suivre_par_discipline_par_equipe('2', '36', '2')
#6 C:\Users\Mialisoa\ASA\interprom\interprom-back\system\CodeIgniter.php(509): CodeIgniter\CodeIgniter->runController(Object(App\Controllers\MatchJController))
#7 C:\Users\Mialisoa\ASA\interprom\interprom-back\system\CodeIgniter.php(355): CodeIgniter\CodeIgniter->handleRequest(NULL, Object(Config\Cache), false)
#8 C:\Users\Mialisoa\ASA\interprom\interprom-back\system\Boot.php(312): CodeIgniter\CodeIgniter->run()
#9 C:\Users\Mialisoa\ASA\interprom\interprom-back\system\Boot.php(67): CodeIgniter\Boot::runCodeIgniter(Object(CodeIgniter\CodeIgniter))
#10 C:\Users\Mialisoa\ASA\interprom\interprom-back\public\index.php(62): CodeIgniter\Boot::bootWeb(Object(Config\Paths))
#11 C:\Users\Mialisoa\ASA\interprom\interprom-back\system\Commands\Server\rewrite.php(49): require_once('C:\\Users\\Mialis...')
#12 {main}
CRITICAL - 2025-05-15 20:03:24 --> CodeIgniter\Database\Exceptions\DatabaseException: pg_query(): Query failed: ERREUR:  la colonne et1.tournoi n'existe pas
LINE 1: ...pe_match tm ON m.id_type = tm.id_type_match WHERE et1.tourno...
                                                             ^
HINT:  Peut-être que vous souhaitiez référencer la colonne « et1.id_tournoi ».
[Method: GET, Route: api/match-a-suivre/discipline_2/36/tournoi_2]
in SYSTEMPATH\Database\BaseConnection.php on line 675.
 1 APPPATH\Controllers\MatchJController.php(155): CodeIgniter\Database\BaseConnection->query('SELECT m.id_match, et1.id_tournoi, e1.nom_equipe AS nom_equipe_1, e2.nom_equipe AS nom_equipe_2, m.date_, d.id_discipline, m.debut_prevision, m.debut_reel, m.fin_prevision, m.fin_reel, d.nom AS nom_discipline, m.score_equipe_1, m.score_equipe_2, tm.nom AS nom_type_match, m.terrain FROM match m JOIN equipe_tournoi et1 ON m.id_equipe_tournoi_1 = et1.id_equipe_tournoi JOIN equipe e1 ON et1.id_equipe = e1.id_equipe JOIN equipe_tournoi et2 ON m.id_equipe_tournoi_2 = et2.id_equipe_tournoi JOIN equipe e2 ON et2.id_equipe = e2.id_equipe JOIN discipline d ON m.id_discipline = d.id_discipline JOIN type_match tm ON m.id_type = tm.id_type_match WHERE et1.tournoi=2 AND m.debut_reel IS NULL AND m.fin_reel IS NULL and d.id_discipline=2 and (et1.id_equipe_tournoi = 36 or et2.id_equipe_tournoi = 36) order by m.debut_prevision asc')
 2 SYSTEMPATH\CodeIgniter.php(933): App\Controllers\MatchJController->get_matche_a_suivre_par_discipline_par_equipe('2', '36', '2')
 3 SYSTEMPATH\CodeIgniter.php(509): CodeIgniter\CodeIgniter->runController(Object(App\Controllers\MatchJController))
 4 SYSTEMPATH\CodeIgniter.php(355): CodeIgniter\CodeIgniter->handleRequest(null, Object(Config\Cache), false)
 5 SYSTEMPATH\Boot.php(312): CodeIgniter\CodeIgniter->run()
 6 SYSTEMPATH\Boot.php(67): CodeIgniter\Boot::runCodeIgniter(Object(CodeIgniter\CodeIgniter))
 7 FCPATH\index.php(62): CodeIgniter\Boot::bootWeb(Object(Config\Paths))
 8 SYSTEMPATH\Commands\Server\rewrite.php(49): require_once('C:\\Users\\Mialisoa\\ASA\\interprom\\interprom-back\\public\\index.php')
CRITICAL - 2025-05-15 20:03:24 --> [Caused by] CodeIgniter\Database\Exceptions\DatabaseException: pg_query(): Query failed: ERREUR:  la colonne et1.tournoi n'existe pas
LINE 1: ...pe_match tm ON m.id_type = tm.id_type_match WHERE et1.tourno...
                                                             ^
HINT:  Peut-être que vous souhaitiez référencer la colonne « et1.id_tournoi ».
in SYSTEMPATH\Database\Postgre\Connection.php on line 197.
 1 SYSTEMPATH\Database\BaseConnection.php(721): CodeIgniter\Database\Postgre\Connection->execute('SELECT m.id_match, et1.id_tournoi, e1.nom_equipe AS nom_equipe_1, e2.nom_equipe AS nom_equipe_2, m.date_, d.id_discipline, m.debut_prevision, m.debut_reel, m.fin_prevision, m.fin_reel, d.nom AS nom_discipline, m.score_equipe_1, m.score_equipe_2, tm.nom AS nom_type_match, m.terrain FROM match m JOIN equipe_tournoi et1 ON m.id_equipe_tournoi_1 = et1.id_equipe_tournoi JOIN equipe e1 ON et1.id_equipe = e1.id_equipe JOIN equipe_tournoi et2 ON m.id_equipe_tournoi_2 = et2.id_equipe_tournoi JOIN equipe e2 ON et2.id_equipe = e2.id_equipe JOIN discipline d ON m.id_discipline = d.id_discipline JOIN type_match tm ON m.id_type = tm.id_type_match WHERE et1.tournoi=2 AND m.debut_reel IS NULL AND m.fin_reel IS NULL and d.id_discipline=2 and (et1.id_equipe_tournoi = 36 or et2.id_equipe_tournoi = 36) order by m.debut_prevision asc')
 2 SYSTEMPATH\Database\BaseConnection.php(635): CodeIgniter\Database\BaseConnection->simpleQuery('SELECT m.id_match, et1.id_tournoi, e1.nom_equipe AS nom_equipe_1, e2.nom_equipe AS nom_equipe_2, m.date_, d.id_discipline, m.debut_prevision, m.debut_reel, m.fin_prevision, m.fin_reel, d.nom AS nom_discipline, m.score_equipe_1, m.score_equipe_2, tm.nom AS nom_type_match, m.terrain FROM match m JOIN equipe_tournoi et1 ON m.id_equipe_tournoi_1 = et1.id_equipe_tournoi JOIN equipe e1 ON et1.id_equipe = e1.id_equipe JOIN equipe_tournoi et2 ON m.id_equipe_tournoi_2 = et2.id_equipe_tournoi JOIN equipe e2 ON et2.id_equipe = e2.id_equipe JOIN discipline d ON m.id_discipline = d.id_discipline JOIN type_match tm ON m.id_type = tm.id_type_match WHERE et1.tournoi=2 AND m.debut_reel IS NULL AND m.fin_reel IS NULL and d.id_discipline=2 and (et1.id_equipe_tournoi = 36 or et2.id_equipe_tournoi = 36) order by m.debut_prevision asc')
 3 APPPATH\Controllers\MatchJController.php(155): CodeIgniter\Database\BaseConnection->query('SELECT m.id_match, et1.id_tournoi, e1.nom_equipe AS nom_equipe_1, e2.nom_equipe AS nom_equipe_2, m.date_, d.id_discipline, m.debut_prevision, m.debut_reel, m.fin_prevision, m.fin_reel, d.nom AS nom_discipline, m.score_equipe_1, m.score_equipe_2, tm.nom AS nom_type_match, m.terrain FROM match m JOIN equipe_tournoi et1 ON m.id_equipe_tournoi_1 = et1.id_equipe_tournoi JOIN equipe e1 ON et1.id_equipe = e1.id_equipe JOIN equipe_tournoi et2 ON m.id_equipe_tournoi_2 = et2.id_equipe_tournoi JOIN equipe e2 ON et2.id_equipe = e2.id_equipe JOIN discipline d ON m.id_discipline = d.id_discipline JOIN type_match tm ON m.id_type = tm.id_type_match WHERE et1.tournoi=2 AND m.debut_reel IS NULL AND m.fin_reel IS NULL and d.id_discipline=2 and (et1.id_equipe_tournoi = 36 or et2.id_equipe_tournoi = 36) order by m.debut_prevision asc')
 4 SYSTEMPATH\CodeIgniter.php(933): App\Controllers\MatchJController->get_matche_a_suivre_par_discipline_par_equipe('2', '36', '2')
 5 SYSTEMPATH\CodeIgniter.php(509): CodeIgniter\CodeIgniter->runController(Object(App\Controllers\MatchJController))
 6 SYSTEMPATH\CodeIgniter.php(355): CodeIgniter\CodeIgniter->handleRequest(null, Object(Config\Cache), false)
 7 SYSTEMPATH\Boot.php(312): CodeIgniter\CodeIgniter->run()
 8 SYSTEMPATH\Boot.php(67): CodeIgniter\Boot::runCodeIgniter(Object(CodeIgniter\CodeIgniter))
 9 FCPATH\index.php(62): CodeIgniter\Boot::bootWeb(Object(Config\Paths))
10 SYSTEMPATH\Commands\Server\rewrite.php(49): require_once('C:\\Users\\Mialisoa\\ASA\\interprom\\interprom-back\\public\\index.php')
CRITICAL - 2025-05-15 20:03:24 --> [Caused by] ErrorException: pg_query(): Query failed: ERREUR:  la colonne et1.tournoi n'existe pas
LINE 1: ...pe_match tm ON m.id_type = tm.id_type_match WHERE et1.tourno...
                                                             ^
HINT:  Peut-être que vous souhaitiez référencer la colonne « et1.id_tournoi ».
in SYSTEMPATH\Database\Postgre\Connection.php on line 192.
 1 [internal function]: CodeIgniter\Debug\Exceptions->errorHandler(2, 'pg_query(): Query failed: ERREUR:  la colonne et1.tournoi n\'existe pas
LINE 1: ...pe_match tm ON m.id_type = tm.id_type_match WHERE et1.tourno...
                                                             ^
HINT:  Peut-être que vous souhaitiez référencer la colonne « et1.id_tournoi ».', 'C:\\Users\\Mialisoa\\ASA\\interprom\\interprom-back\\system\\Database\\Postgre\\Connection.php', 192)
 2 SYSTEMPATH\Database\Postgre\Connection.php(192): pg_query(Object(PgSql\Connection), 'SELECT m.id_match, et1.id_tournoi, e1.nom_equipe AS nom_equipe_1, e2.nom_equipe AS nom_equipe_2, m.date_, d.id_discipline, m.debut_prevision, m.debut_reel, m.fin_prevision, m.fin_reel, d.nom AS nom_discipline, m.score_equipe_1, m.score_equipe_2, tm.nom AS nom_type_match, m.terrain FROM match m JOIN equipe_tournoi et1 ON m.id_equipe_tournoi_1 = et1.id_equipe_tournoi JOIN equipe e1 ON et1.id_equipe = e1.id_equipe JOIN equipe_tournoi et2 ON m.id_equipe_tournoi_2 = et2.id_equipe_tournoi JOIN equipe e2 ON et2.id_equipe = e2.id_equipe JOIN discipline d ON m.id_discipline = d.id_discipline JOIN type_match tm ON m.id_type = tm.id_type_match WHERE et1.tournoi=2 AND m.debut_reel IS NULL AND m.fin_reel IS NULL and d.id_discipline=2 and (et1.id_equipe_tournoi = 36 or et2.id_equipe_tournoi = 36) order by m.debut_prevision asc')
 3 SYSTEMPATH\Database\BaseConnection.php(721): CodeIgniter\Database\Postgre\Connection->execute('SELECT m.id_match, et1.id_tournoi, e1.nom_equipe AS nom_equipe_1, e2.nom_equipe AS nom_equipe_2, m.date_, d.id_discipline, m.debut_prevision, m.debut_reel, m.fin_prevision, m.fin_reel, d.nom AS nom_discipline, m.score_equipe_1, m.score_equipe_2, tm.nom AS nom_type_match, m.terrain FROM match m JOIN equipe_tournoi et1 ON m.id_equipe_tournoi_1 = et1.id_equipe_tournoi JOIN equipe e1 ON et1.id_equipe = e1.id_equipe JOIN equipe_tournoi et2 ON m.id_equipe_tournoi_2 = et2.id_equipe_tournoi JOIN equipe e2 ON et2.id_equipe = e2.id_equipe JOIN discipline d ON m.id_discipline = d.id_discipline JOIN type_match tm ON m.id_type = tm.id_type_match WHERE et1.tournoi=2 AND m.debut_reel IS NULL AND m.fin_reel IS NULL and d.id_discipline=2 and (et1.id_equipe_tournoi = 36 or et2.id_equipe_tournoi = 36) order by m.debut_prevision asc')
 4 SYSTEMPATH\Database\BaseConnection.php(635): CodeIgniter\Database\BaseConnection->simpleQuery('SELECT m.id_match, et1.id_tournoi, e1.nom_equipe AS nom_equipe_1, e2.nom_equipe AS nom_equipe_2, m.date_, d.id_discipline, m.debut_prevision, m.debut_reel, m.fin_prevision, m.fin_reel, d.nom AS nom_discipline, m.score_equipe_1, m.score_equipe_2, tm.nom AS nom_type_match, m.terrain FROM match m JOIN equipe_tournoi et1 ON m.id_equipe_tournoi_1 = et1.id_equipe_tournoi JOIN equipe e1 ON et1.id_equipe = e1.id_equipe JOIN equipe_tournoi et2 ON m.id_equipe_tournoi_2 = et2.id_equipe_tournoi JOIN equipe e2 ON et2.id_equipe = e2.id_equipe JOIN discipline d ON m.id_discipline = d.id_discipline JOIN type_match tm ON m.id_type = tm.id_type_match WHERE et1.tournoi=2 AND m.debut_reel IS NULL AND m.fin_reel IS NULL and d.id_discipline=2 and (et1.id_equipe_tournoi = 36 or et2.id_equipe_tournoi = 36) order by m.debut_prevision asc')
 5 APPPATH\Controllers\MatchJController.php(155): CodeIgniter\Database\BaseConnection->query('SELECT m.id_match, et1.id_tournoi, e1.nom_equipe AS nom_equipe_1, e2.nom_equipe AS nom_equipe_2, m.date_, d.id_discipline, m.debut_prevision, m.debut_reel, m.fin_prevision, m.fin_reel, d.nom AS nom_discipline, m.score_equipe_1, m.score_equipe_2, tm.nom AS nom_type_match, m.terrain FROM match m JOIN equipe_tournoi et1 ON m.id_equipe_tournoi_1 = et1.id_equipe_tournoi JOIN equipe e1 ON et1.id_equipe = e1.id_equipe JOIN equipe_tournoi et2 ON m.id_equipe_tournoi_2 = et2.id_equipe_tournoi JOIN equipe e2 ON et2.id_equipe = e2.id_equipe JOIN discipline d ON m.id_discipline = d.id_discipline JOIN type_match tm ON m.id_type = tm.id_type_match WHERE et1.tournoi=2 AND m.debut_reel IS NULL AND m.fin_reel IS NULL and d.id_discipline=2 and (et1.id_equipe_tournoi = 36 or et2.id_equipe_tournoi = 36) order by m.debut_prevision asc')
 6 SYSTEMPATH\CodeIgniter.php(933): App\Controllers\MatchJController->get_matche_a_suivre_par_discipline_par_equipe('2', '36', '2')
 7 SYSTEMPATH\CodeIgniter.php(509): CodeIgniter\CodeIgniter->runController(Object(App\Controllers\MatchJController))
 8 SYSTEMPATH\CodeIgniter.php(355): CodeIgniter\CodeIgniter->handleRequest(null, Object(Config\Cache), false)
 9 SYSTEMPATH\Boot.php(312): CodeIgniter\CodeIgniter->run()
10 SYSTEMPATH\Boot.php(67): CodeIgniter\Boot::runCodeIgniter(Object(CodeIgniter\CodeIgniter))
11 FCPATH\index.php(62): CodeIgniter\Boot::bootWeb(Object(Config\Paths))
12 SYSTEMPATH\Commands\Server\rewrite.php(49): require_once('C:\\Users\\Mialisoa\\ASA\\interprom\\interprom-back\\public\\index.php')
WARNING - 2025-05-15 20:03:26 --> [DEPRECATED] Optional parameter $id_discipline declared before required parameter $id_tournoi is implicitly treated as a required parameter in APPPATH\Controllers\MatchJController.php on line 164.
 1 SYSTEMPATH\Autoloader\Autoloader.php(317): include_once('C:\\Users\\Mialisoa\\ASA\\interprom\\interprom-back\\system\\Debug\\Exceptions.php')
 2 SYSTEMPATH\Autoloader\Autoloader.php(296): CodeIgniter\Autoloader\Autoloader->includeFile('C:\\Users\\Mialisoa\\ASA\\interprom\\interprom-back\\app\\Controllers\\MatchJController.php')
 3 SYSTEMPATH\Autoloader\Autoloader.php(272): CodeIgniter\Autoloader\Autoloader->loadInNamespace('App\\Controllers\\MatchJController')
 4 [internal function]: CodeIgniter\Autoloader\Autoloader->loadClass('App\\Controllers\\MatchJController')
 5 SYSTEMPATH\CodeIgniter.php(887): class_exists('\\App\\Controllers\\MatchJController', true)
 6 SYSTEMPATH\CodeIgniter.php(496): CodeIgniter\CodeIgniter->startController()
 7 SYSTEMPATH\CodeIgniter.php(355): CodeIgniter\CodeIgniter->handleRequest(null, Object(Config\Cache), false)
 8 SYSTEMPATH\Boot.php(312): CodeIgniter\CodeIgniter->run()
 9 SYSTEMPATH\Boot.php(67): CodeIgniter\Boot::runCodeIgniter(Object(CodeIgniter\CodeIgniter))
10 FCPATH\index.php(62): CodeIgniter\Boot::bootWeb(Object(Config\Paths))
11 SYSTEMPATH\Commands\Server\rewrite.php(49): require_once('C:\\Users\\Mialisoa\\ASA\\interprom\\interprom-back\\public\\index.php')
ERROR - 2025-05-15 20:03:26 --> ErrorException: pg_query(): Query failed: ERREUR:  la colonne et1.tournoi n'existe pas
LINE 1: ...pe_match tm ON m.id_type = tm.id_type_match WHERE et1.tourno...
                                                             ^
HINT:  Peut-être que vous souhaitiez référencer la colonne « et1.id_tournoi ». in C:\Users\Mialisoa\ASA\interprom\interprom-back\system\Database\Postgre\Connection.php:192
Stack trace:
#0 [internal function]: CodeIgniter\Debug\Exceptions->errorHandler(2, 'pg_query(): Que...', 'C:\\Users\\Mialis...', 192)
#1 C:\Users\Mialisoa\ASA\interprom\interprom-back\system\Database\Postgre\Connection.php(192): pg_query(Object(PgSql\Connection), 'SELECT m.id_mat...')
#2 C:\Users\Mialisoa\ASA\interprom\interprom-back\system\Database\BaseConnection.php(721): CodeIgniter\Database\Postgre\Connection->execute('SELECT m.id_mat...')
#3 C:\Users\Mialisoa\ASA\interprom\interprom-back\system\Database\BaseConnection.php(635): CodeIgniter\Database\BaseConnection->simpleQuery('SELECT m.id_mat...')
#4 C:\Users\Mialisoa\ASA\interprom\interprom-back\app\Controllers\MatchJController.php(155): CodeIgniter\Database\BaseConnection->query('SELECT m.id_mat...')
#5 C:\Users\Mialisoa\ASA\interprom\interprom-back\system\CodeIgniter.php(933): App\Controllers\MatchJController->get_matche_a_suivre_par_discipline_par_equipe('2', '36', '2')
#6 C:\Users\Mialisoa\ASA\interprom\interprom-back\system\CodeIgniter.php(509): CodeIgniter\CodeIgniter->runController(Object(App\Controllers\MatchJController))
#7 C:\Users\Mialisoa\ASA\interprom\interprom-back\system\CodeIgniter.php(355): CodeIgniter\CodeIgniter->handleRequest(NULL, Object(Config\Cache), false)
#8 C:\Users\Mialisoa\ASA\interprom\interprom-back\system\Boot.php(312): CodeIgniter\CodeIgniter->run()
#9 C:\Users\Mialisoa\ASA\interprom\interprom-back\system\Boot.php(67): CodeIgniter\Boot::runCodeIgniter(Object(CodeIgniter\CodeIgniter))
#10 C:\Users\Mialisoa\ASA\interprom\interprom-back\public\index.php(62): CodeIgniter\Boot::bootWeb(Object(Config\Paths))
#11 C:\Users\Mialisoa\ASA\interprom\interprom-back\system\Commands\Server\rewrite.php(49): require_once('C:\\Users\\Mialis...')
#12 {main}
CRITICAL - 2025-05-15 20:03:26 --> CodeIgniter\Database\Exceptions\DatabaseException: pg_query(): Query failed: ERREUR:  la colonne et1.tournoi n'existe pas
LINE 1: ...pe_match tm ON m.id_type = tm.id_type_match WHERE et1.tourno...
                                                             ^
HINT:  Peut-être que vous souhaitiez référencer la colonne « et1.id_tournoi ».
[Method: GET, Route: api/match-a-suivre/discipline_2/36/tournoi_2]
in SYSTEMPATH\Database\BaseConnection.php on line 675.
 1 APPPATH\Controllers\MatchJController.php(155): CodeIgniter\Database\BaseConnection->query('SELECT m.id_match, et1.id_tournoi, e1.nom_equipe AS nom_equipe_1, e2.nom_equipe AS nom_equipe_2, m.date_, d.id_discipline, m.debut_prevision, m.debut_reel, m.fin_prevision, m.fin_reel, d.nom AS nom_discipline, m.score_equipe_1, m.score_equipe_2, tm.nom AS nom_type_match, m.terrain FROM match m JOIN equipe_tournoi et1 ON m.id_equipe_tournoi_1 = et1.id_equipe_tournoi JOIN equipe e1 ON et1.id_equipe = e1.id_equipe JOIN equipe_tournoi et2 ON m.id_equipe_tournoi_2 = et2.id_equipe_tournoi JOIN equipe e2 ON et2.id_equipe = e2.id_equipe JOIN discipline d ON m.id_discipline = d.id_discipline JOIN type_match tm ON m.id_type = tm.id_type_match WHERE et1.tournoi=2 AND m.debut_reel IS NULL AND m.fin_reel IS NULL and d.id_discipline=2 and (et1.id_equipe_tournoi = 36 or et2.id_equipe_tournoi = 36) order by m.debut_prevision asc')
 2 SYSTEMPATH\CodeIgniter.php(933): App\Controllers\MatchJController->get_matche_a_suivre_par_discipline_par_equipe('2', '36', '2')
 3 SYSTEMPATH\CodeIgniter.php(509): CodeIgniter\CodeIgniter->runController(Object(App\Controllers\MatchJController))
 4 SYSTEMPATH\CodeIgniter.php(355): CodeIgniter\CodeIgniter->handleRequest(null, Object(Config\Cache), false)
 5 SYSTEMPATH\Boot.php(312): CodeIgniter\CodeIgniter->run()
 6 SYSTEMPATH\Boot.php(67): CodeIgniter\Boot::runCodeIgniter(Object(CodeIgniter\CodeIgniter))
 7 FCPATH\index.php(62): CodeIgniter\Boot::bootWeb(Object(Config\Paths))
 8 SYSTEMPATH\Commands\Server\rewrite.php(49): require_once('C:\\Users\\Mialisoa\\ASA\\interprom\\interprom-back\\public\\index.php')
CRITICAL - 2025-05-15 20:03:26 --> [Caused by] CodeIgniter\Database\Exceptions\DatabaseException: pg_query(): Query failed: ERREUR:  la colonne et1.tournoi n'existe pas
LINE 1: ...pe_match tm ON m.id_type = tm.id_type_match WHERE et1.tourno...
                                                             ^
HINT:  Peut-être que vous souhaitiez référencer la colonne « et1.id_tournoi ».
in SYSTEMPATH\Database\Postgre\Connection.php on line 197.
 1 SYSTEMPATH\Database\BaseConnection.php(721): CodeIgniter\Database\Postgre\Connection->execute('SELECT m.id_match, et1.id_tournoi, e1.nom_equipe AS nom_equipe_1, e2.nom_equipe AS nom_equipe_2, m.date_, d.id_discipline, m.debut_prevision, m.debut_reel, m.fin_prevision, m.fin_reel, d.nom AS nom_discipline, m.score_equipe_1, m.score_equipe_2, tm.nom AS nom_type_match, m.terrain FROM match m JOIN equipe_tournoi et1 ON m.id_equipe_tournoi_1 = et1.id_equipe_tournoi JOIN equipe e1 ON et1.id_equipe = e1.id_equipe JOIN equipe_tournoi et2 ON m.id_equipe_tournoi_2 = et2.id_equipe_tournoi JOIN equipe e2 ON et2.id_equipe = e2.id_equipe JOIN discipline d ON m.id_discipline = d.id_discipline JOIN type_match tm ON m.id_type = tm.id_type_match WHERE et1.tournoi=2 AND m.debut_reel IS NULL AND m.fin_reel IS NULL and d.id_discipline=2 and (et1.id_equipe_tournoi = 36 or et2.id_equipe_tournoi = 36) order by m.debut_prevision asc')
 2 SYSTEMPATH\Database\BaseConnection.php(635): CodeIgniter\Database\BaseConnection->simpleQuery('SELECT m.id_match, et1.id_tournoi, e1.nom_equipe AS nom_equipe_1, e2.nom_equipe AS nom_equipe_2, m.date_, d.id_discipline, m.debut_prevision, m.debut_reel, m.fin_prevision, m.fin_reel, d.nom AS nom_discipline, m.score_equipe_1, m.score_equipe_2, tm.nom AS nom_type_match, m.terrain FROM match m JOIN equipe_tournoi et1 ON m.id_equipe_tournoi_1 = et1.id_equipe_tournoi JOIN equipe e1 ON et1.id_equipe = e1.id_equipe JOIN equipe_tournoi et2 ON m.id_equipe_tournoi_2 = et2.id_equipe_tournoi JOIN equipe e2 ON et2.id_equipe = e2.id_equipe JOIN discipline d ON m.id_discipline = d.id_discipline JOIN type_match tm ON m.id_type = tm.id_type_match WHERE et1.tournoi=2 AND m.debut_reel IS NULL AND m.fin_reel IS NULL and d.id_discipline=2 and (et1.id_equipe_tournoi = 36 or et2.id_equipe_tournoi = 36) order by m.debut_prevision asc')
 3 APPPATH\Controllers\MatchJController.php(155): CodeIgniter\Database\BaseConnection->query('SELECT m.id_match, et1.id_tournoi, e1.nom_equipe AS nom_equipe_1, e2.nom_equipe AS nom_equipe_2, m.date_, d.id_discipline, m.debut_prevision, m.debut_reel, m.fin_prevision, m.fin_reel, d.nom AS nom_discipline, m.score_equipe_1, m.score_equipe_2, tm.nom AS nom_type_match, m.terrain FROM match m JOIN equipe_tournoi et1 ON m.id_equipe_tournoi_1 = et1.id_equipe_tournoi JOIN equipe e1 ON et1.id_equipe = e1.id_equipe JOIN equipe_tournoi et2 ON m.id_equipe_tournoi_2 = et2.id_equipe_tournoi JOIN equipe e2 ON et2.id_equipe = e2.id_equipe JOIN discipline d ON m.id_discipline = d.id_discipline JOIN type_match tm ON m.id_type = tm.id_type_match WHERE et1.tournoi=2 AND m.debut_reel IS NULL AND m.fin_reel IS NULL and d.id_discipline=2 and (et1.id_equipe_tournoi = 36 or et2.id_equipe_tournoi = 36) order by m.debut_prevision asc')
 4 SYSTEMPATH\CodeIgniter.php(933): App\Controllers\MatchJController->get_matche_a_suivre_par_discipline_par_equipe('2', '36', '2')
 5 SYSTEMPATH\CodeIgniter.php(509): CodeIgniter\CodeIgniter->runController(Object(App\Controllers\MatchJController))
 6 SYSTEMPATH\CodeIgniter.php(355): CodeIgniter\CodeIgniter->handleRequest(null, Object(Config\Cache), false)
 7 SYSTEMPATH\Boot.php(312): CodeIgniter\CodeIgniter->run()
 8 SYSTEMPATH\Boot.php(67): CodeIgniter\Boot::runCodeIgniter(Object(CodeIgniter\CodeIgniter))
 9 FCPATH\index.php(62): CodeIgniter\Boot::bootWeb(Object(Config\Paths))
10 SYSTEMPATH\Commands\Server\rewrite.php(49): require_once('C:\\Users\\Mialisoa\\ASA\\interprom\\interprom-back\\public\\index.php')
CRITICAL - 2025-05-15 20:03:26 --> [Caused by] ErrorException: pg_query(): Query failed: ERREUR:  la colonne et1.tournoi n'existe pas
LINE 1: ...pe_match tm ON m.id_type = tm.id_type_match WHERE et1.tourno...
                                                             ^
HINT:  Peut-être que vous souhaitiez référencer la colonne « et1.id_tournoi ».
in SYSTEMPATH\Database\Postgre\Connection.php on line 192.
 1 [internal function]: CodeIgniter\Debug\Exceptions->errorHandler(2, 'pg_query(): Query failed: ERREUR:  la colonne et1.tournoi n\'existe pas
LINE 1: ...pe_match tm ON m.id_type = tm.id_type_match WHERE et1.tourno...
                                                             ^
HINT:  Peut-être que vous souhaitiez référencer la colonne « et1.id_tournoi ».', 'C:\\Users\\Mialisoa\\ASA\\interprom\\interprom-back\\system\\Database\\Postgre\\Connection.php', 192)
 2 SYSTEMPATH\Database\Postgre\Connection.php(192): pg_query(Object(PgSql\Connection), 'SELECT m.id_match, et1.id_tournoi, e1.nom_equipe AS nom_equipe_1, e2.nom_equipe AS nom_equipe_2, m.date_, d.id_discipline, m.debut_prevision, m.debut_reel, m.fin_prevision, m.fin_reel, d.nom AS nom_discipline, m.score_equipe_1, m.score_equipe_2, tm.nom AS nom_type_match, m.terrain FROM match m JOIN equipe_tournoi et1 ON m.id_equipe_tournoi_1 = et1.id_equipe_tournoi JOIN equipe e1 ON et1.id_equipe = e1.id_equipe JOIN equipe_tournoi et2 ON m.id_equipe_tournoi_2 = et2.id_equipe_tournoi JOIN equipe e2 ON et2.id_equipe = e2.id_equipe JOIN discipline d ON m.id_discipline = d.id_discipline JOIN type_match tm ON m.id_type = tm.id_type_match WHERE et1.tournoi=2 AND m.debut_reel IS NULL AND m.fin_reel IS NULL and d.id_discipline=2 and (et1.id_equipe_tournoi = 36 or et2.id_equipe_tournoi = 36) order by m.debut_prevision asc')
 3 SYSTEMPATH\Database\BaseConnection.php(721): CodeIgniter\Database\Postgre\Connection->execute('SELECT m.id_match, et1.id_tournoi, e1.nom_equipe AS nom_equipe_1, e2.nom_equipe AS nom_equipe_2, m.date_, d.id_discipline, m.debut_prevision, m.debut_reel, m.fin_prevision, m.fin_reel, d.nom AS nom_discipline, m.score_equipe_1, m.score_equipe_2, tm.nom AS nom_type_match, m.terrain FROM match m JOIN equipe_tournoi et1 ON m.id_equipe_tournoi_1 = et1.id_equipe_tournoi JOIN equipe e1 ON et1.id_equipe = e1.id_equipe JOIN equipe_tournoi et2 ON m.id_equipe_tournoi_2 = et2.id_equipe_tournoi JOIN equipe e2 ON et2.id_equipe = e2.id_equipe JOIN discipline d ON m.id_discipline = d.id_discipline JOIN type_match tm ON m.id_type = tm.id_type_match WHERE et1.tournoi=2 AND m.debut_reel IS NULL AND m.fin_reel IS NULL and d.id_discipline=2 and (et1.id_equipe_tournoi = 36 or et2.id_equipe_tournoi = 36) order by m.debut_prevision asc')
 4 SYSTEMPATH\Database\BaseConnection.php(635): CodeIgniter\Database\BaseConnection->simpleQuery('SELECT m.id_match, et1.id_tournoi, e1.nom_equipe AS nom_equipe_1, e2.nom_equipe AS nom_equipe_2, m.date_, d.id_discipline, m.debut_prevision, m.debut_reel, m.fin_prevision, m.fin_reel, d.nom AS nom_discipline, m.score_equipe_1, m.score_equipe_2, tm.nom AS nom_type_match, m.terrain FROM match m JOIN equipe_tournoi et1 ON m.id_equipe_tournoi_1 = et1.id_equipe_tournoi JOIN equipe e1 ON et1.id_equipe = e1.id_equipe JOIN equipe_tournoi et2 ON m.id_equipe_tournoi_2 = et2.id_equipe_tournoi JOIN equipe e2 ON et2.id_equipe = e2.id_equipe JOIN discipline d ON m.id_discipline = d.id_discipline JOIN type_match tm ON m.id_type = tm.id_type_match WHERE et1.tournoi=2 AND m.debut_reel IS NULL AND m.fin_reel IS NULL and d.id_discipline=2 and (et1.id_equipe_tournoi = 36 or et2.id_equipe_tournoi = 36) order by m.debut_prevision asc')
 5 APPPATH\Controllers\MatchJController.php(155): CodeIgniter\Database\BaseConnection->query('SELECT m.id_match, et1.id_tournoi, e1.nom_equipe AS nom_equipe_1, e2.nom_equipe AS nom_equipe_2, m.date_, d.id_discipline, m.debut_prevision, m.debut_reel, m.fin_prevision, m.fin_reel, d.nom AS nom_discipline, m.score_equipe_1, m.score_equipe_2, tm.nom AS nom_type_match, m.terrain FROM match m JOIN equipe_tournoi et1 ON m.id_equipe_tournoi_1 = et1.id_equipe_tournoi JOIN equipe e1 ON et1.id_equipe = e1.id_equipe JOIN equipe_tournoi et2 ON m.id_equipe_tournoi_2 = et2.id_equipe_tournoi JOIN equipe e2 ON et2.id_equipe = e2.id_equipe JOIN discipline d ON m.id_discipline = d.id_discipline JOIN type_match tm ON m.id_type = tm.id_type_match WHERE et1.tournoi=2 AND m.debut_reel IS NULL AND m.fin_reel IS NULL and d.id_discipline=2 and (et1.id_equipe_tournoi = 36 or et2.id_equipe_tournoi = 36) order by m.debut_prevision asc')
 6 SYSTEMPATH\CodeIgniter.php(933): App\Controllers\MatchJController->get_matche_a_suivre_par_discipline_par_equipe('2', '36', '2')
 7 SYSTEMPATH\CodeIgniter.php(509): CodeIgniter\CodeIgniter->runController(Object(App\Controllers\MatchJController))
 8 SYSTEMPATH\CodeIgniter.php(355): CodeIgniter\CodeIgniter->handleRequest(null, Object(Config\Cache), false)
 9 SYSTEMPATH\Boot.php(312): CodeIgniter\CodeIgniter->run()
10 SYSTEMPATH\Boot.php(67): CodeIgniter\Boot::runCodeIgniter(Object(CodeIgniter\CodeIgniter))
11 FCPATH\index.php(62): CodeIgniter\Boot::bootWeb(Object(Config\Paths))
12 SYSTEMPATH\Commands\Server\rewrite.php(49): require_once('C:\\Users\\Mialisoa\\ASA\\interprom\\interprom-back\\public\\index.php')
WARNING - 2025-05-15 20:03:30 --> [DEPRECATED] Optional parameter $id_discipline declared before required parameter $id_tournoi is implicitly treated as a required parameter in APPPATH\Controllers\MatchJController.php on line 164.
 1 SYSTEMPATH\Autoloader\Autoloader.php(317): include_once('C:\\Users\\Mialisoa\\ASA\\interprom\\interprom-back\\system\\Debug\\Exceptions.php')
 2 SYSTEMPATH\Autoloader\Autoloader.php(296): CodeIgniter\Autoloader\Autoloader->includeFile('C:\\Users\\Mialisoa\\ASA\\interprom\\interprom-back\\app\\Controllers\\MatchJController.php')
 3 SYSTEMPATH\Autoloader\Autoloader.php(272): CodeIgniter\Autoloader\Autoloader->loadInNamespace('App\\Controllers\\MatchJController')
 4 [internal function]: CodeIgniter\Autoloader\Autoloader->loadClass('App\\Controllers\\MatchJController')
 5 SYSTEMPATH\CodeIgniter.php(887): class_exists('\\App\\Controllers\\MatchJController', true)
 6 SYSTEMPATH\CodeIgniter.php(496): CodeIgniter\CodeIgniter->startController()
 7 SYSTEMPATH\CodeIgniter.php(355): CodeIgniter\CodeIgniter->handleRequest(null, Object(Config\Cache), false)
 8 SYSTEMPATH\Boot.php(312): CodeIgniter\CodeIgniter->run()
 9 SYSTEMPATH\Boot.php(67): CodeIgniter\Boot::runCodeIgniter(Object(CodeIgniter\CodeIgniter))
10 FCPATH\index.php(62): CodeIgniter\Boot::bootWeb(Object(Config\Paths))
11 SYSTEMPATH\Commands\Server\rewrite.php(49): require_once('C:\\Users\\Mialisoa\\ASA\\interprom\\interprom-back\\public\\index.php')
ERROR - 2025-05-15 20:03:30 --> ErrorException: pg_query(): Query failed: ERREUR:  la colonne et1.tournoi n'existe pas
LINE 1: ...pe_match tm ON m.id_type = tm.id_type_match WHERE et1.tourno...
                                                             ^
HINT:  Peut-être que vous souhaitiez référencer la colonne « et1.id_tournoi ». in C:\Users\Mialisoa\ASA\interprom\interprom-back\system\Database\Postgre\Connection.php:192
Stack trace:
#0 [internal function]: CodeIgniter\Debug\Exceptions->errorHandler(2, 'pg_query(): Que...', 'C:\\Users\\Mialis...', 192)
#1 C:\Users\Mialisoa\ASA\interprom\interprom-back\system\Database\Postgre\Connection.php(192): pg_query(Object(PgSql\Connection), 'SELECT m.id_mat...')
#2 C:\Users\Mialisoa\ASA\interprom\interprom-back\system\Database\BaseConnection.php(721): CodeIgniter\Database\Postgre\Connection->execute('SELECT m.id_mat...')
#3 C:\Users\Mialisoa\ASA\interprom\interprom-back\system\Database\BaseConnection.php(635): CodeIgniter\Database\BaseConnection->simpleQuery('SELECT m.id_mat...')
#4 C:\Users\Mialisoa\ASA\interprom\interprom-back\app\Controllers\MatchJController.php(155): CodeIgniter\Database\BaseConnection->query('SELECT m.id_mat...')
#5 C:\Users\Mialisoa\ASA\interprom\interprom-back\system\CodeIgniter.php(933): App\Controllers\MatchJController->get_matche_a_suivre_par_discipline_par_equipe('2', '36', '2')
#6 C:\Users\Mialisoa\ASA\interprom\interprom-back\system\CodeIgniter.php(509): CodeIgniter\CodeIgniter->runController(Object(App\Controllers\MatchJController))
#7 C:\Users\Mialisoa\ASA\interprom\interprom-back\system\CodeIgniter.php(355): CodeIgniter\CodeIgniter->handleRequest(NULL, Object(Config\Cache), false)
#8 C:\Users\Mialisoa\ASA\interprom\interprom-back\system\Boot.php(312): CodeIgniter\CodeIgniter->run()
#9 C:\Users\Mialisoa\ASA\interprom\interprom-back\system\Boot.php(67): CodeIgniter\Boot::runCodeIgniter(Object(CodeIgniter\CodeIgniter))
#10 C:\Users\Mialisoa\ASA\interprom\interprom-back\public\index.php(62): CodeIgniter\Boot::bootWeb(Object(Config\Paths))
#11 C:\Users\Mialisoa\ASA\interprom\interprom-back\system\Commands\Server\rewrite.php(49): require_once('C:\\Users\\Mialis...')
#12 {main}
CRITICAL - 2025-05-15 20:03:30 --> CodeIgniter\Database\Exceptions\DatabaseException: pg_query(): Query failed: ERREUR:  la colonne et1.tournoi n'existe pas
LINE 1: ...pe_match tm ON m.id_type = tm.id_type_match WHERE et1.tourno...
                                                             ^
HINT:  Peut-être que vous souhaitiez référencer la colonne « et1.id_tournoi ».
[Method: GET, Route: api/match-a-suivre/discipline_2/36/tournoi_2]
in SYSTEMPATH\Database\BaseConnection.php on line 675.
 1 APPPATH\Controllers\MatchJController.php(155): CodeIgniter\Database\BaseConnection->query('SELECT m.id_match, et1.id_tournoi, e1.nom_equipe AS nom_equipe_1, e2.nom_equipe AS nom_equipe_2, m.date_, d.id_discipline, m.debut_prevision, m.debut_reel, m.fin_prevision, m.fin_reel, d.nom AS nom_discipline, m.score_equipe_1, m.score_equipe_2, tm.nom AS nom_type_match, m.terrain FROM match m JOIN equipe_tournoi et1 ON m.id_equipe_tournoi_1 = et1.id_equipe_tournoi JOIN equipe e1 ON et1.id_equipe = e1.id_equipe JOIN equipe_tournoi et2 ON m.id_equipe_tournoi_2 = et2.id_equipe_tournoi JOIN equipe e2 ON et2.id_equipe = e2.id_equipe JOIN discipline d ON m.id_discipline = d.id_discipline JOIN type_match tm ON m.id_type = tm.id_type_match WHERE et1.tournoi=2 AND m.debut_reel IS NULL AND m.fin_reel IS NULL and d.id_discipline=2 and (et1.id_equipe_tournoi = 36 or et2.id_equipe_tournoi = 36) order by m.debut_prevision asc')
 2 SYSTEMPATH\CodeIgniter.php(933): App\Controllers\MatchJController->get_matche_a_suivre_par_discipline_par_equipe('2', '36', '2')
 3 SYSTEMPATH\CodeIgniter.php(509): CodeIgniter\CodeIgniter->runController(Object(App\Controllers\MatchJController))
 4 SYSTEMPATH\CodeIgniter.php(355): CodeIgniter\CodeIgniter->handleRequest(null, Object(Config\Cache), false)
 5 SYSTEMPATH\Boot.php(312): CodeIgniter\CodeIgniter->run()
 6 SYSTEMPATH\Boot.php(67): CodeIgniter\Boot::runCodeIgniter(Object(CodeIgniter\CodeIgniter))
 7 FCPATH\index.php(62): CodeIgniter\Boot::bootWeb(Object(Config\Paths))
 8 SYSTEMPATH\Commands\Server\rewrite.php(49): require_once('C:\\Users\\Mialisoa\\ASA\\interprom\\interprom-back\\public\\index.php')
CRITICAL - 2025-05-15 20:03:30 --> [Caused by] CodeIgniter\Database\Exceptions\DatabaseException: pg_query(): Query failed: ERREUR:  la colonne et1.tournoi n'existe pas
LINE 1: ...pe_match tm ON m.id_type = tm.id_type_match WHERE et1.tourno...
                                                             ^
HINT:  Peut-être que vous souhaitiez référencer la colonne « et1.id_tournoi ».
in SYSTEMPATH\Database\Postgre\Connection.php on line 197.
 1 SYSTEMPATH\Database\BaseConnection.php(721): CodeIgniter\Database\Postgre\Connection->execute('SELECT m.id_match, et1.id_tournoi, e1.nom_equipe AS nom_equipe_1, e2.nom_equipe AS nom_equipe_2, m.date_, d.id_discipline, m.debut_prevision, m.debut_reel, m.fin_prevision, m.fin_reel, d.nom AS nom_discipline, m.score_equipe_1, m.score_equipe_2, tm.nom AS nom_type_match, m.terrain FROM match m JOIN equipe_tournoi et1 ON m.id_equipe_tournoi_1 = et1.id_equipe_tournoi JOIN equipe e1 ON et1.id_equipe = e1.id_equipe JOIN equipe_tournoi et2 ON m.id_equipe_tournoi_2 = et2.id_equipe_tournoi JOIN equipe e2 ON et2.id_equipe = e2.id_equipe JOIN discipline d ON m.id_discipline = d.id_discipline JOIN type_match tm ON m.id_type = tm.id_type_match WHERE et1.tournoi=2 AND m.debut_reel IS NULL AND m.fin_reel IS NULL and d.id_discipline=2 and (et1.id_equipe_tournoi = 36 or et2.id_equipe_tournoi = 36) order by m.debut_prevision asc')
 2 SYSTEMPATH\Database\BaseConnection.php(635): CodeIgniter\Database\BaseConnection->simpleQuery('SELECT m.id_match, et1.id_tournoi, e1.nom_equipe AS nom_equipe_1, e2.nom_equipe AS nom_equipe_2, m.date_, d.id_discipline, m.debut_prevision, m.debut_reel, m.fin_prevision, m.fin_reel, d.nom AS nom_discipline, m.score_equipe_1, m.score_equipe_2, tm.nom AS nom_type_match, m.terrain FROM match m JOIN equipe_tournoi et1 ON m.id_equipe_tournoi_1 = et1.id_equipe_tournoi JOIN equipe e1 ON et1.id_equipe = e1.id_equipe JOIN equipe_tournoi et2 ON m.id_equipe_tournoi_2 = et2.id_equipe_tournoi JOIN equipe e2 ON et2.id_equipe = e2.id_equipe JOIN discipline d ON m.id_discipline = d.id_discipline JOIN type_match tm ON m.id_type = tm.id_type_match WHERE et1.tournoi=2 AND m.debut_reel IS NULL AND m.fin_reel IS NULL and d.id_discipline=2 and (et1.id_equipe_tournoi = 36 or et2.id_equipe_tournoi = 36) order by m.debut_prevision asc')
 3 APPPATH\Controllers\MatchJController.php(155): CodeIgniter\Database\BaseConnection->query('SELECT m.id_match, et1.id_tournoi, e1.nom_equipe AS nom_equipe_1, e2.nom_equipe AS nom_equipe_2, m.date_, d.id_discipline, m.debut_prevision, m.debut_reel, m.fin_prevision, m.fin_reel, d.nom AS nom_discipline, m.score_equipe_1, m.score_equipe_2, tm.nom AS nom_type_match, m.terrain FROM match m JOIN equipe_tournoi et1 ON m.id_equipe_tournoi_1 = et1.id_equipe_tournoi JOIN equipe e1 ON et1.id_equipe = e1.id_equipe JOIN equipe_tournoi et2 ON m.id_equipe_tournoi_2 = et2.id_equipe_tournoi JOIN equipe e2 ON et2.id_equipe = e2.id_equipe JOIN discipline d ON m.id_discipline = d.id_discipline JOIN type_match tm ON m.id_type = tm.id_type_match WHERE et1.tournoi=2 AND m.debut_reel IS NULL AND m.fin_reel IS NULL and d.id_discipline=2 and (et1.id_equipe_tournoi = 36 or et2.id_equipe_tournoi = 36) order by m.debut_prevision asc')
 4 SYSTEMPATH\CodeIgniter.php(933): App\Controllers\MatchJController->get_matche_a_suivre_par_discipline_par_equipe('2', '36', '2')
 5 SYSTEMPATH\CodeIgniter.php(509): CodeIgniter\CodeIgniter->runController(Object(App\Controllers\MatchJController))
 6 SYSTEMPATH\CodeIgniter.php(355): CodeIgniter\CodeIgniter->handleRequest(null, Object(Config\Cache), false)
 7 SYSTEMPATH\Boot.php(312): CodeIgniter\CodeIgniter->run()
 8 SYSTEMPATH\Boot.php(67): CodeIgniter\Boot::runCodeIgniter(Object(CodeIgniter\CodeIgniter))
 9 FCPATH\index.php(62): CodeIgniter\Boot::bootWeb(Object(Config\Paths))
10 SYSTEMPATH\Commands\Server\rewrite.php(49): require_once('C:\\Users\\Mialisoa\\ASA\\interprom\\interprom-back\\public\\index.php')
CRITICAL - 2025-05-15 20:03:30 --> [Caused by] ErrorException: pg_query(): Query failed: ERREUR:  la colonne et1.tournoi n'existe pas
LINE 1: ...pe_match tm ON m.id_type = tm.id_type_match WHERE et1.tourno...
                                                             ^
HINT:  Peut-être que vous souhaitiez référencer la colonne « et1.id_tournoi ».
in SYSTEMPATH\Database\Postgre\Connection.php on line 192.
 1 [internal function]: CodeIgniter\Debug\Exceptions->errorHandler(2, 'pg_query(): Query failed: ERREUR:  la colonne et1.tournoi n\'existe pas
LINE 1: ...pe_match tm ON m.id_type = tm.id_type_match WHERE et1.tourno...
                                                             ^
HINT:  Peut-être que vous souhaitiez référencer la colonne « et1.id_tournoi ».', 'C:\\Users\\Mialisoa\\ASA\\interprom\\interprom-back\\system\\Database\\Postgre\\Connection.php', 192)
 2 SYSTEMPATH\Database\Postgre\Connection.php(192): pg_query(Object(PgSql\Connection), 'SELECT m.id_match, et1.id_tournoi, e1.nom_equipe AS nom_equipe_1, e2.nom_equipe AS nom_equipe_2, m.date_, d.id_discipline, m.debut_prevision, m.debut_reel, m.fin_prevision, m.fin_reel, d.nom AS nom_discipline, m.score_equipe_1, m.score_equipe_2, tm.nom AS nom_type_match, m.terrain FROM match m JOIN equipe_tournoi et1 ON m.id_equipe_tournoi_1 = et1.id_equipe_tournoi JOIN equipe e1 ON et1.id_equipe = e1.id_equipe JOIN equipe_tournoi et2 ON m.id_equipe_tournoi_2 = et2.id_equipe_tournoi JOIN equipe e2 ON et2.id_equipe = e2.id_equipe JOIN discipline d ON m.id_discipline = d.id_discipline JOIN type_match tm ON m.id_type = tm.id_type_match WHERE et1.tournoi=2 AND m.debut_reel IS NULL AND m.fin_reel IS NULL and d.id_discipline=2 and (et1.id_equipe_tournoi = 36 or et2.id_equipe_tournoi = 36) order by m.debut_prevision asc')
 3 SYSTEMPATH\Database\BaseConnection.php(721): CodeIgniter\Database\Postgre\Connection->execute('SELECT m.id_match, et1.id_tournoi, e1.nom_equipe AS nom_equipe_1, e2.nom_equipe AS nom_equipe_2, m.date_, d.id_discipline, m.debut_prevision, m.debut_reel, m.fin_prevision, m.fin_reel, d.nom AS nom_discipline, m.score_equipe_1, m.score_equipe_2, tm.nom AS nom_type_match, m.terrain FROM match m JOIN equipe_tournoi et1 ON m.id_equipe_tournoi_1 = et1.id_equipe_tournoi JOIN equipe e1 ON et1.id_equipe = e1.id_equipe JOIN equipe_tournoi et2 ON m.id_equipe_tournoi_2 = et2.id_equipe_tournoi JOIN equipe e2 ON et2.id_equipe = e2.id_equipe JOIN discipline d ON m.id_discipline = d.id_discipline JOIN type_match tm ON m.id_type = tm.id_type_match WHERE et1.tournoi=2 AND m.debut_reel IS NULL AND m.fin_reel IS NULL and d.id_discipline=2 and (et1.id_equipe_tournoi = 36 or et2.id_equipe_tournoi = 36) order by m.debut_prevision asc')
 4 SYSTEMPATH\Database\BaseConnection.php(635): CodeIgniter\Database\BaseConnection->simpleQuery('SELECT m.id_match, et1.id_tournoi, e1.nom_equipe AS nom_equipe_1, e2.nom_equipe AS nom_equipe_2, m.date_, d.id_discipline, m.debut_prevision, m.debut_reel, m.fin_prevision, m.fin_reel, d.nom AS nom_discipline, m.score_equipe_1, m.score_equipe_2, tm.nom AS nom_type_match, m.terrain FROM match m JOIN equipe_tournoi et1 ON m.id_equipe_tournoi_1 = et1.id_equipe_tournoi JOIN equipe e1 ON et1.id_equipe = e1.id_equipe JOIN equipe_tournoi et2 ON m.id_equipe_tournoi_2 = et2.id_equipe_tournoi JOIN equipe e2 ON et2.id_equipe = e2.id_equipe JOIN discipline d ON m.id_discipline = d.id_discipline JOIN type_match tm ON m.id_type = tm.id_type_match WHERE et1.tournoi=2 AND m.debut_reel IS NULL AND m.fin_reel IS NULL and d.id_discipline=2 and (et1.id_equipe_tournoi = 36 or et2.id_equipe_tournoi = 36) order by m.debut_prevision asc')
 5 APPPATH\Controllers\MatchJController.php(155): CodeIgniter\Database\BaseConnection->query('SELECT m.id_match, et1.id_tournoi, e1.nom_equipe AS nom_equipe_1, e2.nom_equipe AS nom_equipe_2, m.date_, d.id_discipline, m.debut_prevision, m.debut_reel, m.fin_prevision, m.fin_reel, d.nom AS nom_discipline, m.score_equipe_1, m.score_equipe_2, tm.nom AS nom_type_match, m.terrain FROM match m JOIN equipe_tournoi et1 ON m.id_equipe_tournoi_1 = et1.id_equipe_tournoi JOIN equipe e1 ON et1.id_equipe = e1.id_equipe JOIN equipe_tournoi et2 ON m.id_equipe_tournoi_2 = et2.id_equipe_tournoi JOIN equipe e2 ON et2.id_equipe = e2.id_equipe JOIN discipline d ON m.id_discipline = d.id_discipline JOIN type_match tm ON m.id_type = tm.id_type_match WHERE et1.tournoi=2 AND m.debut_reel IS NULL AND m.fin_reel IS NULL and d.id_discipline=2 and (et1.id_equipe_tournoi = 36 or et2.id_equipe_tournoi = 36) order by m.debut_prevision asc')
 6 SYSTEMPATH\CodeIgniter.php(933): App\Controllers\MatchJController->get_matche_a_suivre_par_discipline_par_equipe('2', '36', '2')
 7 SYSTEMPATH\CodeIgniter.php(509): CodeIgniter\CodeIgniter->runController(Object(App\Controllers\MatchJController))
 8 SYSTEMPATH\CodeIgniter.php(355): CodeIgniter\CodeIgniter->handleRequest(null, Object(Config\Cache), false)
 9 SYSTEMPATH\Boot.php(312): CodeIgniter\CodeIgniter->run()
10 SYSTEMPATH\Boot.php(67): CodeIgniter\Boot::runCodeIgniter(Object(CodeIgniter\CodeIgniter))
11 FCPATH\index.php(62): CodeIgniter\Boot::bootWeb(Object(Config\Paths))
12 SYSTEMPATH\Commands\Server\rewrite.php(49): require_once('C:\\Users\\Mialisoa\\ASA\\interprom\\interprom-back\\public\\index.php')
WARNING - 2025-05-15 20:03:48 --> [DEPRECATED] Optional parameter $id_discipline declared before required parameter $id_tournoi is implicitly treated as a required parameter in APPPATH\Controllers\MatchJController.php on line 164.
 1 SYSTEMPATH\Autoloader\Autoloader.php(317): include_once('C:\\Users\\Mialisoa\\ASA\\interprom\\interprom-back\\system\\Debug\\Exceptions.php')
 2 SYSTEMPATH\Autoloader\Autoloader.php(296): CodeIgniter\Autoloader\Autoloader->includeFile('C:\\Users\\Mialisoa\\ASA\\interprom\\interprom-back\\app\\Controllers\\MatchJController.php')
 3 SYSTEMPATH\Autoloader\Autoloader.php(272): CodeIgniter\Autoloader\Autoloader->loadInNamespace('App\\Controllers\\MatchJController')
 4 [internal function]: CodeIgniter\Autoloader\Autoloader->loadClass('App\\Controllers\\MatchJController')
 5 SYSTEMPATH\CodeIgniter.php(887): class_exists('\\App\\Controllers\\MatchJController', true)
 6 SYSTEMPATH\CodeIgniter.php(496): CodeIgniter\CodeIgniter->startController()
 7 SYSTEMPATH\CodeIgniter.php(355): CodeIgniter\CodeIgniter->handleRequest(null, Object(Config\Cache), false)
 8 SYSTEMPATH\Boot.php(312): CodeIgniter\CodeIgniter->run()
 9 SYSTEMPATH\Boot.php(67): CodeIgniter\Boot::runCodeIgniter(Object(CodeIgniter\CodeIgniter))
10 FCPATH\index.php(62): CodeIgniter\Boot::bootWeb(Object(Config\Paths))
11 SYSTEMPATH\Commands\Server\rewrite.php(49): require_once('C:\\Users\\Mialisoa\\ASA\\interprom\\interprom-back\\public\\index.php')
WARNING - 2025-05-15 20:03:48 --> [DEPRECATED] Optional parameter $id_discipline declared before required parameter $id_tournoi is implicitly treated as a required parameter in APPPATH\Controllers\MatchJController.php on line 164.
 1 SYSTEMPATH\Autoloader\Autoloader.php(317): include_once('C:\\Users\\Mialisoa\\ASA\\interprom\\interprom-back\\system\\Debug\\Exceptions.php')
 2 SYSTEMPATH\Autoloader\Autoloader.php(296): CodeIgniter\Autoloader\Autoloader->includeFile('C:\\Users\\Mialisoa\\ASA\\interprom\\interprom-back\\app\\Controllers\\MatchJController.php')
 3 SYSTEMPATH\Autoloader\Autoloader.php(272): CodeIgniter\Autoloader\Autoloader->loadInNamespace('App\\Controllers\\MatchJController')
 4 [internal function]: CodeIgniter\Autoloader\Autoloader->loadClass('App\\Controllers\\MatchJController')
 5 SYSTEMPATH\CodeIgniter.php(887): class_exists('\\App\\Controllers\\MatchJController', true)
 6 SYSTEMPATH\CodeIgniter.php(496): CodeIgniter\CodeIgniter->startController()
 7 SYSTEMPATH\CodeIgniter.php(355): CodeIgniter\CodeIgniter->handleRequest(null, Object(Config\Cache), false)
 8 SYSTEMPATH\Boot.php(312): CodeIgniter\CodeIgniter->run()
 9 SYSTEMPATH\Boot.php(67): CodeIgniter\Boot::runCodeIgniter(Object(CodeIgniter\CodeIgniter))
10 FCPATH\index.php(62): CodeIgniter\Boot::bootWeb(Object(Config\Paths))
11 SYSTEMPATH\Commands\Server\rewrite.php(49): require_once('C:\\Users\\Mialisoa\\ASA\\interprom\\interprom-back\\public\\index.php')
ERROR - 2025-05-15 20:03:48 --> ErrorException: pg_query(): Query failed: ERREUR:  la colonne et1.tournoi n'existe pas
LINE 1: ...pe_match tm ON m.id_type = tm.id_type_match WHERE et1.tourno...
                                                             ^
HINT:  Peut-être que vous souhaitiez référencer la colonne « et1.id_tournoi ». in C:\Users\Mialisoa\ASA\interprom\interprom-back\system\Database\Postgre\Connection.php:192
Stack trace:
#0 [internal function]: CodeIgniter\Debug\Exceptions->errorHandler(2, 'pg_query(): Que...', 'C:\\Users\\Mialis...', 192)
#1 C:\Users\Mialisoa\ASA\interprom\interprom-back\system\Database\Postgre\Connection.php(192): pg_query(Object(PgSql\Connection), 'SELECT m.id_mat...')
#2 C:\Users\Mialisoa\ASA\interprom\interprom-back\system\Database\BaseConnection.php(721): CodeIgniter\Database\Postgre\Connection->execute('SELECT m.id_mat...')
#3 C:\Users\Mialisoa\ASA\interprom\interprom-back\system\Database\BaseConnection.php(635): CodeIgniter\Database\BaseConnection->simpleQuery('SELECT m.id_mat...')
#4 C:\Users\Mialisoa\ASA\interprom\interprom-back\app\Controllers\MatchJController.php(155): CodeIgniter\Database\BaseConnection->query('SELECT m.id_mat...')
#5 C:\Users\Mialisoa\ASA\interprom\interprom-back\system\CodeIgniter.php(933): App\Controllers\MatchJController->get_matche_a_suivre_par_discipline_par_equipe('2', '36', '2')
#6 C:\Users\Mialisoa\ASA\interprom\interprom-back\system\CodeIgniter.php(509): CodeIgniter\CodeIgniter->runController(Object(App\Controllers\MatchJController))
#7 C:\Users\Mialisoa\ASA\interprom\interprom-back\system\CodeIgniter.php(355): CodeIgniter\CodeIgniter->handleRequest(NULL, Object(Config\Cache), false)
#8 C:\Users\Mialisoa\ASA\interprom\interprom-back\system\Boot.php(312): CodeIgniter\CodeIgniter->run()
#9 C:\Users\Mialisoa\ASA\interprom\interprom-back\system\Boot.php(67): CodeIgniter\Boot::runCodeIgniter(Object(CodeIgniter\CodeIgniter))
#10 C:\Users\Mialisoa\ASA\interprom\interprom-back\public\index.php(62): CodeIgniter\Boot::bootWeb(Object(Config\Paths))
#11 C:\Users\Mialisoa\ASA\interprom\interprom-back\system\Commands\Server\rewrite.php(49): require_once('C:\\Users\\Mialis...')
#12 {main}
CRITICAL - 2025-05-15 20:03:48 --> CodeIgniter\Database\Exceptions\DatabaseException: pg_query(): Query failed: ERREUR:  la colonne et1.tournoi n'existe pas
LINE 1: ...pe_match tm ON m.id_type = tm.id_type_match WHERE et1.tourno...
                                                             ^
HINT:  Peut-être que vous souhaitiez référencer la colonne « et1.id_tournoi ».
[Method: GET, Route: api/match-a-suivre/discipline_2/36/tournoi_2]
in SYSTEMPATH\Database\BaseConnection.php on line 675.
 1 APPPATH\Controllers\MatchJController.php(155): CodeIgniter\Database\BaseConnection->query('SELECT m.id_match, et1.id_tournoi, e1.nom_equipe AS nom_equipe_1, e2.nom_equipe AS nom_equipe_2, m.date_, d.id_discipline, m.debut_prevision, m.debut_reel, m.fin_prevision, m.fin_reel, d.nom AS nom_discipline, m.score_equipe_1, m.score_equipe_2, tm.nom AS nom_type_match, m.terrain FROM match m JOIN equipe_tournoi et1 ON m.id_equipe_tournoi_1 = et1.id_equipe_tournoi JOIN equipe e1 ON et1.id_equipe = e1.id_equipe JOIN equipe_tournoi et2 ON m.id_equipe_tournoi_2 = et2.id_equipe_tournoi JOIN equipe e2 ON et2.id_equipe = e2.id_equipe JOIN discipline d ON m.id_discipline = d.id_discipline JOIN type_match tm ON m.id_type = tm.id_type_match WHERE et1.tournoi=2 AND m.debut_reel IS NULL AND m.fin_reel IS NULL and d.id_discipline=2 and (et1.id_equipe_tournoi = 36 or et2.id_equipe_tournoi = 36) order by m.debut_prevision asc')
 2 SYSTEMPATH\CodeIgniter.php(933): App\Controllers\MatchJController->get_matche_a_suivre_par_discipline_par_equipe('2', '36', '2')
 3 SYSTEMPATH\CodeIgniter.php(509): CodeIgniter\CodeIgniter->runController(Object(App\Controllers\MatchJController))
 4 SYSTEMPATH\CodeIgniter.php(355): CodeIgniter\CodeIgniter->handleRequest(null, Object(Config\Cache), false)
 5 SYSTEMPATH\Boot.php(312): CodeIgniter\CodeIgniter->run()
 6 SYSTEMPATH\Boot.php(67): CodeIgniter\Boot::runCodeIgniter(Object(CodeIgniter\CodeIgniter))
 7 FCPATH\index.php(62): CodeIgniter\Boot::bootWeb(Object(Config\Paths))
 8 SYSTEMPATH\Commands\Server\rewrite.php(49): require_once('C:\\Users\\Mialisoa\\ASA\\interprom\\interprom-back\\public\\index.php')
CRITICAL - 2025-05-15 20:03:48 --> [Caused by] CodeIgniter\Database\Exceptions\DatabaseException: pg_query(): Query failed: ERREUR:  la colonne et1.tournoi n'existe pas
LINE 1: ...pe_match tm ON m.id_type = tm.id_type_match WHERE et1.tourno...
                                                             ^
HINT:  Peut-être que vous souhaitiez référencer la colonne « et1.id_tournoi ».
in SYSTEMPATH\Database\Postgre\Connection.php on line 197.
 1 SYSTEMPATH\Database\BaseConnection.php(721): CodeIgniter\Database\Postgre\Connection->execute('SELECT m.id_match, et1.id_tournoi, e1.nom_equipe AS nom_equipe_1, e2.nom_equipe AS nom_equipe_2, m.date_, d.id_discipline, m.debut_prevision, m.debut_reel, m.fin_prevision, m.fin_reel, d.nom AS nom_discipline, m.score_equipe_1, m.score_equipe_2, tm.nom AS nom_type_match, m.terrain FROM match m JOIN equipe_tournoi et1 ON m.id_equipe_tournoi_1 = et1.id_equipe_tournoi JOIN equipe e1 ON et1.id_equipe = e1.id_equipe JOIN equipe_tournoi et2 ON m.id_equipe_tournoi_2 = et2.id_equipe_tournoi JOIN equipe e2 ON et2.id_equipe = e2.id_equipe JOIN discipline d ON m.id_discipline = d.id_discipline JOIN type_match tm ON m.id_type = tm.id_type_match WHERE et1.tournoi=2 AND m.debut_reel IS NULL AND m.fin_reel IS NULL and d.id_discipline=2 and (et1.id_equipe_tournoi = 36 or et2.id_equipe_tournoi = 36) order by m.debut_prevision asc')
 2 SYSTEMPATH\Database\BaseConnection.php(635): CodeIgniter\Database\BaseConnection->simpleQuery('SELECT m.id_match, et1.id_tournoi, e1.nom_equipe AS nom_equipe_1, e2.nom_equipe AS nom_equipe_2, m.date_, d.id_discipline, m.debut_prevision, m.debut_reel, m.fin_prevision, m.fin_reel, d.nom AS nom_discipline, m.score_equipe_1, m.score_equipe_2, tm.nom AS nom_type_match, m.terrain FROM match m JOIN equipe_tournoi et1 ON m.id_equipe_tournoi_1 = et1.id_equipe_tournoi JOIN equipe e1 ON et1.id_equipe = e1.id_equipe JOIN equipe_tournoi et2 ON m.id_equipe_tournoi_2 = et2.id_equipe_tournoi JOIN equipe e2 ON et2.id_equipe = e2.id_equipe JOIN discipline d ON m.id_discipline = d.id_discipline JOIN type_match tm ON m.id_type = tm.id_type_match WHERE et1.tournoi=2 AND m.debut_reel IS NULL AND m.fin_reel IS NULL and d.id_discipline=2 and (et1.id_equipe_tournoi = 36 or et2.id_equipe_tournoi = 36) order by m.debut_prevision asc')
 3 APPPATH\Controllers\MatchJController.php(155): CodeIgniter\Database\BaseConnection->query('SELECT m.id_match, et1.id_tournoi, e1.nom_equipe AS nom_equipe_1, e2.nom_equipe AS nom_equipe_2, m.date_, d.id_discipline, m.debut_prevision, m.debut_reel, m.fin_prevision, m.fin_reel, d.nom AS nom_discipline, m.score_equipe_1, m.score_equipe_2, tm.nom AS nom_type_match, m.terrain FROM match m JOIN equipe_tournoi et1 ON m.id_equipe_tournoi_1 = et1.id_equipe_tournoi JOIN equipe e1 ON et1.id_equipe = e1.id_equipe JOIN equipe_tournoi et2 ON m.id_equipe_tournoi_2 = et2.id_equipe_tournoi JOIN equipe e2 ON et2.id_equipe = e2.id_equipe JOIN discipline d ON m.id_discipline = d.id_discipline JOIN type_match tm ON m.id_type = tm.id_type_match WHERE et1.tournoi=2 AND m.debut_reel IS NULL AND m.fin_reel IS NULL and d.id_discipline=2 and (et1.id_equipe_tournoi = 36 or et2.id_equipe_tournoi = 36) order by m.debut_prevision asc')
 4 SYSTEMPATH\CodeIgniter.php(933): App\Controllers\MatchJController->get_matche_a_suivre_par_discipline_par_equipe('2', '36', '2')
 5 SYSTEMPATH\CodeIgniter.php(509): CodeIgniter\CodeIgniter->runController(Object(App\Controllers\MatchJController))
 6 SYSTEMPATH\CodeIgniter.php(355): CodeIgniter\CodeIgniter->handleRequest(null, Object(Config\Cache), false)
 7 SYSTEMPATH\Boot.php(312): CodeIgniter\CodeIgniter->run()
 8 SYSTEMPATH\Boot.php(67): CodeIgniter\Boot::runCodeIgniter(Object(CodeIgniter\CodeIgniter))
 9 FCPATH\index.php(62): CodeIgniter\Boot::bootWeb(Object(Config\Paths))
10 SYSTEMPATH\Commands\Server\rewrite.php(49): require_once('C:\\Users\\Mialisoa\\ASA\\interprom\\interprom-back\\public\\index.php')
CRITICAL - 2025-05-15 20:03:48 --> [Caused by] ErrorException: pg_query(): Query failed: ERREUR:  la colonne et1.tournoi n'existe pas
LINE 1: ...pe_match tm ON m.id_type = tm.id_type_match WHERE et1.tourno...
                                                             ^
HINT:  Peut-être que vous souhaitiez référencer la colonne « et1.id_tournoi ».
in SYSTEMPATH\Database\Postgre\Connection.php on line 192.
 1 [internal function]: CodeIgniter\Debug\Exceptions->errorHandler(2, 'pg_query(): Query failed: ERREUR:  la colonne et1.tournoi n\'existe pas
LINE 1: ...pe_match tm ON m.id_type = tm.id_type_match WHERE et1.tourno...
                                                             ^
HINT:  Peut-être que vous souhaitiez référencer la colonne « et1.id_tournoi ».', 'C:\\Users\\Mialisoa\\ASA\\interprom\\interprom-back\\system\\Database\\Postgre\\Connection.php', 192)
 2 SYSTEMPATH\Database\Postgre\Connection.php(192): pg_query(Object(PgSql\Connection), 'SELECT m.id_match, et1.id_tournoi, e1.nom_equipe AS nom_equipe_1, e2.nom_equipe AS nom_equipe_2, m.date_, d.id_discipline, m.debut_prevision, m.debut_reel, m.fin_prevision, m.fin_reel, d.nom AS nom_discipline, m.score_equipe_1, m.score_equipe_2, tm.nom AS nom_type_match, m.terrain FROM match m JOIN equipe_tournoi et1 ON m.id_equipe_tournoi_1 = et1.id_equipe_tournoi JOIN equipe e1 ON et1.id_equipe = e1.id_equipe JOIN equipe_tournoi et2 ON m.id_equipe_tournoi_2 = et2.id_equipe_tournoi JOIN equipe e2 ON et2.id_equipe = e2.id_equipe JOIN discipline d ON m.id_discipline = d.id_discipline JOIN type_match tm ON m.id_type = tm.id_type_match WHERE et1.tournoi=2 AND m.debut_reel IS NULL AND m.fin_reel IS NULL and d.id_discipline=2 and (et1.id_equipe_tournoi = 36 or et2.id_equipe_tournoi = 36) order by m.debut_prevision asc')
 3 SYSTEMPATH\Database\BaseConnection.php(721): CodeIgniter\Database\Postgre\Connection->execute('SELECT m.id_match, et1.id_tournoi, e1.nom_equipe AS nom_equipe_1, e2.nom_equipe AS nom_equipe_2, m.date_, d.id_discipline, m.debut_prevision, m.debut_reel, m.fin_prevision, m.fin_reel, d.nom AS nom_discipline, m.score_equipe_1, m.score_equipe_2, tm.nom AS nom_type_match, m.terrain FROM match m JOIN equipe_tournoi et1 ON m.id_equipe_tournoi_1 = et1.id_equipe_tournoi JOIN equipe e1 ON et1.id_equipe = e1.id_equipe JOIN equipe_tournoi et2 ON m.id_equipe_tournoi_2 = et2.id_equipe_tournoi JOIN equipe e2 ON et2.id_equipe = e2.id_equipe JOIN discipline d ON m.id_discipline = d.id_discipline JOIN type_match tm ON m.id_type = tm.id_type_match WHERE et1.tournoi=2 AND m.debut_reel IS NULL AND m.fin_reel IS NULL and d.id_discipline=2 and (et1.id_equipe_tournoi = 36 or et2.id_equipe_tournoi = 36) order by m.debut_prevision asc')
 4 SYSTEMPATH\Database\BaseConnection.php(635): CodeIgniter\Database\BaseConnection->simpleQuery('SELECT m.id_match, et1.id_tournoi, e1.nom_equipe AS nom_equipe_1, e2.nom_equipe AS nom_equipe_2, m.date_, d.id_discipline, m.debut_prevision, m.debut_reel, m.fin_prevision, m.fin_reel, d.nom AS nom_discipline, m.score_equipe_1, m.score_equipe_2, tm.nom AS nom_type_match, m.terrain FROM match m JOIN equipe_tournoi et1 ON m.id_equipe_tournoi_1 = et1.id_equipe_tournoi JOIN equipe e1 ON et1.id_equipe = e1.id_equipe JOIN equipe_tournoi et2 ON m.id_equipe_tournoi_2 = et2.id_equipe_tournoi JOIN equipe e2 ON et2.id_equipe = e2.id_equipe JOIN discipline d ON m.id_discipline = d.id_discipline JOIN type_match tm ON m.id_type = tm.id_type_match WHERE et1.tournoi=2 AND m.debut_reel IS NULL AND m.fin_reel IS NULL and d.id_discipline=2 and (et1.id_equipe_tournoi = 36 or et2.id_equipe_tournoi = 36) order by m.debut_prevision asc')
 5 APPPATH\Controllers\MatchJController.php(155): CodeIgniter\Database\BaseConnection->query('SELECT m.id_match, et1.id_tournoi, e1.nom_equipe AS nom_equipe_1, e2.nom_equipe AS nom_equipe_2, m.date_, d.id_discipline, m.debut_prevision, m.debut_reel, m.fin_prevision, m.fin_reel, d.nom AS nom_discipline, m.score_equipe_1, m.score_equipe_2, tm.nom AS nom_type_match, m.terrain FROM match m JOIN equipe_tournoi et1 ON m.id_equipe_tournoi_1 = et1.id_equipe_tournoi JOIN equipe e1 ON et1.id_equipe = e1.id_equipe JOIN equipe_tournoi et2 ON m.id_equipe_tournoi_2 = et2.id_equipe_tournoi JOIN equipe e2 ON et2.id_equipe = e2.id_equipe JOIN discipline d ON m.id_discipline = d.id_discipline JOIN type_match tm ON m.id_type = tm.id_type_match WHERE et1.tournoi=2 AND m.debut_reel IS NULL AND m.fin_reel IS NULL and d.id_discipline=2 and (et1.id_equipe_tournoi = 36 or et2.id_equipe_tournoi = 36) order by m.debut_prevision asc')
 6 SYSTEMPATH\CodeIgniter.php(933): App\Controllers\MatchJController->get_matche_a_suivre_par_discipline_par_equipe('2', '36', '2')
 7 SYSTEMPATH\CodeIgniter.php(509): CodeIgniter\CodeIgniter->runController(Object(App\Controllers\MatchJController))
 8 SYSTEMPATH\CodeIgniter.php(355): CodeIgniter\CodeIgniter->handleRequest(null, Object(Config\Cache), false)
 9 SYSTEMPATH\Boot.php(312): CodeIgniter\CodeIgniter->run()
10 SYSTEMPATH\Boot.php(67): CodeIgniter\Boot::runCodeIgniter(Object(CodeIgniter\CodeIgniter))
11 FCPATH\index.php(62): CodeIgniter\Boot::bootWeb(Object(Config\Paths))
12 SYSTEMPATH\Commands\Server\rewrite.php(49): require_once('C:\\Users\\Mialisoa\\ASA\\interprom\\interprom-back\\public\\index.php')
WARNING - 2025-05-15 20:03:54 --> [DEPRECATED] Optional parameter $id_discipline declared before required parameter $id_tournoi is implicitly treated as a required parameter in APPPATH\Controllers\MatchJController.php on line 164.
 1 SYSTEMPATH\Autoloader\Autoloader.php(317): include_once('C:\\Users\\Mialisoa\\ASA\\interprom\\interprom-back\\system\\Debug\\Exceptions.php')
 2 SYSTEMPATH\Autoloader\Autoloader.php(296): CodeIgniter\Autoloader\Autoloader->includeFile('C:\\Users\\Mialisoa\\ASA\\interprom\\interprom-back\\app\\Controllers\\MatchJController.php')
 3 SYSTEMPATH\Autoloader\Autoloader.php(272): CodeIgniter\Autoloader\Autoloader->loadInNamespace('App\\Controllers\\MatchJController')
 4 [internal function]: CodeIgniter\Autoloader\Autoloader->loadClass('App\\Controllers\\MatchJController')
 5 SYSTEMPATH\CodeIgniter.php(887): class_exists('\\App\\Controllers\\MatchJController', true)
 6 SYSTEMPATH\CodeIgniter.php(496): CodeIgniter\CodeIgniter->startController()
 7 SYSTEMPATH\CodeIgniter.php(355): CodeIgniter\CodeIgniter->handleRequest(null, Object(Config\Cache), false)
 8 SYSTEMPATH\Boot.php(312): CodeIgniter\CodeIgniter->run()
 9 SYSTEMPATH\Boot.php(67): CodeIgniter\Boot::runCodeIgniter(Object(CodeIgniter\CodeIgniter))
10 FCPATH\index.php(62): CodeIgniter\Boot::bootWeb(Object(Config\Paths))
11 SYSTEMPATH\Commands\Server\rewrite.php(49): require_once('C:\\Users\\Mialisoa\\ASA\\interprom\\interprom-back\\public\\index.php')
WARNING - 2025-05-15 20:03:54 --> [DEPRECATED] Optional parameter $id_discipline declared before required parameter $id_tournoi is implicitly treated as a required parameter in APPPATH\Controllers\MatchJController.php on line 164.
 1 SYSTEMPATH\Autoloader\Autoloader.php(317): include_once('C:\\Users\\Mialisoa\\ASA\\interprom\\interprom-back\\system\\Debug\\Exceptions.php')
 2 SYSTEMPATH\Autoloader\Autoloader.php(296): CodeIgniter\Autoloader\Autoloader->includeFile('C:\\Users\\Mialisoa\\ASA\\interprom\\interprom-back\\app\\Controllers\\MatchJController.php')
 3 SYSTEMPATH\Autoloader\Autoloader.php(272): CodeIgniter\Autoloader\Autoloader->loadInNamespace('App\\Controllers\\MatchJController')
 4 [internal function]: CodeIgniter\Autoloader\Autoloader->loadClass('App\\Controllers\\MatchJController')
 5 SYSTEMPATH\CodeIgniter.php(887): class_exists('\\App\\Controllers\\MatchJController', true)
 6 SYSTEMPATH\CodeIgniter.php(496): CodeIgniter\CodeIgniter->startController()
 7 SYSTEMPATH\CodeIgniter.php(355): CodeIgniter\CodeIgniter->handleRequest(null, Object(Config\Cache), false)
 8 SYSTEMPATH\Boot.php(312): CodeIgniter\CodeIgniter->run()
 9 SYSTEMPATH\Boot.php(67): CodeIgniter\Boot::runCodeIgniter(Object(CodeIgniter\CodeIgniter))
10 FCPATH\index.php(62): CodeIgniter\Boot::bootWeb(Object(Config\Paths))
11 SYSTEMPATH\Commands\Server\rewrite.php(49): require_once('C:\\Users\\Mialisoa\\ASA\\interprom\\interprom-back\\public\\index.php')
ERROR - 2025-05-15 20:03:54 --> ErrorException: pg_query(): Query failed: ERREUR:  la colonne et1.tournoi n'existe pas
LINE 1: ...pe_match tm ON m.id_type = tm.id_type_match WHERE et1.tourno...
                                                             ^
HINT:  Peut-être que vous souhaitiez référencer la colonne « et1.id_tournoi ». in C:\Users\Mialisoa\ASA\interprom\interprom-back\system\Database\Postgre\Connection.php:192
Stack trace:
#0 [internal function]: CodeIgniter\Debug\Exceptions->errorHandler(2, 'pg_query(): Que...', 'C:\\Users\\Mialis...', 192)
#1 C:\Users\Mialisoa\ASA\interprom\interprom-back\system\Database\Postgre\Connection.php(192): pg_query(Object(PgSql\Connection), 'SELECT m.id_mat...')
#2 C:\Users\Mialisoa\ASA\interprom\interprom-back\system\Database\BaseConnection.php(721): CodeIgniter\Database\Postgre\Connection->execute('SELECT m.id_mat...')
#3 C:\Users\Mialisoa\ASA\interprom\interprom-back\system\Database\BaseConnection.php(635): CodeIgniter\Database\BaseConnection->simpleQuery('SELECT m.id_mat...')
#4 C:\Users\Mialisoa\ASA\interprom\interprom-back\app\Controllers\MatchJController.php(155): CodeIgniter\Database\BaseConnection->query('SELECT m.id_mat...')
#5 C:\Users\Mialisoa\ASA\interprom\interprom-back\system\CodeIgniter.php(933): App\Controllers\MatchJController->get_matche_a_suivre_par_discipline_par_equipe('2', '36', '2')
#6 C:\Users\Mialisoa\ASA\interprom\interprom-back\system\CodeIgniter.php(509): CodeIgniter\CodeIgniter->runController(Object(App\Controllers\MatchJController))
#7 C:\Users\Mialisoa\ASA\interprom\interprom-back\system\CodeIgniter.php(355): CodeIgniter\CodeIgniter->handleRequest(NULL, Object(Config\Cache), false)
#8 C:\Users\Mialisoa\ASA\interprom\interprom-back\system\Boot.php(312): CodeIgniter\CodeIgniter->run()
#9 C:\Users\Mialisoa\ASA\interprom\interprom-back\system\Boot.php(67): CodeIgniter\Boot::runCodeIgniter(Object(CodeIgniter\CodeIgniter))
#10 C:\Users\Mialisoa\ASA\interprom\interprom-back\public\index.php(62): CodeIgniter\Boot::bootWeb(Object(Config\Paths))
#11 C:\Users\Mialisoa\ASA\interprom\interprom-back\system\Commands\Server\rewrite.php(49): require_once('C:\\Users\\Mialis...')
#12 {main}
CRITICAL - 2025-05-15 20:03:54 --> CodeIgniter\Database\Exceptions\DatabaseException: pg_query(): Query failed: ERREUR:  la colonne et1.tournoi n'existe pas
LINE 1: ...pe_match tm ON m.id_type = tm.id_type_match WHERE et1.tourno...
                                                             ^
HINT:  Peut-être que vous souhaitiez référencer la colonne « et1.id_tournoi ».
[Method: GET, Route: api/match-a-suivre/discipline_2/36/tournoi_2]
in SYSTEMPATH\Database\BaseConnection.php on line 675.
 1 APPPATH\Controllers\MatchJController.php(155): CodeIgniter\Database\BaseConnection->query('SELECT m.id_match, et1.id_tournoi, e1.nom_equipe AS nom_equipe_1, e2.nom_equipe AS nom_equipe_2, m.date_, d.id_discipline, m.debut_prevision, m.debut_reel, m.fin_prevision, m.fin_reel, d.nom AS nom_discipline, m.score_equipe_1, m.score_equipe_2, tm.nom AS nom_type_match, m.terrain FROM match m JOIN equipe_tournoi et1 ON m.id_equipe_tournoi_1 = et1.id_equipe_tournoi JOIN equipe e1 ON et1.id_equipe = e1.id_equipe JOIN equipe_tournoi et2 ON m.id_equipe_tournoi_2 = et2.id_equipe_tournoi JOIN equipe e2 ON et2.id_equipe = e2.id_equipe JOIN discipline d ON m.id_discipline = d.id_discipline JOIN type_match tm ON m.id_type = tm.id_type_match WHERE et1.tournoi=2 AND m.debut_reel IS NULL AND m.fin_reel IS NULL and d.id_discipline=2 and (et1.id_equipe_tournoi = 36 or et2.id_equipe_tournoi = 36) order by m.debut_prevision asc')
 2 SYSTEMPATH\CodeIgniter.php(933): App\Controllers\MatchJController->get_matche_a_suivre_par_discipline_par_equipe('2', '36', '2')
 3 SYSTEMPATH\CodeIgniter.php(509): CodeIgniter\CodeIgniter->runController(Object(App\Controllers\MatchJController))
 4 SYSTEMPATH\CodeIgniter.php(355): CodeIgniter\CodeIgniter->handleRequest(null, Object(Config\Cache), false)
 5 SYSTEMPATH\Boot.php(312): CodeIgniter\CodeIgniter->run()
 6 SYSTEMPATH\Boot.php(67): CodeIgniter\Boot::runCodeIgniter(Object(CodeIgniter\CodeIgniter))
 7 FCPATH\index.php(62): CodeIgniter\Boot::bootWeb(Object(Config\Paths))
 8 SYSTEMPATH\Commands\Server\rewrite.php(49): require_once('C:\\Users\\Mialisoa\\ASA\\interprom\\interprom-back\\public\\index.php')
CRITICAL - 2025-05-15 20:03:54 --> [Caused by] CodeIgniter\Database\Exceptions\DatabaseException: pg_query(): Query failed: ERREUR:  la colonne et1.tournoi n'existe pas
LINE 1: ...pe_match tm ON m.id_type = tm.id_type_match WHERE et1.tourno...
                                                             ^
HINT:  Peut-être que vous souhaitiez référencer la colonne « et1.id_tournoi ».
in SYSTEMPATH\Database\Postgre\Connection.php on line 197.
 1 SYSTEMPATH\Database\BaseConnection.php(721): CodeIgniter\Database\Postgre\Connection->execute('SELECT m.id_match, et1.id_tournoi, e1.nom_equipe AS nom_equipe_1, e2.nom_equipe AS nom_equipe_2, m.date_, d.id_discipline, m.debut_prevision, m.debut_reel, m.fin_prevision, m.fin_reel, d.nom AS nom_discipline, m.score_equipe_1, m.score_equipe_2, tm.nom AS nom_type_match, m.terrain FROM match m JOIN equipe_tournoi et1 ON m.id_equipe_tournoi_1 = et1.id_equipe_tournoi JOIN equipe e1 ON et1.id_equipe = e1.id_equipe JOIN equipe_tournoi et2 ON m.id_equipe_tournoi_2 = et2.id_equipe_tournoi JOIN equipe e2 ON et2.id_equipe = e2.id_equipe JOIN discipline d ON m.id_discipline = d.id_discipline JOIN type_match tm ON m.id_type = tm.id_type_match WHERE et1.tournoi=2 AND m.debut_reel IS NULL AND m.fin_reel IS NULL and d.id_discipline=2 and (et1.id_equipe_tournoi = 36 or et2.id_equipe_tournoi = 36) order by m.debut_prevision asc')
 2 SYSTEMPATH\Database\BaseConnection.php(635): CodeIgniter\Database\BaseConnection->simpleQuery('SELECT m.id_match, et1.id_tournoi, e1.nom_equipe AS nom_equipe_1, e2.nom_equipe AS nom_equipe_2, m.date_, d.id_discipline, m.debut_prevision, m.debut_reel, m.fin_prevision, m.fin_reel, d.nom AS nom_discipline, m.score_equipe_1, m.score_equipe_2, tm.nom AS nom_type_match, m.terrain FROM match m JOIN equipe_tournoi et1 ON m.id_equipe_tournoi_1 = et1.id_equipe_tournoi JOIN equipe e1 ON et1.id_equipe = e1.id_equipe JOIN equipe_tournoi et2 ON m.id_equipe_tournoi_2 = et2.id_equipe_tournoi JOIN equipe e2 ON et2.id_equipe = e2.id_equipe JOIN discipline d ON m.id_discipline = d.id_discipline JOIN type_match tm ON m.id_type = tm.id_type_match WHERE et1.tournoi=2 AND m.debut_reel IS NULL AND m.fin_reel IS NULL and d.id_discipline=2 and (et1.id_equipe_tournoi = 36 or et2.id_equipe_tournoi = 36) order by m.debut_prevision asc')
 3 APPPATH\Controllers\MatchJController.php(155): CodeIgniter\Database\BaseConnection->query('SELECT m.id_match, et1.id_tournoi, e1.nom_equipe AS nom_equipe_1, e2.nom_equipe AS nom_equipe_2, m.date_, d.id_discipline, m.debut_prevision, m.debut_reel, m.fin_prevision, m.fin_reel, d.nom AS nom_discipline, m.score_equipe_1, m.score_equipe_2, tm.nom AS nom_type_match, m.terrain FROM match m JOIN equipe_tournoi et1 ON m.id_equipe_tournoi_1 = et1.id_equipe_tournoi JOIN equipe e1 ON et1.id_equipe = e1.id_equipe JOIN equipe_tournoi et2 ON m.id_equipe_tournoi_2 = et2.id_equipe_tournoi JOIN equipe e2 ON et2.id_equipe = e2.id_equipe JOIN discipline d ON m.id_discipline = d.id_discipline JOIN type_match tm ON m.id_type = tm.id_type_match WHERE et1.tournoi=2 AND m.debut_reel IS NULL AND m.fin_reel IS NULL and d.id_discipline=2 and (et1.id_equipe_tournoi = 36 or et2.id_equipe_tournoi = 36) order by m.debut_prevision asc')
 4 SYSTEMPATH\CodeIgniter.php(933): App\Controllers\MatchJController->get_matche_a_suivre_par_discipline_par_equipe('2', '36', '2')
 5 SYSTEMPATH\CodeIgniter.php(509): CodeIgniter\CodeIgniter->runController(Object(App\Controllers\MatchJController))
 6 SYSTEMPATH\CodeIgniter.php(355): CodeIgniter\CodeIgniter->handleRequest(null, Object(Config\Cache), false)
 7 SYSTEMPATH\Boot.php(312): CodeIgniter\CodeIgniter->run()
 8 SYSTEMPATH\Boot.php(67): CodeIgniter\Boot::runCodeIgniter(Object(CodeIgniter\CodeIgniter))
 9 FCPATH\index.php(62): CodeIgniter\Boot::bootWeb(Object(Config\Paths))
10 SYSTEMPATH\Commands\Server\rewrite.php(49): require_once('C:\\Users\\Mialisoa\\ASA\\interprom\\interprom-back\\public\\index.php')
CRITICAL - 2025-05-15 20:03:54 --> [Caused by] ErrorException: pg_query(): Query failed: ERREUR:  la colonne et1.tournoi n'existe pas
LINE 1: ...pe_match tm ON m.id_type = tm.id_type_match WHERE et1.tourno...
                                                             ^
HINT:  Peut-être que vous souhaitiez référencer la colonne « et1.id_tournoi ».
in SYSTEMPATH\Database\Postgre\Connection.php on line 192.
 1 [internal function]: CodeIgniter\Debug\Exceptions->errorHandler(2, 'pg_query(): Query failed: ERREUR:  la colonne et1.tournoi n\'existe pas
LINE 1: ...pe_match tm ON m.id_type = tm.id_type_match WHERE et1.tourno...
                                                             ^
HINT:  Peut-être que vous souhaitiez référencer la colonne « et1.id_tournoi ».', 'C:\\Users\\Mialisoa\\ASA\\interprom\\interprom-back\\system\\Database\\Postgre\\Connection.php', 192)
 2 SYSTEMPATH\Database\Postgre\Connection.php(192): pg_query(Object(PgSql\Connection), 'SELECT m.id_match, et1.id_tournoi, e1.nom_equipe AS nom_equipe_1, e2.nom_equipe AS nom_equipe_2, m.date_, d.id_discipline, m.debut_prevision, m.debut_reel, m.fin_prevision, m.fin_reel, d.nom AS nom_discipline, m.score_equipe_1, m.score_equipe_2, tm.nom AS nom_type_match, m.terrain FROM match m JOIN equipe_tournoi et1 ON m.id_equipe_tournoi_1 = et1.id_equipe_tournoi JOIN equipe e1 ON et1.id_equipe = e1.id_equipe JOIN equipe_tournoi et2 ON m.id_equipe_tournoi_2 = et2.id_equipe_tournoi JOIN equipe e2 ON et2.id_equipe = e2.id_equipe JOIN discipline d ON m.id_discipline = d.id_discipline JOIN type_match tm ON m.id_type = tm.id_type_match WHERE et1.tournoi=2 AND m.debut_reel IS NULL AND m.fin_reel IS NULL and d.id_discipline=2 and (et1.id_equipe_tournoi = 36 or et2.id_equipe_tournoi = 36) order by m.debut_prevision asc')
 3 SYSTEMPATH\Database\BaseConnection.php(721): CodeIgniter\Database\Postgre\Connection->execute('SELECT m.id_match, et1.id_tournoi, e1.nom_equipe AS nom_equipe_1, e2.nom_equipe AS nom_equipe_2, m.date_, d.id_discipline, m.debut_prevision, m.debut_reel, m.fin_prevision, m.fin_reel, d.nom AS nom_discipline, m.score_equipe_1, m.score_equipe_2, tm.nom AS nom_type_match, m.terrain FROM match m JOIN equipe_tournoi et1 ON m.id_equipe_tournoi_1 = et1.id_equipe_tournoi JOIN equipe e1 ON et1.id_equipe = e1.id_equipe JOIN equipe_tournoi et2 ON m.id_equipe_tournoi_2 = et2.id_equipe_tournoi JOIN equipe e2 ON et2.id_equipe = e2.id_equipe JOIN discipline d ON m.id_discipline = d.id_discipline JOIN type_match tm ON m.id_type = tm.id_type_match WHERE et1.tournoi=2 AND m.debut_reel IS NULL AND m.fin_reel IS NULL and d.id_discipline=2 and (et1.id_equipe_tournoi = 36 or et2.id_equipe_tournoi = 36) order by m.debut_prevision asc')
 4 SYSTEMPATH\Database\BaseConnection.php(635): CodeIgniter\Database\BaseConnection->simpleQuery('SELECT m.id_match, et1.id_tournoi, e1.nom_equipe AS nom_equipe_1, e2.nom_equipe AS nom_equipe_2, m.date_, d.id_discipline, m.debut_prevision, m.debut_reel, m.fin_prevision, m.fin_reel, d.nom AS nom_discipline, m.score_equipe_1, m.score_equipe_2, tm.nom AS nom_type_match, m.terrain FROM match m JOIN equipe_tournoi et1 ON m.id_equipe_tournoi_1 = et1.id_equipe_tournoi JOIN equipe e1 ON et1.id_equipe = e1.id_equipe JOIN equipe_tournoi et2 ON m.id_equipe_tournoi_2 = et2.id_equipe_tournoi JOIN equipe e2 ON et2.id_equipe = e2.id_equipe JOIN discipline d ON m.id_discipline = d.id_discipline JOIN type_match tm ON m.id_type = tm.id_type_match WHERE et1.tournoi=2 AND m.debut_reel IS NULL AND m.fin_reel IS NULL and d.id_discipline=2 and (et1.id_equipe_tournoi = 36 or et2.id_equipe_tournoi = 36) order by m.debut_prevision asc')
 5 APPPATH\Controllers\MatchJController.php(155): CodeIgniter\Database\BaseConnection->query('SELECT m.id_match, et1.id_tournoi, e1.nom_equipe AS nom_equipe_1, e2.nom_equipe AS nom_equipe_2, m.date_, d.id_discipline, m.debut_prevision, m.debut_reel, m.fin_prevision, m.fin_reel, d.nom AS nom_discipline, m.score_equipe_1, m.score_equipe_2, tm.nom AS nom_type_match, m.terrain FROM match m JOIN equipe_tournoi et1 ON m.id_equipe_tournoi_1 = et1.id_equipe_tournoi JOIN equipe e1 ON et1.id_equipe = e1.id_equipe JOIN equipe_tournoi et2 ON m.id_equipe_tournoi_2 = et2.id_equipe_tournoi JOIN equipe e2 ON et2.id_equipe = e2.id_equipe JOIN discipline d ON m.id_discipline = d.id_discipline JOIN type_match tm ON m.id_type = tm.id_type_match WHERE et1.tournoi=2 AND m.debut_reel IS NULL AND m.fin_reel IS NULL and d.id_discipline=2 and (et1.id_equipe_tournoi = 36 or et2.id_equipe_tournoi = 36) order by m.debut_prevision asc')
 6 SYSTEMPATH\CodeIgniter.php(933): App\Controllers\MatchJController->get_matche_a_suivre_par_discipline_par_equipe('2', '36', '2')
 7 SYSTEMPATH\CodeIgniter.php(509): CodeIgniter\CodeIgniter->runController(Object(App\Controllers\MatchJController))
 8 SYSTEMPATH\CodeIgniter.php(355): CodeIgniter\CodeIgniter->handleRequest(null, Object(Config\Cache), false)
 9 SYSTEMPATH\Boot.php(312): CodeIgniter\CodeIgniter->run()
10 SYSTEMPATH\Boot.php(67): CodeIgniter\Boot::runCodeIgniter(Object(CodeIgniter\CodeIgniter))
11 FCPATH\index.php(62): CodeIgniter\Boot::bootWeb(Object(Config\Paths))
12 SYSTEMPATH\Commands\Server\rewrite.php(49): require_once('C:\\Users\\Mialisoa\\ASA\\interprom\\interprom-back\\public\\index.php')
WARNING - 2025-05-15 20:03:56 --> [DEPRECATED] Optional parameter $id_discipline declared before required parameter $id_tournoi is implicitly treated as a required parameter in APPPATH\Controllers\MatchJController.php on line 164.
 1 SYSTEMPATH\Autoloader\Autoloader.php(317): include_once('C:\\Users\\Mialisoa\\ASA\\interprom\\interprom-back\\system\\Debug\\Exceptions.php')
 2 SYSTEMPATH\Autoloader\Autoloader.php(296): CodeIgniter\Autoloader\Autoloader->includeFile('C:\\Users\\Mialisoa\\ASA\\interprom\\interprom-back\\app\\Controllers\\MatchJController.php')
 3 SYSTEMPATH\Autoloader\Autoloader.php(272): CodeIgniter\Autoloader\Autoloader->loadInNamespace('App\\Controllers\\MatchJController')
 4 [internal function]: CodeIgniter\Autoloader\Autoloader->loadClass('App\\Controllers\\MatchJController')
 5 SYSTEMPATH\CodeIgniter.php(887): class_exists('\\App\\Controllers\\MatchJController', true)
 6 SYSTEMPATH\CodeIgniter.php(496): CodeIgniter\CodeIgniter->startController()
 7 SYSTEMPATH\CodeIgniter.php(355): CodeIgniter\CodeIgniter->handleRequest(null, Object(Config\Cache), false)
 8 SYSTEMPATH\Boot.php(312): CodeIgniter\CodeIgniter->run()
 9 SYSTEMPATH\Boot.php(67): CodeIgniter\Boot::runCodeIgniter(Object(CodeIgniter\CodeIgniter))
10 FCPATH\index.php(62): CodeIgniter\Boot::bootWeb(Object(Config\Paths))
11 SYSTEMPATH\Commands\Server\rewrite.php(49): require_once('C:\\Users\\Mialisoa\\ASA\\interprom\\interprom-back\\public\\index.php')
ERROR - 2025-05-15 20:03:56 --> ErrorException: pg_query(): Query failed: ERREUR:  la colonne et1.tournoi n'existe pas
LINE 1: ...pe_match tm ON m.id_type = tm.id_type_match WHERE et1.tourno...
                                                             ^
HINT:  Peut-être que vous souhaitiez référencer la colonne « et1.id_tournoi ». in C:\Users\Mialisoa\ASA\interprom\interprom-back\system\Database\Postgre\Connection.php:192
Stack trace:
#0 [internal function]: CodeIgniter\Debug\Exceptions->errorHandler(2, 'pg_query(): Que...', 'C:\\Users\\Mialis...', 192)
#1 C:\Users\Mialisoa\ASA\interprom\interprom-back\system\Database\Postgre\Connection.php(192): pg_query(Object(PgSql\Connection), 'SELECT m.id_mat...')
#2 C:\Users\Mialisoa\ASA\interprom\interprom-back\system\Database\BaseConnection.php(721): CodeIgniter\Database\Postgre\Connection->execute('SELECT m.id_mat...')
#3 C:\Users\Mialisoa\ASA\interprom\interprom-back\system\Database\BaseConnection.php(635): CodeIgniter\Database\BaseConnection->simpleQuery('SELECT m.id_mat...')
#4 C:\Users\Mialisoa\ASA\interprom\interprom-back\app\Controllers\MatchJController.php(155): CodeIgniter\Database\BaseConnection->query('SELECT m.id_mat...')
#5 C:\Users\Mialisoa\ASA\interprom\interprom-back\system\CodeIgniter.php(933): App\Controllers\MatchJController->get_matche_a_suivre_par_discipline_par_equipe('2', '36', '2')
#6 C:\Users\Mialisoa\ASA\interprom\interprom-back\system\CodeIgniter.php(509): CodeIgniter\CodeIgniter->runController(Object(App\Controllers\MatchJController))
#7 C:\Users\Mialisoa\ASA\interprom\interprom-back\system\CodeIgniter.php(355): CodeIgniter\CodeIgniter->handleRequest(NULL, Object(Config\Cache), false)
#8 C:\Users\Mialisoa\ASA\interprom\interprom-back\system\Boot.php(312): CodeIgniter\CodeIgniter->run()
#9 C:\Users\Mialisoa\ASA\interprom\interprom-back\system\Boot.php(67): CodeIgniter\Boot::runCodeIgniter(Object(CodeIgniter\CodeIgniter))
#10 C:\Users\Mialisoa\ASA\interprom\interprom-back\public\index.php(62): CodeIgniter\Boot::bootWeb(Object(Config\Paths))
#11 C:\Users\Mialisoa\ASA\interprom\interprom-back\system\Commands\Server\rewrite.php(49): require_once('C:\\Users\\Mialis...')
#12 {main}
CRITICAL - 2025-05-15 20:03:56 --> CodeIgniter\Database\Exceptions\DatabaseException: pg_query(): Query failed: ERREUR:  la colonne et1.tournoi n'existe pas
LINE 1: ...pe_match tm ON m.id_type = tm.id_type_match WHERE et1.tourno...
                                                             ^
HINT:  Peut-être que vous souhaitiez référencer la colonne « et1.id_tournoi ».
[Method: GET, Route: api/match-a-suivre/discipline_2/36/tournoi_2]
in SYSTEMPATH\Database\BaseConnection.php on line 675.
 1 APPPATH\Controllers\MatchJController.php(155): CodeIgniter\Database\BaseConnection->query('SELECT m.id_match, et1.id_tournoi, e1.nom_equipe AS nom_equipe_1, e2.nom_equipe AS nom_equipe_2, m.date_, d.id_discipline, m.debut_prevision, m.debut_reel, m.fin_prevision, m.fin_reel, d.nom AS nom_discipline, m.score_equipe_1, m.score_equipe_2, tm.nom AS nom_type_match, m.terrain FROM match m JOIN equipe_tournoi et1 ON m.id_equipe_tournoi_1 = et1.id_equipe_tournoi JOIN equipe e1 ON et1.id_equipe = e1.id_equipe JOIN equipe_tournoi et2 ON m.id_equipe_tournoi_2 = et2.id_equipe_tournoi JOIN equipe e2 ON et2.id_equipe = e2.id_equipe JOIN discipline d ON m.id_discipline = d.id_discipline JOIN type_match tm ON m.id_type = tm.id_type_match WHERE et1.tournoi=2 AND m.debut_reel IS NULL AND m.fin_reel IS NULL and d.id_discipline=2 and (et1.id_equipe_tournoi = 36 or et2.id_equipe_tournoi = 36) order by m.debut_prevision asc')
 2 SYSTEMPATH\CodeIgniter.php(933): App\Controllers\MatchJController->get_matche_a_suivre_par_discipline_par_equipe('2', '36', '2')
 3 SYSTEMPATH\CodeIgniter.php(509): CodeIgniter\CodeIgniter->runController(Object(App\Controllers\MatchJController))
 4 SYSTEMPATH\CodeIgniter.php(355): CodeIgniter\CodeIgniter->handleRequest(null, Object(Config\Cache), false)
 5 SYSTEMPATH\Boot.php(312): CodeIgniter\CodeIgniter->run()
 6 SYSTEMPATH\Boot.php(67): CodeIgniter\Boot::runCodeIgniter(Object(CodeIgniter\CodeIgniter))
 7 FCPATH\index.php(62): CodeIgniter\Boot::bootWeb(Object(Config\Paths))
 8 SYSTEMPATH\Commands\Server\rewrite.php(49): require_once('C:\\Users\\Mialisoa\\ASA\\interprom\\interprom-back\\public\\index.php')
CRITICAL - 2025-05-15 20:03:56 --> [Caused by] CodeIgniter\Database\Exceptions\DatabaseException: pg_query(): Query failed: ERREUR:  la colonne et1.tournoi n'existe pas
LINE 1: ...pe_match tm ON m.id_type = tm.id_type_match WHERE et1.tourno...
                                                             ^
HINT:  Peut-être que vous souhaitiez référencer la colonne « et1.id_tournoi ».
in SYSTEMPATH\Database\Postgre\Connection.php on line 197.
 1 SYSTEMPATH\Database\BaseConnection.php(721): CodeIgniter\Database\Postgre\Connection->execute('SELECT m.id_match, et1.id_tournoi, e1.nom_equipe AS nom_equipe_1, e2.nom_equipe AS nom_equipe_2, m.date_, d.id_discipline, m.debut_prevision, m.debut_reel, m.fin_prevision, m.fin_reel, d.nom AS nom_discipline, m.score_equipe_1, m.score_equipe_2, tm.nom AS nom_type_match, m.terrain FROM match m JOIN equipe_tournoi et1 ON m.id_equipe_tournoi_1 = et1.id_equipe_tournoi JOIN equipe e1 ON et1.id_equipe = e1.id_equipe JOIN equipe_tournoi et2 ON m.id_equipe_tournoi_2 = et2.id_equipe_tournoi JOIN equipe e2 ON et2.id_equipe = e2.id_equipe JOIN discipline d ON m.id_discipline = d.id_discipline JOIN type_match tm ON m.id_type = tm.id_type_match WHERE et1.tournoi=2 AND m.debut_reel IS NULL AND m.fin_reel IS NULL and d.id_discipline=2 and (et1.id_equipe_tournoi = 36 or et2.id_equipe_tournoi = 36) order by m.debut_prevision asc')
 2 SYSTEMPATH\Database\BaseConnection.php(635): CodeIgniter\Database\BaseConnection->simpleQuery('SELECT m.id_match, et1.id_tournoi, e1.nom_equipe AS nom_equipe_1, e2.nom_equipe AS nom_equipe_2, m.date_, d.id_discipline, m.debut_prevision, m.debut_reel, m.fin_prevision, m.fin_reel, d.nom AS nom_discipline, m.score_equipe_1, m.score_equipe_2, tm.nom AS nom_type_match, m.terrain FROM match m JOIN equipe_tournoi et1 ON m.id_equipe_tournoi_1 = et1.id_equipe_tournoi JOIN equipe e1 ON et1.id_equipe = e1.id_equipe JOIN equipe_tournoi et2 ON m.id_equipe_tournoi_2 = et2.id_equipe_tournoi JOIN equipe e2 ON et2.id_equipe = e2.id_equipe JOIN discipline d ON m.id_discipline = d.id_discipline JOIN type_match tm ON m.id_type = tm.id_type_match WHERE et1.tournoi=2 AND m.debut_reel IS NULL AND m.fin_reel IS NULL and d.id_discipline=2 and (et1.id_equipe_tournoi = 36 or et2.id_equipe_tournoi = 36) order by m.debut_prevision asc')
 3 APPPATH\Controllers\MatchJController.php(155): CodeIgniter\Database\BaseConnection->query('SELECT m.id_match, et1.id_tournoi, e1.nom_equipe AS nom_equipe_1, e2.nom_equipe AS nom_equipe_2, m.date_, d.id_discipline, m.debut_prevision, m.debut_reel, m.fin_prevision, m.fin_reel, d.nom AS nom_discipline, m.score_equipe_1, m.score_equipe_2, tm.nom AS nom_type_match, m.terrain FROM match m JOIN equipe_tournoi et1 ON m.id_equipe_tournoi_1 = et1.id_equipe_tournoi JOIN equipe e1 ON et1.id_equipe = e1.id_equipe JOIN equipe_tournoi et2 ON m.id_equipe_tournoi_2 = et2.id_equipe_tournoi JOIN equipe e2 ON et2.id_equipe = e2.id_equipe JOIN discipline d ON m.id_discipline = d.id_discipline JOIN type_match tm ON m.id_type = tm.id_type_match WHERE et1.tournoi=2 AND m.debut_reel IS NULL AND m.fin_reel IS NULL and d.id_discipline=2 and (et1.id_equipe_tournoi = 36 or et2.id_equipe_tournoi = 36) order by m.debut_prevision asc')
 4 SYSTEMPATH\CodeIgniter.php(933): App\Controllers\MatchJController->get_matche_a_suivre_par_discipline_par_equipe('2', '36', '2')
 5 SYSTEMPATH\CodeIgniter.php(509): CodeIgniter\CodeIgniter->runController(Object(App\Controllers\MatchJController))
 6 SYSTEMPATH\CodeIgniter.php(355): CodeIgniter\CodeIgniter->handleRequest(null, Object(Config\Cache), false)
 7 SYSTEMPATH\Boot.php(312): CodeIgniter\CodeIgniter->run()
 8 SYSTEMPATH\Boot.php(67): CodeIgniter\Boot::runCodeIgniter(Object(CodeIgniter\CodeIgniter))
 9 FCPATH\index.php(62): CodeIgniter\Boot::bootWeb(Object(Config\Paths))
10 SYSTEMPATH\Commands\Server\rewrite.php(49): require_once('C:\\Users\\Mialisoa\\ASA\\interprom\\interprom-back\\public\\index.php')
CRITICAL - 2025-05-15 20:03:56 --> [Caused by] ErrorException: pg_query(): Query failed: ERREUR:  la colonne et1.tournoi n'existe pas
LINE 1: ...pe_match tm ON m.id_type = tm.id_type_match WHERE et1.tourno...
                                                             ^
HINT:  Peut-être que vous souhaitiez référencer la colonne « et1.id_tournoi ».
in SYSTEMPATH\Database\Postgre\Connection.php on line 192.
 1 [internal function]: CodeIgniter\Debug\Exceptions->errorHandler(2, 'pg_query(): Query failed: ERREUR:  la colonne et1.tournoi n\'existe pas
LINE 1: ...pe_match tm ON m.id_type = tm.id_type_match WHERE et1.tourno...
                                                             ^
HINT:  Peut-être que vous souhaitiez référencer la colonne « et1.id_tournoi ».', 'C:\\Users\\Mialisoa\\ASA\\interprom\\interprom-back\\system\\Database\\Postgre\\Connection.php', 192)
 2 SYSTEMPATH\Database\Postgre\Connection.php(192): pg_query(Object(PgSql\Connection), 'SELECT m.id_match, et1.id_tournoi, e1.nom_equipe AS nom_equipe_1, e2.nom_equipe AS nom_equipe_2, m.date_, d.id_discipline, m.debut_prevision, m.debut_reel, m.fin_prevision, m.fin_reel, d.nom AS nom_discipline, m.score_equipe_1, m.score_equipe_2, tm.nom AS nom_type_match, m.terrain FROM match m JOIN equipe_tournoi et1 ON m.id_equipe_tournoi_1 = et1.id_equipe_tournoi JOIN equipe e1 ON et1.id_equipe = e1.id_equipe JOIN equipe_tournoi et2 ON m.id_equipe_tournoi_2 = et2.id_equipe_tournoi JOIN equipe e2 ON et2.id_equipe = e2.id_equipe JOIN discipline d ON m.id_discipline = d.id_discipline JOIN type_match tm ON m.id_type = tm.id_type_match WHERE et1.tournoi=2 AND m.debut_reel IS NULL AND m.fin_reel IS NULL and d.id_discipline=2 and (et1.id_equipe_tournoi = 36 or et2.id_equipe_tournoi = 36) order by m.debut_prevision asc')
 3 SYSTEMPATH\Database\BaseConnection.php(721): CodeIgniter\Database\Postgre\Connection->execute('SELECT m.id_match, et1.id_tournoi, e1.nom_equipe AS nom_equipe_1, e2.nom_equipe AS nom_equipe_2, m.date_, d.id_discipline, m.debut_prevision, m.debut_reel, m.fin_prevision, m.fin_reel, d.nom AS nom_discipline, m.score_equipe_1, m.score_equipe_2, tm.nom AS nom_type_match, m.terrain FROM match m JOIN equipe_tournoi et1 ON m.id_equipe_tournoi_1 = et1.id_equipe_tournoi JOIN equipe e1 ON et1.id_equipe = e1.id_equipe JOIN equipe_tournoi et2 ON m.id_equipe_tournoi_2 = et2.id_equipe_tournoi JOIN equipe e2 ON et2.id_equipe = e2.id_equipe JOIN discipline d ON m.id_discipline = d.id_discipline JOIN type_match tm ON m.id_type = tm.id_type_match WHERE et1.tournoi=2 AND m.debut_reel IS NULL AND m.fin_reel IS NULL and d.id_discipline=2 and (et1.id_equipe_tournoi = 36 or et2.id_equipe_tournoi = 36) order by m.debut_prevision asc')
 4 SYSTEMPATH\Database\BaseConnection.php(635): CodeIgniter\Database\BaseConnection->simpleQuery('SELECT m.id_match, et1.id_tournoi, e1.nom_equipe AS nom_equipe_1, e2.nom_equipe AS nom_equipe_2, m.date_, d.id_discipline, m.debut_prevision, m.debut_reel, m.fin_prevision, m.fin_reel, d.nom AS nom_discipline, m.score_equipe_1, m.score_equipe_2, tm.nom AS nom_type_match, m.terrain FROM match m JOIN equipe_tournoi et1 ON m.id_equipe_tournoi_1 = et1.id_equipe_tournoi JOIN equipe e1 ON et1.id_equipe = e1.id_equipe JOIN equipe_tournoi et2 ON m.id_equipe_tournoi_2 = et2.id_equipe_tournoi JOIN equipe e2 ON et2.id_equipe = e2.id_equipe JOIN discipline d ON m.id_discipline = d.id_discipline JOIN type_match tm ON m.id_type = tm.id_type_match WHERE et1.tournoi=2 AND m.debut_reel IS NULL AND m.fin_reel IS NULL and d.id_discipline=2 and (et1.id_equipe_tournoi = 36 or et2.id_equipe_tournoi = 36) order by m.debut_prevision asc')
 5 APPPATH\Controllers\MatchJController.php(155): CodeIgniter\Database\BaseConnection->query('SELECT m.id_match, et1.id_tournoi, e1.nom_equipe AS nom_equipe_1, e2.nom_equipe AS nom_equipe_2, m.date_, d.id_discipline, m.debut_prevision, m.debut_reel, m.fin_prevision, m.fin_reel, d.nom AS nom_discipline, m.score_equipe_1, m.score_equipe_2, tm.nom AS nom_type_match, m.terrain FROM match m JOIN equipe_tournoi et1 ON m.id_equipe_tournoi_1 = et1.id_equipe_tournoi JOIN equipe e1 ON et1.id_equipe = e1.id_equipe JOIN equipe_tournoi et2 ON m.id_equipe_tournoi_2 = et2.id_equipe_tournoi JOIN equipe e2 ON et2.id_equipe = e2.id_equipe JOIN discipline d ON m.id_discipline = d.id_discipline JOIN type_match tm ON m.id_type = tm.id_type_match WHERE et1.tournoi=2 AND m.debut_reel IS NULL AND m.fin_reel IS NULL and d.id_discipline=2 and (et1.id_equipe_tournoi = 36 or et2.id_equipe_tournoi = 36) order by m.debut_prevision asc')
 6 SYSTEMPATH\CodeIgniter.php(933): App\Controllers\MatchJController->get_matche_a_suivre_par_discipline_par_equipe('2', '36', '2')
 7 SYSTEMPATH\CodeIgniter.php(509): CodeIgniter\CodeIgniter->runController(Object(App\Controllers\MatchJController))
 8 SYSTEMPATH\CodeIgniter.php(355): CodeIgniter\CodeIgniter->handleRequest(null, Object(Config\Cache), false)
 9 SYSTEMPATH\Boot.php(312): CodeIgniter\CodeIgniter->run()
10 SYSTEMPATH\Boot.php(67): CodeIgniter\Boot::runCodeIgniter(Object(CodeIgniter\CodeIgniter))
11 FCPATH\index.php(62): CodeIgniter\Boot::bootWeb(Object(Config\Paths))
12 SYSTEMPATH\Commands\Server\rewrite.php(49): require_once('C:\\Users\\Mialisoa\\ASA\\interprom\\interprom-back\\public\\index.php')
WARNING - 2025-05-15 20:04:01 --> [DEPRECATED] Optional parameter $id_discipline declared before required parameter $id_tournoi is implicitly treated as a required parameter in APPPATH\Controllers\MatchJController.php on line 164.
 1 SYSTEMPATH\Autoloader\Autoloader.php(317): include_once('C:\\Users\\Mialisoa\\ASA\\interprom\\interprom-back\\system\\Debug\\Exceptions.php')
 2 SYSTEMPATH\Autoloader\Autoloader.php(296): CodeIgniter\Autoloader\Autoloader->includeFile('C:\\Users\\Mialisoa\\ASA\\interprom\\interprom-back\\app\\Controllers\\MatchJController.php')
 3 SYSTEMPATH\Autoloader\Autoloader.php(272): CodeIgniter\Autoloader\Autoloader->loadInNamespace('App\\Controllers\\MatchJController')
 4 [internal function]: CodeIgniter\Autoloader\Autoloader->loadClass('App\\Controllers\\MatchJController')
 5 SYSTEMPATH\CodeIgniter.php(887): class_exists('\\App\\Controllers\\MatchJController', true)
 6 SYSTEMPATH\CodeIgniter.php(496): CodeIgniter\CodeIgniter->startController()
 7 SYSTEMPATH\CodeIgniter.php(355): CodeIgniter\CodeIgniter->handleRequest(null, Object(Config\Cache), false)
 8 SYSTEMPATH\Boot.php(312): CodeIgniter\CodeIgniter->run()
 9 SYSTEMPATH\Boot.php(67): CodeIgniter\Boot::runCodeIgniter(Object(CodeIgniter\CodeIgniter))
10 FCPATH\index.php(62): CodeIgniter\Boot::bootWeb(Object(Config\Paths))
11 SYSTEMPATH\Commands\Server\rewrite.php(49): require_once('C:\\Users\\Mialisoa\\ASA\\interprom\\interprom-back\\public\\index.php')
ERROR - 2025-05-15 20:04:01 --> ErrorException: pg_query(): Query failed: ERREUR:  la colonne et1.tournoi n'existe pas
LINE 1: ...pe_match tm ON m.id_type = tm.id_type_match WHERE et1.tourno...
                                                             ^
HINT:  Peut-être que vous souhaitiez référencer la colonne « et1.id_tournoi ». in C:\Users\Mialisoa\ASA\interprom\interprom-back\system\Database\Postgre\Connection.php:192
Stack trace:
#0 [internal function]: CodeIgniter\Debug\Exceptions->errorHandler(2, 'pg_query(): Que...', 'C:\\Users\\Mialis...', 192)
#1 C:\Users\Mialisoa\ASA\interprom\interprom-back\system\Database\Postgre\Connection.php(192): pg_query(Object(PgSql\Connection), 'SELECT m.id_mat...')
#2 C:\Users\Mialisoa\ASA\interprom\interprom-back\system\Database\BaseConnection.php(721): CodeIgniter\Database\Postgre\Connection->execute('SELECT m.id_mat...')
#3 C:\Users\Mialisoa\ASA\interprom\interprom-back\system\Database\BaseConnection.php(635): CodeIgniter\Database\BaseConnection->simpleQuery('SELECT m.id_mat...')
#4 C:\Users\Mialisoa\ASA\interprom\interprom-back\app\Controllers\MatchJController.php(155): CodeIgniter\Database\BaseConnection->query('SELECT m.id_mat...')
#5 C:\Users\Mialisoa\ASA\interprom\interprom-back\system\CodeIgniter.php(933): App\Controllers\MatchJController->get_matche_a_suivre_par_discipline_par_equipe('2', '36', '2')
#6 C:\Users\Mialisoa\ASA\interprom\interprom-back\system\CodeIgniter.php(509): CodeIgniter\CodeIgniter->runController(Object(App\Controllers\MatchJController))
#7 C:\Users\Mialisoa\ASA\interprom\interprom-back\system\CodeIgniter.php(355): CodeIgniter\CodeIgniter->handleRequest(NULL, Object(Config\Cache), false)
#8 C:\Users\Mialisoa\ASA\interprom\interprom-back\system\Boot.php(312): CodeIgniter\CodeIgniter->run()
#9 C:\Users\Mialisoa\ASA\interprom\interprom-back\system\Boot.php(67): CodeIgniter\Boot::runCodeIgniter(Object(CodeIgniter\CodeIgniter))
#10 C:\Users\Mialisoa\ASA\interprom\interprom-back\public\index.php(62): CodeIgniter\Boot::bootWeb(Object(Config\Paths))
#11 C:\Users\Mialisoa\ASA\interprom\interprom-back\system\Commands\Server\rewrite.php(49): require_once('C:\\Users\\Mialis...')
#12 {main}
CRITICAL - 2025-05-15 20:04:01 --> CodeIgniter\Database\Exceptions\DatabaseException: pg_query(): Query failed: ERREUR:  la colonne et1.tournoi n'existe pas
LINE 1: ...pe_match tm ON m.id_type = tm.id_type_match WHERE et1.tourno...
                                                             ^
HINT:  Peut-être que vous souhaitiez référencer la colonne « et1.id_tournoi ».
[Method: GET, Route: api/match-a-suivre/discipline_2/36/tournoi_2]
in SYSTEMPATH\Database\BaseConnection.php on line 675.
 1 APPPATH\Controllers\MatchJController.php(155): CodeIgniter\Database\BaseConnection->query('SELECT m.id_match, et1.id_tournoi, e1.nom_equipe AS nom_equipe_1, e2.nom_equipe AS nom_equipe_2, m.date_, d.id_discipline, m.debut_prevision, m.debut_reel, m.fin_prevision, m.fin_reel, d.nom AS nom_discipline, m.score_equipe_1, m.score_equipe_2, tm.nom AS nom_type_match, m.terrain FROM match m JOIN equipe_tournoi et1 ON m.id_equipe_tournoi_1 = et1.id_equipe_tournoi JOIN equipe e1 ON et1.id_equipe = e1.id_equipe JOIN equipe_tournoi et2 ON m.id_equipe_tournoi_2 = et2.id_equipe_tournoi JOIN equipe e2 ON et2.id_equipe = e2.id_equipe JOIN discipline d ON m.id_discipline = d.id_discipline JOIN type_match tm ON m.id_type = tm.id_type_match WHERE et1.tournoi=2 AND m.debut_reel IS NULL AND m.fin_reel IS NULL and d.id_discipline=2 and (et1.id_equipe_tournoi = 36 or et2.id_equipe_tournoi = 36) order by m.debut_prevision asc')
 2 SYSTEMPATH\CodeIgniter.php(933): App\Controllers\MatchJController->get_matche_a_suivre_par_discipline_par_equipe('2', '36', '2')
 3 SYSTEMPATH\CodeIgniter.php(509): CodeIgniter\CodeIgniter->runController(Object(App\Controllers\MatchJController))
 4 SYSTEMPATH\CodeIgniter.php(355): CodeIgniter\CodeIgniter->handleRequest(null, Object(Config\Cache), false)
 5 SYSTEMPATH\Boot.php(312): CodeIgniter\CodeIgniter->run()
 6 SYSTEMPATH\Boot.php(67): CodeIgniter\Boot::runCodeIgniter(Object(CodeIgniter\CodeIgniter))
 7 FCPATH\index.php(62): CodeIgniter\Boot::bootWeb(Object(Config\Paths))
 8 SYSTEMPATH\Commands\Server\rewrite.php(49): require_once('C:\\Users\\Mialisoa\\ASA\\interprom\\interprom-back\\public\\index.php')
CRITICAL - 2025-05-15 20:04:01 --> [Caused by] CodeIgniter\Database\Exceptions\DatabaseException: pg_query(): Query failed: ERREUR:  la colonne et1.tournoi n'existe pas
LINE 1: ...pe_match tm ON m.id_type = tm.id_type_match WHERE et1.tourno...
                                                             ^
HINT:  Peut-être que vous souhaitiez référencer la colonne « et1.id_tournoi ».
in SYSTEMPATH\Database\Postgre\Connection.php on line 197.
 1 SYSTEMPATH\Database\BaseConnection.php(721): CodeIgniter\Database\Postgre\Connection->execute('SELECT m.id_match, et1.id_tournoi, e1.nom_equipe AS nom_equipe_1, e2.nom_equipe AS nom_equipe_2, m.date_, d.id_discipline, m.debut_prevision, m.debut_reel, m.fin_prevision, m.fin_reel, d.nom AS nom_discipline, m.score_equipe_1, m.score_equipe_2, tm.nom AS nom_type_match, m.terrain FROM match m JOIN equipe_tournoi et1 ON m.id_equipe_tournoi_1 = et1.id_equipe_tournoi JOIN equipe e1 ON et1.id_equipe = e1.id_equipe JOIN equipe_tournoi et2 ON m.id_equipe_tournoi_2 = et2.id_equipe_tournoi JOIN equipe e2 ON et2.id_equipe = e2.id_equipe JOIN discipline d ON m.id_discipline = d.id_discipline JOIN type_match tm ON m.id_type = tm.id_type_match WHERE et1.tournoi=2 AND m.debut_reel IS NULL AND m.fin_reel IS NULL and d.id_discipline=2 and (et1.id_equipe_tournoi = 36 or et2.id_equipe_tournoi = 36) order by m.debut_prevision asc')
 2 SYSTEMPATH\Database\BaseConnection.php(635): CodeIgniter\Database\BaseConnection->simpleQuery('SELECT m.id_match, et1.id_tournoi, e1.nom_equipe AS nom_equipe_1, e2.nom_equipe AS nom_equipe_2, m.date_, d.id_discipline, m.debut_prevision, m.debut_reel, m.fin_prevision, m.fin_reel, d.nom AS nom_discipline, m.score_equipe_1, m.score_equipe_2, tm.nom AS nom_type_match, m.terrain FROM match m JOIN equipe_tournoi et1 ON m.id_equipe_tournoi_1 = et1.id_equipe_tournoi JOIN equipe e1 ON et1.id_equipe = e1.id_equipe JOIN equipe_tournoi et2 ON m.id_equipe_tournoi_2 = et2.id_equipe_tournoi JOIN equipe e2 ON et2.id_equipe = e2.id_equipe JOIN discipline d ON m.id_discipline = d.id_discipline JOIN type_match tm ON m.id_type = tm.id_type_match WHERE et1.tournoi=2 AND m.debut_reel IS NULL AND m.fin_reel IS NULL and d.id_discipline=2 and (et1.id_equipe_tournoi = 36 or et2.id_equipe_tournoi = 36) order by m.debut_prevision asc')
 3 APPPATH\Controllers\MatchJController.php(155): CodeIgniter\Database\BaseConnection->query('SELECT m.id_match, et1.id_tournoi, e1.nom_equipe AS nom_equipe_1, e2.nom_equipe AS nom_equipe_2, m.date_, d.id_discipline, m.debut_prevision, m.debut_reel, m.fin_prevision, m.fin_reel, d.nom AS nom_discipline, m.score_equipe_1, m.score_equipe_2, tm.nom AS nom_type_match, m.terrain FROM match m JOIN equipe_tournoi et1 ON m.id_equipe_tournoi_1 = et1.id_equipe_tournoi JOIN equipe e1 ON et1.id_equipe = e1.id_equipe JOIN equipe_tournoi et2 ON m.id_equipe_tournoi_2 = et2.id_equipe_tournoi JOIN equipe e2 ON et2.id_equipe = e2.id_equipe JOIN discipline d ON m.id_discipline = d.id_discipline JOIN type_match tm ON m.id_type = tm.id_type_match WHERE et1.tournoi=2 AND m.debut_reel IS NULL AND m.fin_reel IS NULL and d.id_discipline=2 and (et1.id_equipe_tournoi = 36 or et2.id_equipe_tournoi = 36) order by m.debut_prevision asc')
 4 SYSTEMPATH\CodeIgniter.php(933): App\Controllers\MatchJController->get_matche_a_suivre_par_discipline_par_equipe('2', '36', '2')
 5 SYSTEMPATH\CodeIgniter.php(509): CodeIgniter\CodeIgniter->runController(Object(App\Controllers\MatchJController))
 6 SYSTEMPATH\CodeIgniter.php(355): CodeIgniter\CodeIgniter->handleRequest(null, Object(Config\Cache), false)
 7 SYSTEMPATH\Boot.php(312): CodeIgniter\CodeIgniter->run()
 8 SYSTEMPATH\Boot.php(67): CodeIgniter\Boot::runCodeIgniter(Object(CodeIgniter\CodeIgniter))
 9 FCPATH\index.php(62): CodeIgniter\Boot::bootWeb(Object(Config\Paths))
10 SYSTEMPATH\Commands\Server\rewrite.php(49): require_once('C:\\Users\\Mialisoa\\ASA\\interprom\\interprom-back\\public\\index.php')
CRITICAL - 2025-05-15 20:04:01 --> [Caused by] ErrorException: pg_query(): Query failed: ERREUR:  la colonne et1.tournoi n'existe pas
LINE 1: ...pe_match tm ON m.id_type = tm.id_type_match WHERE et1.tourno...
                                                             ^
HINT:  Peut-être que vous souhaitiez référencer la colonne « et1.id_tournoi ».
in SYSTEMPATH\Database\Postgre\Connection.php on line 192.
 1 [internal function]: CodeIgniter\Debug\Exceptions->errorHandler(2, 'pg_query(): Query failed: ERREUR:  la colonne et1.tournoi n\'existe pas
LINE 1: ...pe_match tm ON m.id_type = tm.id_type_match WHERE et1.tourno...
                                                             ^
HINT:  Peut-être que vous souhaitiez référencer la colonne « et1.id_tournoi ».', 'C:\\Users\\Mialisoa\\ASA\\interprom\\interprom-back\\system\\Database\\Postgre\\Connection.php', 192)
 2 SYSTEMPATH\Database\Postgre\Connection.php(192): pg_query(Object(PgSql\Connection), 'SELECT m.id_match, et1.id_tournoi, e1.nom_equipe AS nom_equipe_1, e2.nom_equipe AS nom_equipe_2, m.date_, d.id_discipline, m.debut_prevision, m.debut_reel, m.fin_prevision, m.fin_reel, d.nom AS nom_discipline, m.score_equipe_1, m.score_equipe_2, tm.nom AS nom_type_match, m.terrain FROM match m JOIN equipe_tournoi et1 ON m.id_equipe_tournoi_1 = et1.id_equipe_tournoi JOIN equipe e1 ON et1.id_equipe = e1.id_equipe JOIN equipe_tournoi et2 ON m.id_equipe_tournoi_2 = et2.id_equipe_tournoi JOIN equipe e2 ON et2.id_equipe = e2.id_equipe JOIN discipline d ON m.id_discipline = d.id_discipline JOIN type_match tm ON m.id_type = tm.id_type_match WHERE et1.tournoi=2 AND m.debut_reel IS NULL AND m.fin_reel IS NULL and d.id_discipline=2 and (et1.id_equipe_tournoi = 36 or et2.id_equipe_tournoi = 36) order by m.debut_prevision asc')
 3 SYSTEMPATH\Database\BaseConnection.php(721): CodeIgniter\Database\Postgre\Connection->execute('SELECT m.id_match, et1.id_tournoi, e1.nom_equipe AS nom_equipe_1, e2.nom_equipe AS nom_equipe_2, m.date_, d.id_discipline, m.debut_prevision, m.debut_reel, m.fin_prevision, m.fin_reel, d.nom AS nom_discipline, m.score_equipe_1, m.score_equipe_2, tm.nom AS nom_type_match, m.terrain FROM match m JOIN equipe_tournoi et1 ON m.id_equipe_tournoi_1 = et1.id_equipe_tournoi JOIN equipe e1 ON et1.id_equipe = e1.id_equipe JOIN equipe_tournoi et2 ON m.id_equipe_tournoi_2 = et2.id_equipe_tournoi JOIN equipe e2 ON et2.id_equipe = e2.id_equipe JOIN discipline d ON m.id_discipline = d.id_discipline JOIN type_match tm ON m.id_type = tm.id_type_match WHERE et1.tournoi=2 AND m.debut_reel IS NULL AND m.fin_reel IS NULL and d.id_discipline=2 and (et1.id_equipe_tournoi = 36 or et2.id_equipe_tournoi = 36) order by m.debut_prevision asc')
 4 SYSTEMPATH\Database\BaseConnection.php(635): CodeIgniter\Database\BaseConnection->simpleQuery('SELECT m.id_match, et1.id_tournoi, e1.nom_equipe AS nom_equipe_1, e2.nom_equipe AS nom_equipe_2, m.date_, d.id_discipline, m.debut_prevision, m.debut_reel, m.fin_prevision, m.fin_reel, d.nom AS nom_discipline, m.score_equipe_1, m.score_equipe_2, tm.nom AS nom_type_match, m.terrain FROM match m JOIN equipe_tournoi et1 ON m.id_equipe_tournoi_1 = et1.id_equipe_tournoi JOIN equipe e1 ON et1.id_equipe = e1.id_equipe JOIN equipe_tournoi et2 ON m.id_equipe_tournoi_2 = et2.id_equipe_tournoi JOIN equipe e2 ON et2.id_equipe = e2.id_equipe JOIN discipline d ON m.id_discipline = d.id_discipline JOIN type_match tm ON m.id_type = tm.id_type_match WHERE et1.tournoi=2 AND m.debut_reel IS NULL AND m.fin_reel IS NULL and d.id_discipline=2 and (et1.id_equipe_tournoi = 36 or et2.id_equipe_tournoi = 36) order by m.debut_prevision asc')
 5 APPPATH\Controllers\MatchJController.php(155): CodeIgniter\Database\BaseConnection->query('SELECT m.id_match, et1.id_tournoi, e1.nom_equipe AS nom_equipe_1, e2.nom_equipe AS nom_equipe_2, m.date_, d.id_discipline, m.debut_prevision, m.debut_reel, m.fin_prevision, m.fin_reel, d.nom AS nom_discipline, m.score_equipe_1, m.score_equipe_2, tm.nom AS nom_type_match, m.terrain FROM match m JOIN equipe_tournoi et1 ON m.id_equipe_tournoi_1 = et1.id_equipe_tournoi JOIN equipe e1 ON et1.id_equipe = e1.id_equipe JOIN equipe_tournoi et2 ON m.id_equipe_tournoi_2 = et2.id_equipe_tournoi JOIN equipe e2 ON et2.id_equipe = e2.id_equipe JOIN discipline d ON m.id_discipline = d.id_discipline JOIN type_match tm ON m.id_type = tm.id_type_match WHERE et1.tournoi=2 AND m.debut_reel IS NULL AND m.fin_reel IS NULL and d.id_discipline=2 and (et1.id_equipe_tournoi = 36 or et2.id_equipe_tournoi = 36) order by m.debut_prevision asc')
 6 SYSTEMPATH\CodeIgniter.php(933): App\Controllers\MatchJController->get_matche_a_suivre_par_discipline_par_equipe('2', '36', '2')
 7 SYSTEMPATH\CodeIgniter.php(509): CodeIgniter\CodeIgniter->runController(Object(App\Controllers\MatchJController))
 8 SYSTEMPATH\CodeIgniter.php(355): CodeIgniter\CodeIgniter->handleRequest(null, Object(Config\Cache), false)
 9 SYSTEMPATH\Boot.php(312): CodeIgniter\CodeIgniter->run()
10 SYSTEMPATH\Boot.php(67): CodeIgniter\Boot::runCodeIgniter(Object(CodeIgniter\CodeIgniter))
11 FCPATH\index.php(62): CodeIgniter\Boot::bootWeb(Object(Config\Paths))
12 SYSTEMPATH\Commands\Server\rewrite.php(49): require_once('C:\\Users\\Mialisoa\\ASA\\interprom\\interprom-back\\public\\index.php')
WARNING - 2025-05-15 20:04:39 --> [DEPRECATED] Optional parameter $id_discipline declared before required parameter $id_tournoi is implicitly treated as a required parameter in APPPATH\Controllers\MatchJController.php on line 164.
 1 SYSTEMPATH\Autoloader\Autoloader.php(317): include_once('C:\\Users\\Mialisoa\\ASA\\interprom\\interprom-back\\system\\Debug\\Exceptions.php')
 2 SYSTEMPATH\Autoloader\Autoloader.php(296): CodeIgniter\Autoloader\Autoloader->includeFile('C:\\Users\\Mialisoa\\ASA\\interprom\\interprom-back\\app\\Controllers\\MatchJController.php')
 3 SYSTEMPATH\Autoloader\Autoloader.php(272): CodeIgniter\Autoloader\Autoloader->loadInNamespace('App\\Controllers\\MatchJController')
 4 [internal function]: CodeIgniter\Autoloader\Autoloader->loadClass('App\\Controllers\\MatchJController')
 5 SYSTEMPATH\CodeIgniter.php(887): class_exists('\\App\\Controllers\\MatchJController', true)
 6 SYSTEMPATH\CodeIgniter.php(496): CodeIgniter\CodeIgniter->startController()
 7 SYSTEMPATH\CodeIgniter.php(355): CodeIgniter\CodeIgniter->handleRequest(null, Object(Config\Cache), false)
 8 SYSTEMPATH\Boot.php(312): CodeIgniter\CodeIgniter->run()
 9 SYSTEMPATH\Boot.php(67): CodeIgniter\Boot::runCodeIgniter(Object(CodeIgniter\CodeIgniter))
10 FCPATH\index.php(62): CodeIgniter\Boot::bootWeb(Object(Config\Paths))
11 SYSTEMPATH\Commands\Server\rewrite.php(49): require_once('C:\\Users\\Mialisoa\\ASA\\interprom\\interprom-back\\public\\index.php')
WARNING - 2025-05-15 20:04:39 --> [DEPRECATED] Optional parameter $id_discipline declared before required parameter $id_tournoi is implicitly treated as a required parameter in APPPATH\Controllers\MatchJController.php on line 164.
 1 SYSTEMPATH\Autoloader\Autoloader.php(317): include_once('C:\\Users\\Mialisoa\\ASA\\interprom\\interprom-back\\system\\Debug\\Exceptions.php')
 2 SYSTEMPATH\Autoloader\Autoloader.php(296): CodeIgniter\Autoloader\Autoloader->includeFile('C:\\Users\\Mialisoa\\ASA\\interprom\\interprom-back\\app\\Controllers\\MatchJController.php')
 3 SYSTEMPATH\Autoloader\Autoloader.php(272): CodeIgniter\Autoloader\Autoloader->loadInNamespace('App\\Controllers\\MatchJController')
 4 [internal function]: CodeIgniter\Autoloader\Autoloader->loadClass('App\\Controllers\\MatchJController')
 5 SYSTEMPATH\CodeIgniter.php(887): class_exists('\\App\\Controllers\\MatchJController', true)
 6 SYSTEMPATH\CodeIgniter.php(496): CodeIgniter\CodeIgniter->startController()
 7 SYSTEMPATH\CodeIgniter.php(355): CodeIgniter\CodeIgniter->handleRequest(null, Object(Config\Cache), false)
 8 SYSTEMPATH\Boot.php(312): CodeIgniter\CodeIgniter->run()
 9 SYSTEMPATH\Boot.php(67): CodeIgniter\Boot::runCodeIgniter(Object(CodeIgniter\CodeIgniter))
10 FCPATH\index.php(62): CodeIgniter\Boot::bootWeb(Object(Config\Paths))
11 SYSTEMPATH\Commands\Server\rewrite.php(49): require_once('C:\\Users\\Mialisoa\\ASA\\interprom\\interprom-back\\public\\index.php')
WARNING - 2025-05-15 20:04:39 --> [DEPRECATED] Optional parameter $id_discipline declared before required parameter $id_tournoi is implicitly treated as a required parameter in APPPATH\Controllers\MatchJController.php on line 164.
 1 SYSTEMPATH\Autoloader\Autoloader.php(317): include_once('C:\\Users\\Mialisoa\\ASA\\interprom\\interprom-back\\system\\Debug\\Exceptions.php')
 2 SYSTEMPATH\Autoloader\Autoloader.php(296): CodeIgniter\Autoloader\Autoloader->includeFile('C:\\Users\\Mialisoa\\ASA\\interprom\\interprom-back\\app\\Controllers\\MatchJController.php')
 3 SYSTEMPATH\Autoloader\Autoloader.php(272): CodeIgniter\Autoloader\Autoloader->loadInNamespace('App\\Controllers\\MatchJController')
 4 [internal function]: CodeIgniter\Autoloader\Autoloader->loadClass('App\\Controllers\\MatchJController')
 5 SYSTEMPATH\CodeIgniter.php(887): class_exists('\\App\\Controllers\\MatchJController', true)
 6 SYSTEMPATH\CodeIgniter.php(496): CodeIgniter\CodeIgniter->startController()
 7 SYSTEMPATH\CodeIgniter.php(355): CodeIgniter\CodeIgniter->handleRequest(null, Object(Config\Cache), false)
 8 SYSTEMPATH\Boot.php(312): CodeIgniter\CodeIgniter->run()
 9 SYSTEMPATH\Boot.php(67): CodeIgniter\Boot::runCodeIgniter(Object(CodeIgniter\CodeIgniter))
10 FCPATH\index.php(62): CodeIgniter\Boot::bootWeb(Object(Config\Paths))
11 SYSTEMPATH\Commands\Server\rewrite.php(49): require_once('C:\\Users\\Mialisoa\\ASA\\interprom\\interprom-back\\public\\index.php')
WARNING - 2025-05-15 20:04:40 --> [DEPRECATED] Optional parameter $id_discipline declared before required parameter $id_tournoi is implicitly treated as a required parameter in APPPATH\Controllers\MatchJController.php on line 164.
 1 SYSTEMPATH\Autoloader\Autoloader.php(317): include_once('C:\\Users\\Mialisoa\\ASA\\interprom\\interprom-back\\system\\Debug\\Exceptions.php')
 2 SYSTEMPATH\Autoloader\Autoloader.php(296): CodeIgniter\Autoloader\Autoloader->includeFile('C:\\Users\\Mialisoa\\ASA\\interprom\\interprom-back\\app\\Controllers\\MatchJController.php')
 3 SYSTEMPATH\Autoloader\Autoloader.php(272): CodeIgniter\Autoloader\Autoloader->loadInNamespace('App\\Controllers\\MatchJController')
 4 [internal function]: CodeIgniter\Autoloader\Autoloader->loadClass('App\\Controllers\\MatchJController')
 5 SYSTEMPATH\CodeIgniter.php(887): class_exists('\\App\\Controllers\\MatchJController', true)
 6 SYSTEMPATH\CodeIgniter.php(496): CodeIgniter\CodeIgniter->startController()
 7 SYSTEMPATH\CodeIgniter.php(355): CodeIgniter\CodeIgniter->handleRequest(null, Object(Config\Cache), false)
 8 SYSTEMPATH\Boot.php(312): CodeIgniter\CodeIgniter->run()
 9 SYSTEMPATH\Boot.php(67): CodeIgniter\Boot::runCodeIgniter(Object(CodeIgniter\CodeIgniter))
10 FCPATH\index.php(62): CodeIgniter\Boot::bootWeb(Object(Config\Paths))
11 SYSTEMPATH\Commands\Server\rewrite.php(49): require_once('C:\\Users\\Mialisoa\\ASA\\interprom\\interprom-back\\public\\index.php')
WARNING - 2025-05-15 20:04:43 --> [DEPRECATED] Optional parameter $id_discipline declared before required parameter $id_tournoi is implicitly treated as a required parameter in APPPATH\Controllers\MatchJController.php on line 164.
 1 SYSTEMPATH\Autoloader\Autoloader.php(317): include_once('C:\\Users\\Mialisoa\\ASA\\interprom\\interprom-back\\system\\Debug\\Exceptions.php')
 2 SYSTEMPATH\Autoloader\Autoloader.php(296): CodeIgniter\Autoloader\Autoloader->includeFile('C:\\Users\\Mialisoa\\ASA\\interprom\\interprom-back\\app\\Controllers\\MatchJController.php')
 3 SYSTEMPATH\Autoloader\Autoloader.php(272): CodeIgniter\Autoloader\Autoloader->loadInNamespace('App\\Controllers\\MatchJController')
 4 [internal function]: CodeIgniter\Autoloader\Autoloader->loadClass('App\\Controllers\\MatchJController')
 5 SYSTEMPATH\CodeIgniter.php(887): class_exists('\\App\\Controllers\\MatchJController', true)
 6 SYSTEMPATH\CodeIgniter.php(496): CodeIgniter\CodeIgniter->startController()
 7 SYSTEMPATH\CodeIgniter.php(355): CodeIgniter\CodeIgniter->handleRequest(null, Object(Config\Cache), false)
 8 SYSTEMPATH\Boot.php(312): CodeIgniter\CodeIgniter->run()
 9 SYSTEMPATH\Boot.php(67): CodeIgniter\Boot::runCodeIgniter(Object(CodeIgniter\CodeIgniter))
10 FCPATH\index.php(62): CodeIgniter\Boot::bootWeb(Object(Config\Paths))
11 SYSTEMPATH\Commands\Server\rewrite.php(49): require_once('C:\\Users\\Mialisoa\\ASA\\interprom\\interprom-back\\public\\index.php')
WARNING - 2025-05-15 20:04:43 --> [DEPRECATED] Optional parameter $id_discipline declared before required parameter $id_tournoi is implicitly treated as a required parameter in APPPATH\Controllers\MatchJController.php on line 164.
 1 SYSTEMPATH\Autoloader\Autoloader.php(317): include_once('C:\\Users\\Mialisoa\\ASA\\interprom\\interprom-back\\system\\Debug\\Exceptions.php')
 2 SYSTEMPATH\Autoloader\Autoloader.php(296): CodeIgniter\Autoloader\Autoloader->includeFile('C:\\Users\\Mialisoa\\ASA\\interprom\\interprom-back\\app\\Controllers\\MatchJController.php')
 3 SYSTEMPATH\Autoloader\Autoloader.php(272): CodeIgniter\Autoloader\Autoloader->loadInNamespace('App\\Controllers\\MatchJController')
 4 [internal function]: CodeIgniter\Autoloader\Autoloader->loadClass('App\\Controllers\\MatchJController')
 5 SYSTEMPATH\CodeIgniter.php(887): class_exists('\\App\\Controllers\\MatchJController', true)
 6 SYSTEMPATH\CodeIgniter.php(496): CodeIgniter\CodeIgniter->startController()
 7 SYSTEMPATH\CodeIgniter.php(355): CodeIgniter\CodeIgniter->handleRequest(null, Object(Config\Cache), false)
 8 SYSTEMPATH\Boot.php(312): CodeIgniter\CodeIgniter->run()
 9 SYSTEMPATH\Boot.php(67): CodeIgniter\Boot::runCodeIgniter(Object(CodeIgniter\CodeIgniter))
10 FCPATH\index.php(62): CodeIgniter\Boot::bootWeb(Object(Config\Paths))
11 SYSTEMPATH\Commands\Server\rewrite.php(49): require_once('C:\\Users\\Mialisoa\\ASA\\interprom\\interprom-back\\public\\index.php')
ERROR - 2025-05-15 20:04:43 --> ErrorException: pg_query(): Query failed: ERREUR:  la colonne et1.tournoi n'existe pas
LINE 1: ...pe_match tm ON m.id_type = tm.id_type_match WHERE et1.tourno...
                                                             ^
HINT:  Peut-être que vous souhaitiez référencer la colonne « et1.id_tournoi ». in C:\Users\Mialisoa\ASA\interprom\interprom-back\system\Database\Postgre\Connection.php:192
Stack trace:
#0 [internal function]: CodeIgniter\Debug\Exceptions->errorHandler(2, 'pg_query(): Que...', 'C:\\Users\\Mialis...', 192)
#1 C:\Users\Mialisoa\ASA\interprom\interprom-back\system\Database\Postgre\Connection.php(192): pg_query(Object(PgSql\Connection), 'SELECT m.id_mat...')
#2 C:\Users\Mialisoa\ASA\interprom\interprom-back\system\Database\BaseConnection.php(721): CodeIgniter\Database\Postgre\Connection->execute('SELECT m.id_mat...')
#3 C:\Users\Mialisoa\ASA\interprom\interprom-back\system\Database\BaseConnection.php(635): CodeIgniter\Database\BaseConnection->simpleQuery('SELECT m.id_mat...')
#4 C:\Users\Mialisoa\ASA\interprom\interprom-back\app\Controllers\MatchJController.php(155): CodeIgniter\Database\BaseConnection->query('SELECT m.id_mat...')
#5 C:\Users\Mialisoa\ASA\interprom\interprom-back\system\CodeIgniter.php(933): App\Controllers\MatchJController->get_matche_a_suivre_par_discipline_par_equipe('2', '38', '2')
#6 C:\Users\Mialisoa\ASA\interprom\interprom-back\system\CodeIgniter.php(509): CodeIgniter\CodeIgniter->runController(Object(App\Controllers\MatchJController))
#7 C:\Users\Mialisoa\ASA\interprom\interprom-back\system\CodeIgniter.php(355): CodeIgniter\CodeIgniter->handleRequest(NULL, Object(Config\Cache), false)
#8 C:\Users\Mialisoa\ASA\interprom\interprom-back\system\Boot.php(312): CodeIgniter\CodeIgniter->run()
#9 C:\Users\Mialisoa\ASA\interprom\interprom-back\system\Boot.php(67): CodeIgniter\Boot::runCodeIgniter(Object(CodeIgniter\CodeIgniter))
#10 C:\Users\Mialisoa\ASA\interprom\interprom-back\public\index.php(62): CodeIgniter\Boot::bootWeb(Object(Config\Paths))
#11 C:\Users\Mialisoa\ASA\interprom\interprom-back\system\Commands\Server\rewrite.php(49): require_once('C:\\Users\\Mialis...')
#12 {main}
CRITICAL - 2025-05-15 20:04:43 --> CodeIgniter\Database\Exceptions\DatabaseException: pg_query(): Query failed: ERREUR:  la colonne et1.tournoi n'existe pas
LINE 1: ...pe_match tm ON m.id_type = tm.id_type_match WHERE et1.tourno...
                                                             ^
HINT:  Peut-être que vous souhaitiez référencer la colonne « et1.id_tournoi ».
[Method: GET, Route: api/match-a-suivre/discipline_2/38/tournoi_2]
in SYSTEMPATH\Database\BaseConnection.php on line 675.
 1 APPPATH\Controllers\MatchJController.php(155): CodeIgniter\Database\BaseConnection->query('SELECT m.id_match, et1.id_tournoi, e1.nom_equipe AS nom_equipe_1, e2.nom_equipe AS nom_equipe_2, m.date_, d.id_discipline, m.debut_prevision, m.debut_reel, m.fin_prevision, m.fin_reel, d.nom AS nom_discipline, m.score_equipe_1, m.score_equipe_2, tm.nom AS nom_type_match, m.terrain FROM match m JOIN equipe_tournoi et1 ON m.id_equipe_tournoi_1 = et1.id_equipe_tournoi JOIN equipe e1 ON et1.id_equipe = e1.id_equipe JOIN equipe_tournoi et2 ON m.id_equipe_tournoi_2 = et2.id_equipe_tournoi JOIN equipe e2 ON et2.id_equipe = e2.id_equipe JOIN discipline d ON m.id_discipline = d.id_discipline JOIN type_match tm ON m.id_type = tm.id_type_match WHERE et1.tournoi=2 AND m.debut_reel IS NULL AND m.fin_reel IS NULL and d.id_discipline=2 and (et1.id_equipe_tournoi = 38 or et2.id_equipe_tournoi = 38) order by m.debut_prevision asc')
 2 SYSTEMPATH\CodeIgniter.php(933): App\Controllers\MatchJController->get_matche_a_suivre_par_discipline_par_equipe('2', '38', '2')
 3 SYSTEMPATH\CodeIgniter.php(509): CodeIgniter\CodeIgniter->runController(Object(App\Controllers\MatchJController))
 4 SYSTEMPATH\CodeIgniter.php(355): CodeIgniter\CodeIgniter->handleRequest(null, Object(Config\Cache), false)
 5 SYSTEMPATH\Boot.php(312): CodeIgniter\CodeIgniter->run()
 6 SYSTEMPATH\Boot.php(67): CodeIgniter\Boot::runCodeIgniter(Object(CodeIgniter\CodeIgniter))
 7 FCPATH\index.php(62): CodeIgniter\Boot::bootWeb(Object(Config\Paths))
 8 SYSTEMPATH\Commands\Server\rewrite.php(49): require_once('C:\\Users\\Mialisoa\\ASA\\interprom\\interprom-back\\public\\index.php')
CRITICAL - 2025-05-15 20:04:43 --> [Caused by] CodeIgniter\Database\Exceptions\DatabaseException: pg_query(): Query failed: ERREUR:  la colonne et1.tournoi n'existe pas
LINE 1: ...pe_match tm ON m.id_type = tm.id_type_match WHERE et1.tourno...
                                                             ^
HINT:  Peut-être que vous souhaitiez référencer la colonne « et1.id_tournoi ».
in SYSTEMPATH\Database\Postgre\Connection.php on line 197.
 1 SYSTEMPATH\Database\BaseConnection.php(721): CodeIgniter\Database\Postgre\Connection->execute('SELECT m.id_match, et1.id_tournoi, e1.nom_equipe AS nom_equipe_1, e2.nom_equipe AS nom_equipe_2, m.date_, d.id_discipline, m.debut_prevision, m.debut_reel, m.fin_prevision, m.fin_reel, d.nom AS nom_discipline, m.score_equipe_1, m.score_equipe_2, tm.nom AS nom_type_match, m.terrain FROM match m JOIN equipe_tournoi et1 ON m.id_equipe_tournoi_1 = et1.id_equipe_tournoi JOIN equipe e1 ON et1.id_equipe = e1.id_equipe JOIN equipe_tournoi et2 ON m.id_equipe_tournoi_2 = et2.id_equipe_tournoi JOIN equipe e2 ON et2.id_equipe = e2.id_equipe JOIN discipline d ON m.id_discipline = d.id_discipline JOIN type_match tm ON m.id_type = tm.id_type_match WHERE et1.tournoi=2 AND m.debut_reel IS NULL AND m.fin_reel IS NULL and d.id_discipline=2 and (et1.id_equipe_tournoi = 38 or et2.id_equipe_tournoi = 38) order by m.debut_prevision asc')
 2 SYSTEMPATH\Database\BaseConnection.php(635): CodeIgniter\Database\BaseConnection->simpleQuery('SELECT m.id_match, et1.id_tournoi, e1.nom_equipe AS nom_equipe_1, e2.nom_equipe AS nom_equipe_2, m.date_, d.id_discipline, m.debut_prevision, m.debut_reel, m.fin_prevision, m.fin_reel, d.nom AS nom_discipline, m.score_equipe_1, m.score_equipe_2, tm.nom AS nom_type_match, m.terrain FROM match m JOIN equipe_tournoi et1 ON m.id_equipe_tournoi_1 = et1.id_equipe_tournoi JOIN equipe e1 ON et1.id_equipe = e1.id_equipe JOIN equipe_tournoi et2 ON m.id_equipe_tournoi_2 = et2.id_equipe_tournoi JOIN equipe e2 ON et2.id_equipe = e2.id_equipe JOIN discipline d ON m.id_discipline = d.id_discipline JOIN type_match tm ON m.id_type = tm.id_type_match WHERE et1.tournoi=2 AND m.debut_reel IS NULL AND m.fin_reel IS NULL and d.id_discipline=2 and (et1.id_equipe_tournoi = 38 or et2.id_equipe_tournoi = 38) order by m.debut_prevision asc')
 3 APPPATH\Controllers\MatchJController.php(155): CodeIgniter\Database\BaseConnection->query('SELECT m.id_match, et1.id_tournoi, e1.nom_equipe AS nom_equipe_1, e2.nom_equipe AS nom_equipe_2, m.date_, d.id_discipline, m.debut_prevision, m.debut_reel, m.fin_prevision, m.fin_reel, d.nom AS nom_discipline, m.score_equipe_1, m.score_equipe_2, tm.nom AS nom_type_match, m.terrain FROM match m JOIN equipe_tournoi et1 ON m.id_equipe_tournoi_1 = et1.id_equipe_tournoi JOIN equipe e1 ON et1.id_equipe = e1.id_equipe JOIN equipe_tournoi et2 ON m.id_equipe_tournoi_2 = et2.id_equipe_tournoi JOIN equipe e2 ON et2.id_equipe = e2.id_equipe JOIN discipline d ON m.id_discipline = d.id_discipline JOIN type_match tm ON m.id_type = tm.id_type_match WHERE et1.tournoi=2 AND m.debut_reel IS NULL AND m.fin_reel IS NULL and d.id_discipline=2 and (et1.id_equipe_tournoi = 38 or et2.id_equipe_tournoi = 38) order by m.debut_prevision asc')
 4 SYSTEMPATH\CodeIgniter.php(933): App\Controllers\MatchJController->get_matche_a_suivre_par_discipline_par_equipe('2', '38', '2')
 5 SYSTEMPATH\CodeIgniter.php(509): CodeIgniter\CodeIgniter->runController(Object(App\Controllers\MatchJController))
 6 SYSTEMPATH\CodeIgniter.php(355): CodeIgniter\CodeIgniter->handleRequest(null, Object(Config\Cache), false)
 7 SYSTEMPATH\Boot.php(312): CodeIgniter\CodeIgniter->run()
 8 SYSTEMPATH\Boot.php(67): CodeIgniter\Boot::runCodeIgniter(Object(CodeIgniter\CodeIgniter))
 9 FCPATH\index.php(62): CodeIgniter\Boot::bootWeb(Object(Config\Paths))
10 SYSTEMPATH\Commands\Server\rewrite.php(49): require_once('C:\\Users\\Mialisoa\\ASA\\interprom\\interprom-back\\public\\index.php')
CRITICAL - 2025-05-15 20:04:43 --> [Caused by] ErrorException: pg_query(): Query failed: ERREUR:  la colonne et1.tournoi n'existe pas
LINE 1: ...pe_match tm ON m.id_type = tm.id_type_match WHERE et1.tourno...
                                                             ^
HINT:  Peut-être que vous souhaitiez référencer la colonne « et1.id_tournoi ».
in SYSTEMPATH\Database\Postgre\Connection.php on line 192.
 1 [internal function]: CodeIgniter\Debug\Exceptions->errorHandler(2, 'pg_query(): Query failed: ERREUR:  la colonne et1.tournoi n\'existe pas
LINE 1: ...pe_match tm ON m.id_type = tm.id_type_match WHERE et1.tourno...
                                                             ^
HINT:  Peut-être que vous souhaitiez référencer la colonne « et1.id_tournoi ».', 'C:\\Users\\Mialisoa\\ASA\\interprom\\interprom-back\\system\\Database\\Postgre\\Connection.php', 192)
 2 SYSTEMPATH\Database\Postgre\Connection.php(192): pg_query(Object(PgSql\Connection), 'SELECT m.id_match, et1.id_tournoi, e1.nom_equipe AS nom_equipe_1, e2.nom_equipe AS nom_equipe_2, m.date_, d.id_discipline, m.debut_prevision, m.debut_reel, m.fin_prevision, m.fin_reel, d.nom AS nom_discipline, m.score_equipe_1, m.score_equipe_2, tm.nom AS nom_type_match, m.terrain FROM match m JOIN equipe_tournoi et1 ON m.id_equipe_tournoi_1 = et1.id_equipe_tournoi JOIN equipe e1 ON et1.id_equipe = e1.id_equipe JOIN equipe_tournoi et2 ON m.id_equipe_tournoi_2 = et2.id_equipe_tournoi JOIN equipe e2 ON et2.id_equipe = e2.id_equipe JOIN discipline d ON m.id_discipline = d.id_discipline JOIN type_match tm ON m.id_type = tm.id_type_match WHERE et1.tournoi=2 AND m.debut_reel IS NULL AND m.fin_reel IS NULL and d.id_discipline=2 and (et1.id_equipe_tournoi = 38 or et2.id_equipe_tournoi = 38) order by m.debut_prevision asc')
 3 SYSTEMPATH\Database\BaseConnection.php(721): CodeIgniter\Database\Postgre\Connection->execute('SELECT m.id_match, et1.id_tournoi, e1.nom_equipe AS nom_equipe_1, e2.nom_equipe AS nom_equipe_2, m.date_, d.id_discipline, m.debut_prevision, m.debut_reel, m.fin_prevision, m.fin_reel, d.nom AS nom_discipline, m.score_equipe_1, m.score_equipe_2, tm.nom AS nom_type_match, m.terrain FROM match m JOIN equipe_tournoi et1 ON m.id_equipe_tournoi_1 = et1.id_equipe_tournoi JOIN equipe e1 ON et1.id_equipe = e1.id_equipe JOIN equipe_tournoi et2 ON m.id_equipe_tournoi_2 = et2.id_equipe_tournoi JOIN equipe e2 ON et2.id_equipe = e2.id_equipe JOIN discipline d ON m.id_discipline = d.id_discipline JOIN type_match tm ON m.id_type = tm.id_type_match WHERE et1.tournoi=2 AND m.debut_reel IS NULL AND m.fin_reel IS NULL and d.id_discipline=2 and (et1.id_equipe_tournoi = 38 or et2.id_equipe_tournoi = 38) order by m.debut_prevision asc')
 4 SYSTEMPATH\Database\BaseConnection.php(635): CodeIgniter\Database\BaseConnection->simpleQuery('SELECT m.id_match, et1.id_tournoi, e1.nom_equipe AS nom_equipe_1, e2.nom_equipe AS nom_equipe_2, m.date_, d.id_discipline, m.debut_prevision, m.debut_reel, m.fin_prevision, m.fin_reel, d.nom AS nom_discipline, m.score_equipe_1, m.score_equipe_2, tm.nom AS nom_type_match, m.terrain FROM match m JOIN equipe_tournoi et1 ON m.id_equipe_tournoi_1 = et1.id_equipe_tournoi JOIN equipe e1 ON et1.id_equipe = e1.id_equipe JOIN equipe_tournoi et2 ON m.id_equipe_tournoi_2 = et2.id_equipe_tournoi JOIN equipe e2 ON et2.id_equipe = e2.id_equipe JOIN discipline d ON m.id_discipline = d.id_discipline JOIN type_match tm ON m.id_type = tm.id_type_match WHERE et1.tournoi=2 AND m.debut_reel IS NULL AND m.fin_reel IS NULL and d.id_discipline=2 and (et1.id_equipe_tournoi = 38 or et2.id_equipe_tournoi = 38) order by m.debut_prevision asc')
 5 APPPATH\Controllers\MatchJController.php(155): CodeIgniter\Database\BaseConnection->query('SELECT m.id_match, et1.id_tournoi, e1.nom_equipe AS nom_equipe_1, e2.nom_equipe AS nom_equipe_2, m.date_, d.id_discipline, m.debut_prevision, m.debut_reel, m.fin_prevision, m.fin_reel, d.nom AS nom_discipline, m.score_equipe_1, m.score_equipe_2, tm.nom AS nom_type_match, m.terrain FROM match m JOIN equipe_tournoi et1 ON m.id_equipe_tournoi_1 = et1.id_equipe_tournoi JOIN equipe e1 ON et1.id_equipe = e1.id_equipe JOIN equipe_tournoi et2 ON m.id_equipe_tournoi_2 = et2.id_equipe_tournoi JOIN equipe e2 ON et2.id_equipe = e2.id_equipe JOIN discipline d ON m.id_discipline = d.id_discipline JOIN type_match tm ON m.id_type = tm.id_type_match WHERE et1.tournoi=2 AND m.debut_reel IS NULL AND m.fin_reel IS NULL and d.id_discipline=2 and (et1.id_equipe_tournoi = 38 or et2.id_equipe_tournoi = 38) order by m.debut_prevision asc')
 6 SYSTEMPATH\CodeIgniter.php(933): App\Controllers\MatchJController->get_matche_a_suivre_par_discipline_par_equipe('2', '38', '2')
 7 SYSTEMPATH\CodeIgniter.php(509): CodeIgniter\CodeIgniter->runController(Object(App\Controllers\MatchJController))
 8 SYSTEMPATH\CodeIgniter.php(355): CodeIgniter\CodeIgniter->handleRequest(null, Object(Config\Cache), false)
 9 SYSTEMPATH\Boot.php(312): CodeIgniter\CodeIgniter->run()
10 SYSTEMPATH\Boot.php(67): CodeIgniter\Boot::runCodeIgniter(Object(CodeIgniter\CodeIgniter))
11 FCPATH\index.php(62): CodeIgniter\Boot::bootWeb(Object(Config\Paths))
12 SYSTEMPATH\Commands\Server\rewrite.php(49): require_once('C:\\Users\\Mialisoa\\ASA\\interprom\\interprom-back\\public\\index.php')
WARNING - 2025-05-15 20:04:45 --> [DEPRECATED] Optional parameter $id_discipline declared before required parameter $id_tournoi is implicitly treated as a required parameter in APPPATH\Controllers\MatchJController.php on line 164.
 1 SYSTEMPATH\Autoloader\Autoloader.php(317): include_once('C:\\Users\\Mialisoa\\ASA\\interprom\\interprom-back\\system\\Debug\\Exceptions.php')
 2 SYSTEMPATH\Autoloader\Autoloader.php(296): CodeIgniter\Autoloader\Autoloader->includeFile('C:\\Users\\Mialisoa\\ASA\\interprom\\interprom-back\\app\\Controllers\\MatchJController.php')
 3 SYSTEMPATH\Autoloader\Autoloader.php(272): CodeIgniter\Autoloader\Autoloader->loadInNamespace('App\\Controllers\\MatchJController')
 4 [internal function]: CodeIgniter\Autoloader\Autoloader->loadClass('App\\Controllers\\MatchJController')
 5 SYSTEMPATH\CodeIgniter.php(887): class_exists('\\App\\Controllers\\MatchJController', true)
 6 SYSTEMPATH\CodeIgniter.php(496): CodeIgniter\CodeIgniter->startController()
 7 SYSTEMPATH\CodeIgniter.php(355): CodeIgniter\CodeIgniter->handleRequest(null, Object(Config\Cache), false)
 8 SYSTEMPATH\Boot.php(312): CodeIgniter\CodeIgniter->run()
 9 SYSTEMPATH\Boot.php(67): CodeIgniter\Boot::runCodeIgniter(Object(CodeIgniter\CodeIgniter))
10 FCPATH\index.php(62): CodeIgniter\Boot::bootWeb(Object(Config\Paths))
11 SYSTEMPATH\Commands\Server\rewrite.php(49): require_once('C:\\Users\\Mialisoa\\ASA\\interprom\\interprom-back\\public\\index.php')
ERROR - 2025-05-15 20:04:45 --> ErrorException: pg_query(): Query failed: ERREUR:  la colonne et1.tournoi n'existe pas
LINE 1: ...pe_match tm ON m.id_type = tm.id_type_match WHERE et1.tourno...
                                                             ^
HINT:  Peut-être que vous souhaitiez référencer la colonne « et1.id_tournoi ». in C:\Users\Mialisoa\ASA\interprom\interprom-back\system\Database\Postgre\Connection.php:192
Stack trace:
#0 [internal function]: CodeIgniter\Debug\Exceptions->errorHandler(2, 'pg_query(): Que...', 'C:\\Users\\Mialis...', 192)
#1 C:\Users\Mialisoa\ASA\interprom\interprom-back\system\Database\Postgre\Connection.php(192): pg_query(Object(PgSql\Connection), 'SELECT m.id_mat...')
#2 C:\Users\Mialisoa\ASA\interprom\interprom-back\system\Database\BaseConnection.php(721): CodeIgniter\Database\Postgre\Connection->execute('SELECT m.id_mat...')
#3 C:\Users\Mialisoa\ASA\interprom\interprom-back\system\Database\BaseConnection.php(635): CodeIgniter\Database\BaseConnection->simpleQuery('SELECT m.id_mat...')
#4 C:\Users\Mialisoa\ASA\interprom\interprom-back\app\Controllers\MatchJController.php(155): CodeIgniter\Database\BaseConnection->query('SELECT m.id_mat...')
#5 C:\Users\Mialisoa\ASA\interprom\interprom-back\system\CodeIgniter.php(933): App\Controllers\MatchJController->get_matche_a_suivre_par_discipline_par_equipe('2', '38', '2')
#6 C:\Users\Mialisoa\ASA\interprom\interprom-back\system\CodeIgniter.php(509): CodeIgniter\CodeIgniter->runController(Object(App\Controllers\MatchJController))
#7 C:\Users\Mialisoa\ASA\interprom\interprom-back\system\CodeIgniter.php(355): CodeIgniter\CodeIgniter->handleRequest(NULL, Object(Config\Cache), false)
#8 C:\Users\Mialisoa\ASA\interprom\interprom-back\system\Boot.php(312): CodeIgniter\CodeIgniter->run()
#9 C:\Users\Mialisoa\ASA\interprom\interprom-back\system\Boot.php(67): CodeIgniter\Boot::runCodeIgniter(Object(CodeIgniter\CodeIgniter))
#10 C:\Users\Mialisoa\ASA\interprom\interprom-back\public\index.php(62): CodeIgniter\Boot::bootWeb(Object(Config\Paths))
#11 C:\Users\Mialisoa\ASA\interprom\interprom-back\system\Commands\Server\rewrite.php(49): require_once('C:\\Users\\Mialis...')
#12 {main}
CRITICAL - 2025-05-15 20:04:45 --> CodeIgniter\Database\Exceptions\DatabaseException: pg_query(): Query failed: ERREUR:  la colonne et1.tournoi n'existe pas
LINE 1: ...pe_match tm ON m.id_type = tm.id_type_match WHERE et1.tourno...
                                                             ^
HINT:  Peut-être que vous souhaitiez référencer la colonne « et1.id_tournoi ».
[Method: GET, Route: api/match-a-suivre/discipline_2/38/tournoi_2]
in SYSTEMPATH\Database\BaseConnection.php on line 675.
 1 APPPATH\Controllers\MatchJController.php(155): CodeIgniter\Database\BaseConnection->query('SELECT m.id_match, et1.id_tournoi, e1.nom_equipe AS nom_equipe_1, e2.nom_equipe AS nom_equipe_2, m.date_, d.id_discipline, m.debut_prevision, m.debut_reel, m.fin_prevision, m.fin_reel, d.nom AS nom_discipline, m.score_equipe_1, m.score_equipe_2, tm.nom AS nom_type_match, m.terrain FROM match m JOIN equipe_tournoi et1 ON m.id_equipe_tournoi_1 = et1.id_equipe_tournoi JOIN equipe e1 ON et1.id_equipe = e1.id_equipe JOIN equipe_tournoi et2 ON m.id_equipe_tournoi_2 = et2.id_equipe_tournoi JOIN equipe e2 ON et2.id_equipe = e2.id_equipe JOIN discipline d ON m.id_discipline = d.id_discipline JOIN type_match tm ON m.id_type = tm.id_type_match WHERE et1.tournoi=2 AND m.debut_reel IS NULL AND m.fin_reel IS NULL and d.id_discipline=2 and (et1.id_equipe_tournoi = 38 or et2.id_equipe_tournoi = 38) order by m.debut_prevision asc')
 2 SYSTEMPATH\CodeIgniter.php(933): App\Controllers\MatchJController->get_matche_a_suivre_par_discipline_par_equipe('2', '38', '2')
 3 SYSTEMPATH\CodeIgniter.php(509): CodeIgniter\CodeIgniter->runController(Object(App\Controllers\MatchJController))
 4 SYSTEMPATH\CodeIgniter.php(355): CodeIgniter\CodeIgniter->handleRequest(null, Object(Config\Cache), false)
 5 SYSTEMPATH\Boot.php(312): CodeIgniter\CodeIgniter->run()
 6 SYSTEMPATH\Boot.php(67): CodeIgniter\Boot::runCodeIgniter(Object(CodeIgniter\CodeIgniter))
 7 FCPATH\index.php(62): CodeIgniter\Boot::bootWeb(Object(Config\Paths))
 8 SYSTEMPATH\Commands\Server\rewrite.php(49): require_once('C:\\Users\\Mialisoa\\ASA\\interprom\\interprom-back\\public\\index.php')
CRITICAL - 2025-05-15 20:04:45 --> [Caused by] CodeIgniter\Database\Exceptions\DatabaseException: pg_query(): Query failed: ERREUR:  la colonne et1.tournoi n'existe pas
LINE 1: ...pe_match tm ON m.id_type = tm.id_type_match WHERE et1.tourno...
                                                             ^
HINT:  Peut-être que vous souhaitiez référencer la colonne « et1.id_tournoi ».
in SYSTEMPATH\Database\Postgre\Connection.php on line 197.
 1 SYSTEMPATH\Database\BaseConnection.php(721): CodeIgniter\Database\Postgre\Connection->execute('SELECT m.id_match, et1.id_tournoi, e1.nom_equipe AS nom_equipe_1, e2.nom_equipe AS nom_equipe_2, m.date_, d.id_discipline, m.debut_prevision, m.debut_reel, m.fin_prevision, m.fin_reel, d.nom AS nom_discipline, m.score_equipe_1, m.score_equipe_2, tm.nom AS nom_type_match, m.terrain FROM match m JOIN equipe_tournoi et1 ON m.id_equipe_tournoi_1 = et1.id_equipe_tournoi JOIN equipe e1 ON et1.id_equipe = e1.id_equipe JOIN equipe_tournoi et2 ON m.id_equipe_tournoi_2 = et2.id_equipe_tournoi JOIN equipe e2 ON et2.id_equipe = e2.id_equipe JOIN discipline d ON m.id_discipline = d.id_discipline JOIN type_match tm ON m.id_type = tm.id_type_match WHERE et1.tournoi=2 AND m.debut_reel IS NULL AND m.fin_reel IS NULL and d.id_discipline=2 and (et1.id_equipe_tournoi = 38 or et2.id_equipe_tournoi = 38) order by m.debut_prevision asc')
 2 SYSTEMPATH\Database\BaseConnection.php(635): CodeIgniter\Database\BaseConnection->simpleQuery('SELECT m.id_match, et1.id_tournoi, e1.nom_equipe AS nom_equipe_1, e2.nom_equipe AS nom_equipe_2, m.date_, d.id_discipline, m.debut_prevision, m.debut_reel, m.fin_prevision, m.fin_reel, d.nom AS nom_discipline, m.score_equipe_1, m.score_equipe_2, tm.nom AS nom_type_match, m.terrain FROM match m JOIN equipe_tournoi et1 ON m.id_equipe_tournoi_1 = et1.id_equipe_tournoi JOIN equipe e1 ON et1.id_equipe = e1.id_equipe JOIN equipe_tournoi et2 ON m.id_equipe_tournoi_2 = et2.id_equipe_tournoi JOIN equipe e2 ON et2.id_equipe = e2.id_equipe JOIN discipline d ON m.id_discipline = d.id_discipline JOIN type_match tm ON m.id_type = tm.id_type_match WHERE et1.tournoi=2 AND m.debut_reel IS NULL AND m.fin_reel IS NULL and d.id_discipline=2 and (et1.id_equipe_tournoi = 38 or et2.id_equipe_tournoi = 38) order by m.debut_prevision asc')
 3 APPPATH\Controllers\MatchJController.php(155): CodeIgniter\Database\BaseConnection->query('SELECT m.id_match, et1.id_tournoi, e1.nom_equipe AS nom_equipe_1, e2.nom_equipe AS nom_equipe_2, m.date_, d.id_discipline, m.debut_prevision, m.debut_reel, m.fin_prevision, m.fin_reel, d.nom AS nom_discipline, m.score_equipe_1, m.score_equipe_2, tm.nom AS nom_type_match, m.terrain FROM match m JOIN equipe_tournoi et1 ON m.id_equipe_tournoi_1 = et1.id_equipe_tournoi JOIN equipe e1 ON et1.id_equipe = e1.id_equipe JOIN equipe_tournoi et2 ON m.id_equipe_tournoi_2 = et2.id_equipe_tournoi JOIN equipe e2 ON et2.id_equipe = e2.id_equipe JOIN discipline d ON m.id_discipline = d.id_discipline JOIN type_match tm ON m.id_type = tm.id_type_match WHERE et1.tournoi=2 AND m.debut_reel IS NULL AND m.fin_reel IS NULL and d.id_discipline=2 and (et1.id_equipe_tournoi = 38 or et2.id_equipe_tournoi = 38) order by m.debut_prevision asc')
 4 SYSTEMPATH\CodeIgniter.php(933): App\Controllers\MatchJController->get_matche_a_suivre_par_discipline_par_equipe('2', '38', '2')
 5 SYSTEMPATH\CodeIgniter.php(509): CodeIgniter\CodeIgniter->runController(Object(App\Controllers\MatchJController))
 6 SYSTEMPATH\CodeIgniter.php(355): CodeIgniter\CodeIgniter->handleRequest(null, Object(Config\Cache), false)
 7 SYSTEMPATH\Boot.php(312): CodeIgniter\CodeIgniter->run()
 8 SYSTEMPATH\Boot.php(67): CodeIgniter\Boot::runCodeIgniter(Object(CodeIgniter\CodeIgniter))
 9 FCPATH\index.php(62): CodeIgniter\Boot::bootWeb(Object(Config\Paths))
10 SYSTEMPATH\Commands\Server\rewrite.php(49): require_once('C:\\Users\\Mialisoa\\ASA\\interprom\\interprom-back\\public\\index.php')
CRITICAL - 2025-05-15 20:04:45 --> [Caused by] ErrorException: pg_query(): Query failed: ERREUR:  la colonne et1.tournoi n'existe pas
LINE 1: ...pe_match tm ON m.id_type = tm.id_type_match WHERE et1.tourno...
                                                             ^
HINT:  Peut-être que vous souhaitiez référencer la colonne « et1.id_tournoi ».
in SYSTEMPATH\Database\Postgre\Connection.php on line 192.
 1 [internal function]: CodeIgniter\Debug\Exceptions->errorHandler(2, 'pg_query(): Query failed: ERREUR:  la colonne et1.tournoi n\'existe pas
LINE 1: ...pe_match tm ON m.id_type = tm.id_type_match WHERE et1.tourno...
                                                             ^
HINT:  Peut-être que vous souhaitiez référencer la colonne « et1.id_tournoi ».', 'C:\\Users\\Mialisoa\\ASA\\interprom\\interprom-back\\system\\Database\\Postgre\\Connection.php', 192)
 2 SYSTEMPATH\Database\Postgre\Connection.php(192): pg_query(Object(PgSql\Connection), 'SELECT m.id_match, et1.id_tournoi, e1.nom_equipe AS nom_equipe_1, e2.nom_equipe AS nom_equipe_2, m.date_, d.id_discipline, m.debut_prevision, m.debut_reel, m.fin_prevision, m.fin_reel, d.nom AS nom_discipline, m.score_equipe_1, m.score_equipe_2, tm.nom AS nom_type_match, m.terrain FROM match m JOIN equipe_tournoi et1 ON m.id_equipe_tournoi_1 = et1.id_equipe_tournoi JOIN equipe e1 ON et1.id_equipe = e1.id_equipe JOIN equipe_tournoi et2 ON m.id_equipe_tournoi_2 = et2.id_equipe_tournoi JOIN equipe e2 ON et2.id_equipe = e2.id_equipe JOIN discipline d ON m.id_discipline = d.id_discipline JOIN type_match tm ON m.id_type = tm.id_type_match WHERE et1.tournoi=2 AND m.debut_reel IS NULL AND m.fin_reel IS NULL and d.id_discipline=2 and (et1.id_equipe_tournoi = 38 or et2.id_equipe_tournoi = 38) order by m.debut_prevision asc')
 3 SYSTEMPATH\Database\BaseConnection.php(721): CodeIgniter\Database\Postgre\Connection->execute('SELECT m.id_match, et1.id_tournoi, e1.nom_equipe AS nom_equipe_1, e2.nom_equipe AS nom_equipe_2, m.date_, d.id_discipline, m.debut_prevision, m.debut_reel, m.fin_prevision, m.fin_reel, d.nom AS nom_discipline, m.score_equipe_1, m.score_equipe_2, tm.nom AS nom_type_match, m.terrain FROM match m JOIN equipe_tournoi et1 ON m.id_equipe_tournoi_1 = et1.id_equipe_tournoi JOIN equipe e1 ON et1.id_equipe = e1.id_equipe JOIN equipe_tournoi et2 ON m.id_equipe_tournoi_2 = et2.id_equipe_tournoi JOIN equipe e2 ON et2.id_equipe = e2.id_equipe JOIN discipline d ON m.id_discipline = d.id_discipline JOIN type_match tm ON m.id_type = tm.id_type_match WHERE et1.tournoi=2 AND m.debut_reel IS NULL AND m.fin_reel IS NULL and d.id_discipline=2 and (et1.id_equipe_tournoi = 38 or et2.id_equipe_tournoi = 38) order by m.debut_prevision asc')
 4 SYSTEMPATH\Database\BaseConnection.php(635): CodeIgniter\Database\BaseConnection->simpleQuery('SELECT m.id_match, et1.id_tournoi, e1.nom_equipe AS nom_equipe_1, e2.nom_equipe AS nom_equipe_2, m.date_, d.id_discipline, m.debut_prevision, m.debut_reel, m.fin_prevision, m.fin_reel, d.nom AS nom_discipline, m.score_equipe_1, m.score_equipe_2, tm.nom AS nom_type_match, m.terrain FROM match m JOIN equipe_tournoi et1 ON m.id_equipe_tournoi_1 = et1.id_equipe_tournoi JOIN equipe e1 ON et1.id_equipe = e1.id_equipe JOIN equipe_tournoi et2 ON m.id_equipe_tournoi_2 = et2.id_equipe_tournoi JOIN equipe e2 ON et2.id_equipe = e2.id_equipe JOIN discipline d ON m.id_discipline = d.id_discipline JOIN type_match tm ON m.id_type = tm.id_type_match WHERE et1.tournoi=2 AND m.debut_reel IS NULL AND m.fin_reel IS NULL and d.id_discipline=2 and (et1.id_equipe_tournoi = 38 or et2.id_equipe_tournoi = 38) order by m.debut_prevision asc')
 5 APPPATH\Controllers\MatchJController.php(155): CodeIgniter\Database\BaseConnection->query('SELECT m.id_match, et1.id_tournoi, e1.nom_equipe AS nom_equipe_1, e2.nom_equipe AS nom_equipe_2, m.date_, d.id_discipline, m.debut_prevision, m.debut_reel, m.fin_prevision, m.fin_reel, d.nom AS nom_discipline, m.score_equipe_1, m.score_equipe_2, tm.nom AS nom_type_match, m.terrain FROM match m JOIN equipe_tournoi et1 ON m.id_equipe_tournoi_1 = et1.id_equipe_tournoi JOIN equipe e1 ON et1.id_equipe = e1.id_equipe JOIN equipe_tournoi et2 ON m.id_equipe_tournoi_2 = et2.id_equipe_tournoi JOIN equipe e2 ON et2.id_equipe = e2.id_equipe JOIN discipline d ON m.id_discipline = d.id_discipline JOIN type_match tm ON m.id_type = tm.id_type_match WHERE et1.tournoi=2 AND m.debut_reel IS NULL AND m.fin_reel IS NULL and d.id_discipline=2 and (et1.id_equipe_tournoi = 38 or et2.id_equipe_tournoi = 38) order by m.debut_prevision asc')
 6 SYSTEMPATH\CodeIgniter.php(933): App\Controllers\MatchJController->get_matche_a_suivre_par_discipline_par_equipe('2', '38', '2')
 7 SYSTEMPATH\CodeIgniter.php(509): CodeIgniter\CodeIgniter->runController(Object(App\Controllers\MatchJController))
 8 SYSTEMPATH\CodeIgniter.php(355): CodeIgniter\CodeIgniter->handleRequest(null, Object(Config\Cache), false)
 9 SYSTEMPATH\Boot.php(312): CodeIgniter\CodeIgniter->run()
10 SYSTEMPATH\Boot.php(67): CodeIgniter\Boot::runCodeIgniter(Object(CodeIgniter\CodeIgniter))
11 FCPATH\index.php(62): CodeIgniter\Boot::bootWeb(Object(Config\Paths))
12 SYSTEMPATH\Commands\Server\rewrite.php(49): require_once('C:\\Users\\Mialisoa\\ASA\\interprom\\interprom-back\\public\\index.php')
WARNING - 2025-05-15 20:04:47 --> [DEPRECATED] Optional parameter $id_discipline declared before required parameter $id_tournoi is implicitly treated as a required parameter in APPPATH\Controllers\MatchJController.php on line 164.
 1 SYSTEMPATH\Autoloader\Autoloader.php(317): include_once('C:\\Users\\Mialisoa\\ASA\\interprom\\interprom-back\\system\\Debug\\Exceptions.php')
 2 SYSTEMPATH\Autoloader\Autoloader.php(296): CodeIgniter\Autoloader\Autoloader->includeFile('C:\\Users\\Mialisoa\\ASA\\interprom\\interprom-back\\app\\Controllers\\MatchJController.php')
 3 SYSTEMPATH\Autoloader\Autoloader.php(272): CodeIgniter\Autoloader\Autoloader->loadInNamespace('App\\Controllers\\MatchJController')
 4 [internal function]: CodeIgniter\Autoloader\Autoloader->loadClass('App\\Controllers\\MatchJController')
 5 SYSTEMPATH\CodeIgniter.php(887): class_exists('\\App\\Controllers\\MatchJController', true)
 6 SYSTEMPATH\CodeIgniter.php(496): CodeIgniter\CodeIgniter->startController()
 7 SYSTEMPATH\CodeIgniter.php(355): CodeIgniter\CodeIgniter->handleRequest(null, Object(Config\Cache), false)
 8 SYSTEMPATH\Boot.php(312): CodeIgniter\CodeIgniter->run()
 9 SYSTEMPATH\Boot.php(67): CodeIgniter\Boot::runCodeIgniter(Object(CodeIgniter\CodeIgniter))
10 FCPATH\index.php(62): CodeIgniter\Boot::bootWeb(Object(Config\Paths))
11 SYSTEMPATH\Commands\Server\rewrite.php(49): require_once('C:\\Users\\Mialisoa\\ASA\\interprom\\interprom-back\\public\\index.php')
ERROR - 2025-05-15 20:04:47 --> ErrorException: pg_query(): Query failed: ERREUR:  la colonne et1.tournoi n'existe pas
LINE 1: ...pe_match tm ON m.id_type = tm.id_type_match WHERE et1.tourno...
                                                             ^
HINT:  Peut-être que vous souhaitiez référencer la colonne « et1.id_tournoi ». in C:\Users\Mialisoa\ASA\interprom\interprom-back\system\Database\Postgre\Connection.php:192
Stack trace:
#0 [internal function]: CodeIgniter\Debug\Exceptions->errorHandler(2, 'pg_query(): Que...', 'C:\\Users\\Mialis...', 192)
#1 C:\Users\Mialisoa\ASA\interprom\interprom-back\system\Database\Postgre\Connection.php(192): pg_query(Object(PgSql\Connection), 'SELECT m.id_mat...')
#2 C:\Users\Mialisoa\ASA\interprom\interprom-back\system\Database\BaseConnection.php(721): CodeIgniter\Database\Postgre\Connection->execute('SELECT m.id_mat...')
#3 C:\Users\Mialisoa\ASA\interprom\interprom-back\system\Database\BaseConnection.php(635): CodeIgniter\Database\BaseConnection->simpleQuery('SELECT m.id_mat...')
#4 C:\Users\Mialisoa\ASA\interprom\interprom-back\app\Controllers\MatchJController.php(155): CodeIgniter\Database\BaseConnection->query('SELECT m.id_mat...')
#5 C:\Users\Mialisoa\ASA\interprom\interprom-back\system\CodeIgniter.php(933): App\Controllers\MatchJController->get_matche_a_suivre_par_discipline_par_equipe('2', '38', '2')
#6 C:\Users\Mialisoa\ASA\interprom\interprom-back\system\CodeIgniter.php(509): CodeIgniter\CodeIgniter->runController(Object(App\Controllers\MatchJController))
#7 C:\Users\Mialisoa\ASA\interprom\interprom-back\system\CodeIgniter.php(355): CodeIgniter\CodeIgniter->handleRequest(NULL, Object(Config\Cache), false)
#8 C:\Users\Mialisoa\ASA\interprom\interprom-back\system\Boot.php(312): CodeIgniter\CodeIgniter->run()
#9 C:\Users\Mialisoa\ASA\interprom\interprom-back\system\Boot.php(67): CodeIgniter\Boot::runCodeIgniter(Object(CodeIgniter\CodeIgniter))
#10 C:\Users\Mialisoa\ASA\interprom\interprom-back\public\index.php(62): CodeIgniter\Boot::bootWeb(Object(Config\Paths))
#11 C:\Users\Mialisoa\ASA\interprom\interprom-back\system\Commands\Server\rewrite.php(49): require_once('C:\\Users\\Mialis...')
#12 {main}
CRITICAL - 2025-05-15 20:04:47 --> CodeIgniter\Database\Exceptions\DatabaseException: pg_query(): Query failed: ERREUR:  la colonne et1.tournoi n'existe pas
LINE 1: ...pe_match tm ON m.id_type = tm.id_type_match WHERE et1.tourno...
                                                             ^
HINT:  Peut-être que vous souhaitiez référencer la colonne « et1.id_tournoi ».
[Method: GET, Route: api/match-a-suivre/discipline_2/38/tournoi_2]
in SYSTEMPATH\Database\BaseConnection.php on line 675.
 1 APPPATH\Controllers\MatchJController.php(155): CodeIgniter\Database\BaseConnection->query('SELECT m.id_match, et1.id_tournoi, e1.nom_equipe AS nom_equipe_1, e2.nom_equipe AS nom_equipe_2, m.date_, d.id_discipline, m.debut_prevision, m.debut_reel, m.fin_prevision, m.fin_reel, d.nom AS nom_discipline, m.score_equipe_1, m.score_equipe_2, tm.nom AS nom_type_match, m.terrain FROM match m JOIN equipe_tournoi et1 ON m.id_equipe_tournoi_1 = et1.id_equipe_tournoi JOIN equipe e1 ON et1.id_equipe = e1.id_equipe JOIN equipe_tournoi et2 ON m.id_equipe_tournoi_2 = et2.id_equipe_tournoi JOIN equipe e2 ON et2.id_equipe = e2.id_equipe JOIN discipline d ON m.id_discipline = d.id_discipline JOIN type_match tm ON m.id_type = tm.id_type_match WHERE et1.tournoi=2 AND m.debut_reel IS NULL AND m.fin_reel IS NULL and d.id_discipline=2 and (et1.id_equipe_tournoi = 38 or et2.id_equipe_tournoi = 38) order by m.debut_prevision asc')
 2 SYSTEMPATH\CodeIgniter.php(933): App\Controllers\MatchJController->get_matche_a_suivre_par_discipline_par_equipe('2', '38', '2')
 3 SYSTEMPATH\CodeIgniter.php(509): CodeIgniter\CodeIgniter->runController(Object(App\Controllers\MatchJController))
 4 SYSTEMPATH\CodeIgniter.php(355): CodeIgniter\CodeIgniter->handleRequest(null, Object(Config\Cache), false)
 5 SYSTEMPATH\Boot.php(312): CodeIgniter\CodeIgniter->run()
 6 SYSTEMPATH\Boot.php(67): CodeIgniter\Boot::runCodeIgniter(Object(CodeIgniter\CodeIgniter))
 7 FCPATH\index.php(62): CodeIgniter\Boot::bootWeb(Object(Config\Paths))
 8 SYSTEMPATH\Commands\Server\rewrite.php(49): require_once('C:\\Users\\Mialisoa\\ASA\\interprom\\interprom-back\\public\\index.php')
CRITICAL - 2025-05-15 20:04:47 --> [Caused by] CodeIgniter\Database\Exceptions\DatabaseException: pg_query(): Query failed: ERREUR:  la colonne et1.tournoi n'existe pas
LINE 1: ...pe_match tm ON m.id_type = tm.id_type_match WHERE et1.tourno...
                                                             ^
HINT:  Peut-être que vous souhaitiez référencer la colonne « et1.id_tournoi ».
in SYSTEMPATH\Database\Postgre\Connection.php on line 197.
 1 SYSTEMPATH\Database\BaseConnection.php(721): CodeIgniter\Database\Postgre\Connection->execute('SELECT m.id_match, et1.id_tournoi, e1.nom_equipe AS nom_equipe_1, e2.nom_equipe AS nom_equipe_2, m.date_, d.id_discipline, m.debut_prevision, m.debut_reel, m.fin_prevision, m.fin_reel, d.nom AS nom_discipline, m.score_equipe_1, m.score_equipe_2, tm.nom AS nom_type_match, m.terrain FROM match m JOIN equipe_tournoi et1 ON m.id_equipe_tournoi_1 = et1.id_equipe_tournoi JOIN equipe e1 ON et1.id_equipe = e1.id_equipe JOIN equipe_tournoi et2 ON m.id_equipe_tournoi_2 = et2.id_equipe_tournoi JOIN equipe e2 ON et2.id_equipe = e2.id_equipe JOIN discipline d ON m.id_discipline = d.id_discipline JOIN type_match tm ON m.id_type = tm.id_type_match WHERE et1.tournoi=2 AND m.debut_reel IS NULL AND m.fin_reel IS NULL and d.id_discipline=2 and (et1.id_equipe_tournoi = 38 or et2.id_equipe_tournoi = 38) order by m.debut_prevision asc')
 2 SYSTEMPATH\Database\BaseConnection.php(635): CodeIgniter\Database\BaseConnection->simpleQuery('SELECT m.id_match, et1.id_tournoi, e1.nom_equipe AS nom_equipe_1, e2.nom_equipe AS nom_equipe_2, m.date_, d.id_discipline, m.debut_prevision, m.debut_reel, m.fin_prevision, m.fin_reel, d.nom AS nom_discipline, m.score_equipe_1, m.score_equipe_2, tm.nom AS nom_type_match, m.terrain FROM match m JOIN equipe_tournoi et1 ON m.id_equipe_tournoi_1 = et1.id_equipe_tournoi JOIN equipe e1 ON et1.id_equipe = e1.id_equipe JOIN equipe_tournoi et2 ON m.id_equipe_tournoi_2 = et2.id_equipe_tournoi JOIN equipe e2 ON et2.id_equipe = e2.id_equipe JOIN discipline d ON m.id_discipline = d.id_discipline JOIN type_match tm ON m.id_type = tm.id_type_match WHERE et1.tournoi=2 AND m.debut_reel IS NULL AND m.fin_reel IS NULL and d.id_discipline=2 and (et1.id_equipe_tournoi = 38 or et2.id_equipe_tournoi = 38) order by m.debut_prevision asc')
 3 APPPATH\Controllers\MatchJController.php(155): CodeIgniter\Database\BaseConnection->query('SELECT m.id_match, et1.id_tournoi, e1.nom_equipe AS nom_equipe_1, e2.nom_equipe AS nom_equipe_2, m.date_, d.id_discipline, m.debut_prevision, m.debut_reel, m.fin_prevision, m.fin_reel, d.nom AS nom_discipline, m.score_equipe_1, m.score_equipe_2, tm.nom AS nom_type_match, m.terrain FROM match m JOIN equipe_tournoi et1 ON m.id_equipe_tournoi_1 = et1.id_equipe_tournoi JOIN equipe e1 ON et1.id_equipe = e1.id_equipe JOIN equipe_tournoi et2 ON m.id_equipe_tournoi_2 = et2.id_equipe_tournoi JOIN equipe e2 ON et2.id_equipe = e2.id_equipe JOIN discipline d ON m.id_discipline = d.id_discipline JOIN type_match tm ON m.id_type = tm.id_type_match WHERE et1.tournoi=2 AND m.debut_reel IS NULL AND m.fin_reel IS NULL and d.id_discipline=2 and (et1.id_equipe_tournoi = 38 or et2.id_equipe_tournoi = 38) order by m.debut_prevision asc')
 4 SYSTEMPATH\CodeIgniter.php(933): App\Controllers\MatchJController->get_matche_a_suivre_par_discipline_par_equipe('2', '38', '2')
 5 SYSTEMPATH\CodeIgniter.php(509): CodeIgniter\CodeIgniter->runController(Object(App\Controllers\MatchJController))
 6 SYSTEMPATH\CodeIgniter.php(355): CodeIgniter\CodeIgniter->handleRequest(null, Object(Config\Cache), false)
 7 SYSTEMPATH\Boot.php(312): CodeIgniter\CodeIgniter->run()
 8 SYSTEMPATH\Boot.php(67): CodeIgniter\Boot::runCodeIgniter(Object(CodeIgniter\CodeIgniter))
 9 FCPATH\index.php(62): CodeIgniter\Boot::bootWeb(Object(Config\Paths))
10 SYSTEMPATH\Commands\Server\rewrite.php(49): require_once('C:\\Users\\Mialisoa\\ASA\\interprom\\interprom-back\\public\\index.php')
CRITICAL - 2025-05-15 20:04:47 --> [Caused by] ErrorException: pg_query(): Query failed: ERREUR:  la colonne et1.tournoi n'existe pas
LINE 1: ...pe_match tm ON m.id_type = tm.id_type_match WHERE et1.tourno...
                                                             ^
HINT:  Peut-être que vous souhaitiez référencer la colonne « et1.id_tournoi ».
in SYSTEMPATH\Database\Postgre\Connection.php on line 192.
 1 [internal function]: CodeIgniter\Debug\Exceptions->errorHandler(2, 'pg_query(): Query failed: ERREUR:  la colonne et1.tournoi n\'existe pas
LINE 1: ...pe_match tm ON m.id_type = tm.id_type_match WHERE et1.tourno...
                                                             ^
HINT:  Peut-être que vous souhaitiez référencer la colonne « et1.id_tournoi ».', 'C:\\Users\\Mialisoa\\ASA\\interprom\\interprom-back\\system\\Database\\Postgre\\Connection.php', 192)
 2 SYSTEMPATH\Database\Postgre\Connection.php(192): pg_query(Object(PgSql\Connection), 'SELECT m.id_match, et1.id_tournoi, e1.nom_equipe AS nom_equipe_1, e2.nom_equipe AS nom_equipe_2, m.date_, d.id_discipline, m.debut_prevision, m.debut_reel, m.fin_prevision, m.fin_reel, d.nom AS nom_discipline, m.score_equipe_1, m.score_equipe_2, tm.nom AS nom_type_match, m.terrain FROM match m JOIN equipe_tournoi et1 ON m.id_equipe_tournoi_1 = et1.id_equipe_tournoi JOIN equipe e1 ON et1.id_equipe = e1.id_equipe JOIN equipe_tournoi et2 ON m.id_equipe_tournoi_2 = et2.id_equipe_tournoi JOIN equipe e2 ON et2.id_equipe = e2.id_equipe JOIN discipline d ON m.id_discipline = d.id_discipline JOIN type_match tm ON m.id_type = tm.id_type_match WHERE et1.tournoi=2 AND m.debut_reel IS NULL AND m.fin_reel IS NULL and d.id_discipline=2 and (et1.id_equipe_tournoi = 38 or et2.id_equipe_tournoi = 38) order by m.debut_prevision asc')
 3 SYSTEMPATH\Database\BaseConnection.php(721): CodeIgniter\Database\Postgre\Connection->execute('SELECT m.id_match, et1.id_tournoi, e1.nom_equipe AS nom_equipe_1, e2.nom_equipe AS nom_equipe_2, m.date_, d.id_discipline, m.debut_prevision, m.debut_reel, m.fin_prevision, m.fin_reel, d.nom AS nom_discipline, m.score_equipe_1, m.score_equipe_2, tm.nom AS nom_type_match, m.terrain FROM match m JOIN equipe_tournoi et1 ON m.id_equipe_tournoi_1 = et1.id_equipe_tournoi JOIN equipe e1 ON et1.id_equipe = e1.id_equipe JOIN equipe_tournoi et2 ON m.id_equipe_tournoi_2 = et2.id_equipe_tournoi JOIN equipe e2 ON et2.id_equipe = e2.id_equipe JOIN discipline d ON m.id_discipline = d.id_discipline JOIN type_match tm ON m.id_type = tm.id_type_match WHERE et1.tournoi=2 AND m.debut_reel IS NULL AND m.fin_reel IS NULL and d.id_discipline=2 and (et1.id_equipe_tournoi = 38 or et2.id_equipe_tournoi = 38) order by m.debut_prevision asc')
 4 SYSTEMPATH\Database\BaseConnection.php(635): CodeIgniter\Database\BaseConnection->simpleQuery('SELECT m.id_match, et1.id_tournoi, e1.nom_equipe AS nom_equipe_1, e2.nom_equipe AS nom_equipe_2, m.date_, d.id_discipline, m.debut_prevision, m.debut_reel, m.fin_prevision, m.fin_reel, d.nom AS nom_discipline, m.score_equipe_1, m.score_equipe_2, tm.nom AS nom_type_match, m.terrain FROM match m JOIN equipe_tournoi et1 ON m.id_equipe_tournoi_1 = et1.id_equipe_tournoi JOIN equipe e1 ON et1.id_equipe = e1.id_equipe JOIN equipe_tournoi et2 ON m.id_equipe_tournoi_2 = et2.id_equipe_tournoi JOIN equipe e2 ON et2.id_equipe = e2.id_equipe JOIN discipline d ON m.id_discipline = d.id_discipline JOIN type_match tm ON m.id_type = tm.id_type_match WHERE et1.tournoi=2 AND m.debut_reel IS NULL AND m.fin_reel IS NULL and d.id_discipline=2 and (et1.id_equipe_tournoi = 38 or et2.id_equipe_tournoi = 38) order by m.debut_prevision asc')
 5 APPPATH\Controllers\MatchJController.php(155): CodeIgniter\Database\BaseConnection->query('SELECT m.id_match, et1.id_tournoi, e1.nom_equipe AS nom_equipe_1, e2.nom_equipe AS nom_equipe_2, m.date_, d.id_discipline, m.debut_prevision, m.debut_reel, m.fin_prevision, m.fin_reel, d.nom AS nom_discipline, m.score_equipe_1, m.score_equipe_2, tm.nom AS nom_type_match, m.terrain FROM match m JOIN equipe_tournoi et1 ON m.id_equipe_tournoi_1 = et1.id_equipe_tournoi JOIN equipe e1 ON et1.id_equipe = e1.id_equipe JOIN equipe_tournoi et2 ON m.id_equipe_tournoi_2 = et2.id_equipe_tournoi JOIN equipe e2 ON et2.id_equipe = e2.id_equipe JOIN discipline d ON m.id_discipline = d.id_discipline JOIN type_match tm ON m.id_type = tm.id_type_match WHERE et1.tournoi=2 AND m.debut_reel IS NULL AND m.fin_reel IS NULL and d.id_discipline=2 and (et1.id_equipe_tournoi = 38 or et2.id_equipe_tournoi = 38) order by m.debut_prevision asc')
 6 SYSTEMPATH\CodeIgniter.php(933): App\Controllers\MatchJController->get_matche_a_suivre_par_discipline_par_equipe('2', '38', '2')
 7 SYSTEMPATH\CodeIgniter.php(509): CodeIgniter\CodeIgniter->runController(Object(App\Controllers\MatchJController))
 8 SYSTEMPATH\CodeIgniter.php(355): CodeIgniter\CodeIgniter->handleRequest(null, Object(Config\Cache), false)
 9 SYSTEMPATH\Boot.php(312): CodeIgniter\CodeIgniter->run()
10 SYSTEMPATH\Boot.php(67): CodeIgniter\Boot::runCodeIgniter(Object(CodeIgniter\CodeIgniter))
11 FCPATH\index.php(62): CodeIgniter\Boot::bootWeb(Object(Config\Paths))
12 SYSTEMPATH\Commands\Server\rewrite.php(49): require_once('C:\\Users\\Mialisoa\\ASA\\interprom\\interprom-back\\public\\index.php')
WARNING - 2025-05-15 20:04:51 --> [DEPRECATED] Optional parameter $id_discipline declared before required parameter $id_tournoi is implicitly treated as a required parameter in APPPATH\Controllers\MatchJController.php on line 164.
 1 SYSTEMPATH\Autoloader\Autoloader.php(317): include_once('C:\\Users\\Mialisoa\\ASA\\interprom\\interprom-back\\system\\Debug\\Exceptions.php')
 2 SYSTEMPATH\Autoloader\Autoloader.php(296): CodeIgniter\Autoloader\Autoloader->includeFile('C:\\Users\\Mialisoa\\ASA\\interprom\\interprom-back\\app\\Controllers\\MatchJController.php')
 3 SYSTEMPATH\Autoloader\Autoloader.php(272): CodeIgniter\Autoloader\Autoloader->loadInNamespace('App\\Controllers\\MatchJController')
 4 [internal function]: CodeIgniter\Autoloader\Autoloader->loadClass('App\\Controllers\\MatchJController')
 5 SYSTEMPATH\CodeIgniter.php(887): class_exists('\\App\\Controllers\\MatchJController', true)
 6 SYSTEMPATH\CodeIgniter.php(496): CodeIgniter\CodeIgniter->startController()
 7 SYSTEMPATH\CodeIgniter.php(355): CodeIgniter\CodeIgniter->handleRequest(null, Object(Config\Cache), false)
 8 SYSTEMPATH\Boot.php(312): CodeIgniter\CodeIgniter->run()
 9 SYSTEMPATH\Boot.php(67): CodeIgniter\Boot::runCodeIgniter(Object(CodeIgniter\CodeIgniter))
10 FCPATH\index.php(62): CodeIgniter\Boot::bootWeb(Object(Config\Paths))
11 SYSTEMPATH\Commands\Server\rewrite.php(49): require_once('C:\\Users\\Mialisoa\\ASA\\interprom\\interprom-back\\public\\index.php')
ERROR - 2025-05-15 20:04:51 --> ErrorException: pg_query(): Query failed: ERREUR:  la colonne et1.tournoi n'existe pas
LINE 1: ...pe_match tm ON m.id_type = tm.id_type_match WHERE et1.tourno...
                                                             ^
HINT:  Peut-être que vous souhaitiez référencer la colonne « et1.id_tournoi ». in C:\Users\Mialisoa\ASA\interprom\interprom-back\system\Database\Postgre\Connection.php:192
Stack trace:
#0 [internal function]: CodeIgniter\Debug\Exceptions->errorHandler(2, 'pg_query(): Que...', 'C:\\Users\\Mialis...', 192)
#1 C:\Users\Mialisoa\ASA\interprom\interprom-back\system\Database\Postgre\Connection.php(192): pg_query(Object(PgSql\Connection), 'SELECT m.id_mat...')
#2 C:\Users\Mialisoa\ASA\interprom\interprom-back\system\Database\BaseConnection.php(721): CodeIgniter\Database\Postgre\Connection->execute('SELECT m.id_mat...')
#3 C:\Users\Mialisoa\ASA\interprom\interprom-back\system\Database\BaseConnection.php(635): CodeIgniter\Database\BaseConnection->simpleQuery('SELECT m.id_mat...')
#4 C:\Users\Mialisoa\ASA\interprom\interprom-back\app\Controllers\MatchJController.php(155): CodeIgniter\Database\BaseConnection->query('SELECT m.id_mat...')
#5 C:\Users\Mialisoa\ASA\interprom\interprom-back\system\CodeIgniter.php(933): App\Controllers\MatchJController->get_matche_a_suivre_par_discipline_par_equipe('2', '38', '2')
#6 C:\Users\Mialisoa\ASA\interprom\interprom-back\system\CodeIgniter.php(509): CodeIgniter\CodeIgniter->runController(Object(App\Controllers\MatchJController))
#7 C:\Users\Mialisoa\ASA\interprom\interprom-back\system\CodeIgniter.php(355): CodeIgniter\CodeIgniter->handleRequest(NULL, Object(Config\Cache), false)
#8 C:\Users\Mialisoa\ASA\interprom\interprom-back\system\Boot.php(312): CodeIgniter\CodeIgniter->run()
#9 C:\Users\Mialisoa\ASA\interprom\interprom-back\system\Boot.php(67): CodeIgniter\Boot::runCodeIgniter(Object(CodeIgniter\CodeIgniter))
#10 C:\Users\Mialisoa\ASA\interprom\interprom-back\public\index.php(62): CodeIgniter\Boot::bootWeb(Object(Config\Paths))
#11 C:\Users\Mialisoa\ASA\interprom\interprom-back\system\Commands\Server\rewrite.php(49): require_once('C:\\Users\\Mialis...')
#12 {main}
CRITICAL - 2025-05-15 20:04:51 --> CodeIgniter\Database\Exceptions\DatabaseException: pg_query(): Query failed: ERREUR:  la colonne et1.tournoi n'existe pas
LINE 1: ...pe_match tm ON m.id_type = tm.id_type_match WHERE et1.tourno...
                                                             ^
HINT:  Peut-être que vous souhaitiez référencer la colonne « et1.id_tournoi ».
[Method: GET, Route: api/match-a-suivre/discipline_2/38/tournoi_2]
in SYSTEMPATH\Database\BaseConnection.php on line 675.
 1 APPPATH\Controllers\MatchJController.php(155): CodeIgniter\Database\BaseConnection->query('SELECT m.id_match, et1.id_tournoi, e1.nom_equipe AS nom_equipe_1, e2.nom_equipe AS nom_equipe_2, m.date_, d.id_discipline, m.debut_prevision, m.debut_reel, m.fin_prevision, m.fin_reel, d.nom AS nom_discipline, m.score_equipe_1, m.score_equipe_2, tm.nom AS nom_type_match, m.terrain FROM match m JOIN equipe_tournoi et1 ON m.id_equipe_tournoi_1 = et1.id_equipe_tournoi JOIN equipe e1 ON et1.id_equipe = e1.id_equipe JOIN equipe_tournoi et2 ON m.id_equipe_tournoi_2 = et2.id_equipe_tournoi JOIN equipe e2 ON et2.id_equipe = e2.id_equipe JOIN discipline d ON m.id_discipline = d.id_discipline JOIN type_match tm ON m.id_type = tm.id_type_match WHERE et1.tournoi=2 AND m.debut_reel IS NULL AND m.fin_reel IS NULL and d.id_discipline=2 and (et1.id_equipe_tournoi = 38 or et2.id_equipe_tournoi = 38) order by m.debut_prevision asc')
 2 SYSTEMPATH\CodeIgniter.php(933): App\Controllers\MatchJController->get_matche_a_suivre_par_discipline_par_equipe('2', '38', '2')
 3 SYSTEMPATH\CodeIgniter.php(509): CodeIgniter\CodeIgniter->runController(Object(App\Controllers\MatchJController))
 4 SYSTEMPATH\CodeIgniter.php(355): CodeIgniter\CodeIgniter->handleRequest(null, Object(Config\Cache), false)
 5 SYSTEMPATH\Boot.php(312): CodeIgniter\CodeIgniter->run()
 6 SYSTEMPATH\Boot.php(67): CodeIgniter\Boot::runCodeIgniter(Object(CodeIgniter\CodeIgniter))
 7 FCPATH\index.php(62): CodeIgniter\Boot::bootWeb(Object(Config\Paths))
 8 SYSTEMPATH\Commands\Server\rewrite.php(49): require_once('C:\\Users\\Mialisoa\\ASA\\interprom\\interprom-back\\public\\index.php')
CRITICAL - 2025-05-15 20:04:51 --> [Caused by] CodeIgniter\Database\Exceptions\DatabaseException: pg_query(): Query failed: ERREUR:  la colonne et1.tournoi n'existe pas
LINE 1: ...pe_match tm ON m.id_type = tm.id_type_match WHERE et1.tourno...
                                                             ^
HINT:  Peut-être que vous souhaitiez référencer la colonne « et1.id_tournoi ».
in SYSTEMPATH\Database\Postgre\Connection.php on line 197.
 1 SYSTEMPATH\Database\BaseConnection.php(721): CodeIgniter\Database\Postgre\Connection->execute('SELECT m.id_match, et1.id_tournoi, e1.nom_equipe AS nom_equipe_1, e2.nom_equipe AS nom_equipe_2, m.date_, d.id_discipline, m.debut_prevision, m.debut_reel, m.fin_prevision, m.fin_reel, d.nom AS nom_discipline, m.score_equipe_1, m.score_equipe_2, tm.nom AS nom_type_match, m.terrain FROM match m JOIN equipe_tournoi et1 ON m.id_equipe_tournoi_1 = et1.id_equipe_tournoi JOIN equipe e1 ON et1.id_equipe = e1.id_equipe JOIN equipe_tournoi et2 ON m.id_equipe_tournoi_2 = et2.id_equipe_tournoi JOIN equipe e2 ON et2.id_equipe = e2.id_equipe JOIN discipline d ON m.id_discipline = d.id_discipline JOIN type_match tm ON m.id_type = tm.id_type_match WHERE et1.tournoi=2 AND m.debut_reel IS NULL AND m.fin_reel IS NULL and d.id_discipline=2 and (et1.id_equipe_tournoi = 38 or et2.id_equipe_tournoi = 38) order by m.debut_prevision asc')
 2 SYSTEMPATH\Database\BaseConnection.php(635): CodeIgniter\Database\BaseConnection->simpleQuery('SELECT m.id_match, et1.id_tournoi, e1.nom_equipe AS nom_equipe_1, e2.nom_equipe AS nom_equipe_2, m.date_, d.id_discipline, m.debut_prevision, m.debut_reel, m.fin_prevision, m.fin_reel, d.nom AS nom_discipline, m.score_equipe_1, m.score_equipe_2, tm.nom AS nom_type_match, m.terrain FROM match m JOIN equipe_tournoi et1 ON m.id_equipe_tournoi_1 = et1.id_equipe_tournoi JOIN equipe e1 ON et1.id_equipe = e1.id_equipe JOIN equipe_tournoi et2 ON m.id_equipe_tournoi_2 = et2.id_equipe_tournoi JOIN equipe e2 ON et2.id_equipe = e2.id_equipe JOIN discipline d ON m.id_discipline = d.id_discipline JOIN type_match tm ON m.id_type = tm.id_type_match WHERE et1.tournoi=2 AND m.debut_reel IS NULL AND m.fin_reel IS NULL and d.id_discipline=2 and (et1.id_equipe_tournoi = 38 or et2.id_equipe_tournoi = 38) order by m.debut_prevision asc')
 3 APPPATH\Controllers\MatchJController.php(155): CodeIgniter\Database\BaseConnection->query('SELECT m.id_match, et1.id_tournoi, e1.nom_equipe AS nom_equipe_1, e2.nom_equipe AS nom_equipe_2, m.date_, d.id_discipline, m.debut_prevision, m.debut_reel, m.fin_prevision, m.fin_reel, d.nom AS nom_discipline, m.score_equipe_1, m.score_equipe_2, tm.nom AS nom_type_match, m.terrain FROM match m JOIN equipe_tournoi et1 ON m.id_equipe_tournoi_1 = et1.id_equipe_tournoi JOIN equipe e1 ON et1.id_equipe = e1.id_equipe JOIN equipe_tournoi et2 ON m.id_equipe_tournoi_2 = et2.id_equipe_tournoi JOIN equipe e2 ON et2.id_equipe = e2.id_equipe JOIN discipline d ON m.id_discipline = d.id_discipline JOIN type_match tm ON m.id_type = tm.id_type_match WHERE et1.tournoi=2 AND m.debut_reel IS NULL AND m.fin_reel IS NULL and d.id_discipline=2 and (et1.id_equipe_tournoi = 38 or et2.id_equipe_tournoi = 38) order by m.debut_prevision asc')
 4 SYSTEMPATH\CodeIgniter.php(933): App\Controllers\MatchJController->get_matche_a_suivre_par_discipline_par_equipe('2', '38', '2')
 5 SYSTEMPATH\CodeIgniter.php(509): CodeIgniter\CodeIgniter->runController(Object(App\Controllers\MatchJController))
 6 SYSTEMPATH\CodeIgniter.php(355): CodeIgniter\CodeIgniter->handleRequest(null, Object(Config\Cache), false)
 7 SYSTEMPATH\Boot.php(312): CodeIgniter\CodeIgniter->run()
 8 SYSTEMPATH\Boot.php(67): CodeIgniter\Boot::runCodeIgniter(Object(CodeIgniter\CodeIgniter))
 9 FCPATH\index.php(62): CodeIgniter\Boot::bootWeb(Object(Config\Paths))
10 SYSTEMPATH\Commands\Server\rewrite.php(49): require_once('C:\\Users\\Mialisoa\\ASA\\interprom\\interprom-back\\public\\index.php')
CRITICAL - 2025-05-15 20:04:51 --> [Caused by] ErrorException: pg_query(): Query failed: ERREUR:  la colonne et1.tournoi n'existe pas
LINE 1: ...pe_match tm ON m.id_type = tm.id_type_match WHERE et1.tourno...
                                                             ^
HINT:  Peut-être que vous souhaitiez référencer la colonne « et1.id_tournoi ».
in SYSTEMPATH\Database\Postgre\Connection.php on line 192.
 1 [internal function]: CodeIgniter\Debug\Exceptions->errorHandler(2, 'pg_query(): Query failed: ERREUR:  la colonne et1.tournoi n\'existe pas
LINE 1: ...pe_match tm ON m.id_type = tm.id_type_match WHERE et1.tourno...
                                                             ^
HINT:  Peut-être que vous souhaitiez référencer la colonne « et1.id_tournoi ».', 'C:\\Users\\Mialisoa\\ASA\\interprom\\interprom-back\\system\\Database\\Postgre\\Connection.php', 192)
 2 SYSTEMPATH\Database\Postgre\Connection.php(192): pg_query(Object(PgSql\Connection), 'SELECT m.id_match, et1.id_tournoi, e1.nom_equipe AS nom_equipe_1, e2.nom_equipe AS nom_equipe_2, m.date_, d.id_discipline, m.debut_prevision, m.debut_reel, m.fin_prevision, m.fin_reel, d.nom AS nom_discipline, m.score_equipe_1, m.score_equipe_2, tm.nom AS nom_type_match, m.terrain FROM match m JOIN equipe_tournoi et1 ON m.id_equipe_tournoi_1 = et1.id_equipe_tournoi JOIN equipe e1 ON et1.id_equipe = e1.id_equipe JOIN equipe_tournoi et2 ON m.id_equipe_tournoi_2 = et2.id_equipe_tournoi JOIN equipe e2 ON et2.id_equipe = e2.id_equipe JOIN discipline d ON m.id_discipline = d.id_discipline JOIN type_match tm ON m.id_type = tm.id_type_match WHERE et1.tournoi=2 AND m.debut_reel IS NULL AND m.fin_reel IS NULL and d.id_discipline=2 and (et1.id_equipe_tournoi = 38 or et2.id_equipe_tournoi = 38) order by m.debut_prevision asc')
 3 SYSTEMPATH\Database\BaseConnection.php(721): CodeIgniter\Database\Postgre\Connection->execute('SELECT m.id_match, et1.id_tournoi, e1.nom_equipe AS nom_equipe_1, e2.nom_equipe AS nom_equipe_2, m.date_, d.id_discipline, m.debut_prevision, m.debut_reel, m.fin_prevision, m.fin_reel, d.nom AS nom_discipline, m.score_equipe_1, m.score_equipe_2, tm.nom AS nom_type_match, m.terrain FROM match m JOIN equipe_tournoi et1 ON m.id_equipe_tournoi_1 = et1.id_equipe_tournoi JOIN equipe e1 ON et1.id_equipe = e1.id_equipe JOIN equipe_tournoi et2 ON m.id_equipe_tournoi_2 = et2.id_equipe_tournoi JOIN equipe e2 ON et2.id_equipe = e2.id_equipe JOIN discipline d ON m.id_discipline = d.id_discipline JOIN type_match tm ON m.id_type = tm.id_type_match WHERE et1.tournoi=2 AND m.debut_reel IS NULL AND m.fin_reel IS NULL and d.id_discipline=2 and (et1.id_equipe_tournoi = 38 or et2.id_equipe_tournoi = 38) order by m.debut_prevision asc')
 4 SYSTEMPATH\Database\BaseConnection.php(635): CodeIgniter\Database\BaseConnection->simpleQuery('SELECT m.id_match, et1.id_tournoi, e1.nom_equipe AS nom_equipe_1, e2.nom_equipe AS nom_equipe_2, m.date_, d.id_discipline, m.debut_prevision, m.debut_reel, m.fin_prevision, m.fin_reel, d.nom AS nom_discipline, m.score_equipe_1, m.score_equipe_2, tm.nom AS nom_type_match, m.terrain FROM match m JOIN equipe_tournoi et1 ON m.id_equipe_tournoi_1 = et1.id_equipe_tournoi JOIN equipe e1 ON et1.id_equipe = e1.id_equipe JOIN equipe_tournoi et2 ON m.id_equipe_tournoi_2 = et2.id_equipe_tournoi JOIN equipe e2 ON et2.id_equipe = e2.id_equipe JOIN discipline d ON m.id_discipline = d.id_discipline JOIN type_match tm ON m.id_type = tm.id_type_match WHERE et1.tournoi=2 AND m.debut_reel IS NULL AND m.fin_reel IS NULL and d.id_discipline=2 and (et1.id_equipe_tournoi = 38 or et2.id_equipe_tournoi = 38) order by m.debut_prevision asc')
 5 APPPATH\Controllers\MatchJController.php(155): CodeIgniter\Database\BaseConnection->query('SELECT m.id_match, et1.id_tournoi, e1.nom_equipe AS nom_equipe_1, e2.nom_equipe AS nom_equipe_2, m.date_, d.id_discipline, m.debut_prevision, m.debut_reel, m.fin_prevision, m.fin_reel, d.nom AS nom_discipline, m.score_equipe_1, m.score_equipe_2, tm.nom AS nom_type_match, m.terrain FROM match m JOIN equipe_tournoi et1 ON m.id_equipe_tournoi_1 = et1.id_equipe_tournoi JOIN equipe e1 ON et1.id_equipe = e1.id_equipe JOIN equipe_tournoi et2 ON m.id_equipe_tournoi_2 = et2.id_equipe_tournoi JOIN equipe e2 ON et2.id_equipe = e2.id_equipe JOIN discipline d ON m.id_discipline = d.id_discipline JOIN type_match tm ON m.id_type = tm.id_type_match WHERE et1.tournoi=2 AND m.debut_reel IS NULL AND m.fin_reel IS NULL and d.id_discipline=2 and (et1.id_equipe_tournoi = 38 or et2.id_equipe_tournoi = 38) order by m.debut_prevision asc')
 6 SYSTEMPATH\CodeIgniter.php(933): App\Controllers\MatchJController->get_matche_a_suivre_par_discipline_par_equipe('2', '38', '2')
 7 SYSTEMPATH\CodeIgniter.php(509): CodeIgniter\CodeIgniter->runController(Object(App\Controllers\MatchJController))
 8 SYSTEMPATH\CodeIgniter.php(355): CodeIgniter\CodeIgniter->handleRequest(null, Object(Config\Cache), false)
 9 SYSTEMPATH\Boot.php(312): CodeIgniter\CodeIgniter->run()
10 SYSTEMPATH\Boot.php(67): CodeIgniter\Boot::runCodeIgniter(Object(CodeIgniter\CodeIgniter))
11 FCPATH\index.php(62): CodeIgniter\Boot::bootWeb(Object(Config\Paths))
12 SYSTEMPATH\Commands\Server\rewrite.php(49): require_once('C:\\Users\\Mialisoa\\ASA\\interprom\\interprom-back\\public\\index.php')
WARNING - 2025-05-15 20:05:35 --> [DEPRECATED] Optional parameter $id_discipline declared before required parameter $id_tournoi is implicitly treated as a required parameter in APPPATH\Controllers\MatchJController.php on line 164.
 1 SYSTEMPATH\Autoloader\Autoloader.php(317): include_once('C:\\Users\\Mialisoa\\ASA\\interprom\\interprom-back\\system\\Debug\\Exceptions.php')
 2 SYSTEMPATH\Autoloader\Autoloader.php(296): CodeIgniter\Autoloader\Autoloader->includeFile('C:\\Users\\Mialisoa\\ASA\\interprom\\interprom-back\\app\\Controllers\\MatchJController.php')
 3 SYSTEMPATH\Autoloader\Autoloader.php(272): CodeIgniter\Autoloader\Autoloader->loadInNamespace('App\\Controllers\\MatchJController')
 4 [internal function]: CodeIgniter\Autoloader\Autoloader->loadClass('App\\Controllers\\MatchJController')
 5 SYSTEMPATH\CodeIgniter.php(887): class_exists('\\App\\Controllers\\MatchJController', true)
 6 SYSTEMPATH\CodeIgniter.php(496): CodeIgniter\CodeIgniter->startController()
 7 SYSTEMPATH\CodeIgniter.php(355): CodeIgniter\CodeIgniter->handleRequest(null, Object(Config\Cache), false)
 8 SYSTEMPATH\Boot.php(312): CodeIgniter\CodeIgniter->run()
 9 SYSTEMPATH\Boot.php(67): CodeIgniter\Boot::runCodeIgniter(Object(CodeIgniter\CodeIgniter))
10 FCPATH\index.php(62): CodeIgniter\Boot::bootWeb(Object(Config\Paths))
11 SYSTEMPATH\Commands\Server\rewrite.php(49): require_once('C:\\Users\\Mialisoa\\ASA\\interprom\\interprom-back\\public\\index.php')
WARNING - 2025-05-15 20:05:35 --> [DEPRECATED] Optional parameter $id_discipline declared before required parameter $id_tournoi is implicitly treated as a required parameter in APPPATH\Controllers\MatchJController.php on line 164.
 1 SYSTEMPATH\Autoloader\Autoloader.php(317): include_once('C:\\Users\\Mialisoa\\ASA\\interprom\\interprom-back\\system\\Debug\\Exceptions.php')
 2 SYSTEMPATH\Autoloader\Autoloader.php(296): CodeIgniter\Autoloader\Autoloader->includeFile('C:\\Users\\Mialisoa\\ASA\\interprom\\interprom-back\\app\\Controllers\\MatchJController.php')
 3 SYSTEMPATH\Autoloader\Autoloader.php(272): CodeIgniter\Autoloader\Autoloader->loadInNamespace('App\\Controllers\\MatchJController')
 4 [internal function]: CodeIgniter\Autoloader\Autoloader->loadClass('App\\Controllers\\MatchJController')
 5 SYSTEMPATH\CodeIgniter.php(887): class_exists('\\App\\Controllers\\MatchJController', true)
 6 SYSTEMPATH\CodeIgniter.php(496): CodeIgniter\CodeIgniter->startController()
 7 SYSTEMPATH\CodeIgniter.php(355): CodeIgniter\CodeIgniter->handleRequest(null, Object(Config\Cache), false)
 8 SYSTEMPATH\Boot.php(312): CodeIgniter\CodeIgniter->run()
 9 SYSTEMPATH\Boot.php(67): CodeIgniter\Boot::runCodeIgniter(Object(CodeIgniter\CodeIgniter))
10 FCPATH\index.php(62): CodeIgniter\Boot::bootWeb(Object(Config\Paths))
11 SYSTEMPATH\Commands\Server\rewrite.php(49): require_once('C:\\Users\\Mialisoa\\ASA\\interprom\\interprom-back\\public\\index.php')
WARNING - 2025-05-15 20:05:39 --> [DEPRECATED] Optional parameter $id_discipline declared before required parameter $id_tournoi is implicitly treated as a required parameter in APPPATH\Controllers\MatchJController.php on line 164.
 1 SYSTEMPATH\Autoloader\Autoloader.php(317): include_once('C:\\Users\\Mialisoa\\ASA\\interprom\\interprom-back\\system\\Debug\\Exceptions.php')
 2 SYSTEMPATH\Autoloader\Autoloader.php(296): CodeIgniter\Autoloader\Autoloader->includeFile('C:\\Users\\Mialisoa\\ASA\\interprom\\interprom-back\\app\\Controllers\\MatchJController.php')
 3 SYSTEMPATH\Autoloader\Autoloader.php(272): CodeIgniter\Autoloader\Autoloader->loadInNamespace('App\\Controllers\\MatchJController')
 4 [internal function]: CodeIgniter\Autoloader\Autoloader->loadClass('App\\Controllers\\MatchJController')
 5 SYSTEMPATH\CodeIgniter.php(887): class_exists('\\App\\Controllers\\MatchJController', true)
 6 SYSTEMPATH\CodeIgniter.php(496): CodeIgniter\CodeIgniter->startController()
 7 SYSTEMPATH\CodeIgniter.php(355): CodeIgniter\CodeIgniter->handleRequest(null, Object(Config\Cache), false)
 8 SYSTEMPATH\Boot.php(312): CodeIgniter\CodeIgniter->run()
 9 SYSTEMPATH\Boot.php(67): CodeIgniter\Boot::runCodeIgniter(Object(CodeIgniter\CodeIgniter))
10 FCPATH\index.php(62): CodeIgniter\Boot::bootWeb(Object(Config\Paths))
11 SYSTEMPATH\Commands\Server\rewrite.php(49): require_once('C:\\Users\\Mialisoa\\ASA\\interprom\\interprom-back\\public\\index.php')
WARNING - 2025-05-15 20:05:39 --> [DEPRECATED] Optional parameter $id_discipline declared before required parameter $id_tournoi is implicitly treated as a required parameter in APPPATH\Controllers\MatchJController.php on line 164.
 1 SYSTEMPATH\Autoloader\Autoloader.php(317): include_once('C:\\Users\\Mialisoa\\ASA\\interprom\\interprom-back\\system\\Debug\\Exceptions.php')
 2 SYSTEMPATH\Autoloader\Autoloader.php(296): CodeIgniter\Autoloader\Autoloader->includeFile('C:\\Users\\Mialisoa\\ASA\\interprom\\interprom-back\\app\\Controllers\\MatchJController.php')
 3 SYSTEMPATH\Autoloader\Autoloader.php(272): CodeIgniter\Autoloader\Autoloader->loadInNamespace('App\\Controllers\\MatchJController')
 4 [internal function]: CodeIgniter\Autoloader\Autoloader->loadClass('App\\Controllers\\MatchJController')
 5 SYSTEMPATH\CodeIgniter.php(887): class_exists('\\App\\Controllers\\MatchJController', true)
 6 SYSTEMPATH\CodeIgniter.php(496): CodeIgniter\CodeIgniter->startController()
 7 SYSTEMPATH\CodeIgniter.php(355): CodeIgniter\CodeIgniter->handleRequest(null, Object(Config\Cache), false)
 8 SYSTEMPATH\Boot.php(312): CodeIgniter\CodeIgniter->run()
 9 SYSTEMPATH\Boot.php(67): CodeIgniter\Boot::runCodeIgniter(Object(CodeIgniter\CodeIgniter))
10 FCPATH\index.php(62): CodeIgniter\Boot::bootWeb(Object(Config\Paths))
11 SYSTEMPATH\Commands\Server\rewrite.php(49): require_once('C:\\Users\\Mialisoa\\ASA\\interprom\\interprom-back\\public\\index.php')
WARNING - 2025-05-15 20:05:47 --> [DEPRECATED] Optional parameter $id_discipline declared before required parameter $id_tournoi is implicitly treated as a required parameter in APPPATH\Controllers\MatchJController.php on line 164.
 1 SYSTEMPATH\Autoloader\Autoloader.php(317): include_once('C:\\Users\\Mialisoa\\ASA\\interprom\\interprom-back\\system\\Debug\\Exceptions.php')
 2 SYSTEMPATH\Autoloader\Autoloader.php(296): CodeIgniter\Autoloader\Autoloader->includeFile('C:\\Users\\Mialisoa\\ASA\\interprom\\interprom-back\\app\\Controllers\\MatchJController.php')
 3 SYSTEMPATH\Autoloader\Autoloader.php(272): CodeIgniter\Autoloader\Autoloader->loadInNamespace('App\\Controllers\\MatchJController')
 4 [internal function]: CodeIgniter\Autoloader\Autoloader->loadClass('App\\Controllers\\MatchJController')
 5 SYSTEMPATH\CodeIgniter.php(887): class_exists('\\App\\Controllers\\MatchJController', true)
 6 SYSTEMPATH\CodeIgniter.php(496): CodeIgniter\CodeIgniter->startController()
 7 SYSTEMPATH\CodeIgniter.php(355): CodeIgniter\CodeIgniter->handleRequest(null, Object(Config\Cache), false)
 8 SYSTEMPATH\Boot.php(312): CodeIgniter\CodeIgniter->run()
 9 SYSTEMPATH\Boot.php(67): CodeIgniter\Boot::runCodeIgniter(Object(CodeIgniter\CodeIgniter))
10 FCPATH\index.php(62): CodeIgniter\Boot::bootWeb(Object(Config\Paths))
11 SYSTEMPATH\Commands\Server\rewrite.php(49): require_once('C:\\Users\\Mialisoa\\ASA\\interprom\\interprom-back\\public\\index.php')
WARNING - 2025-05-15 20:05:47 --> [DEPRECATED] Optional parameter $id_discipline declared before required parameter $id_tournoi is implicitly treated as a required parameter in APPPATH\Controllers\MatchJController.php on line 164.
 1 SYSTEMPATH\Autoloader\Autoloader.php(317): include_once('C:\\Users\\Mialisoa\\ASA\\interprom\\interprom-back\\system\\Debug\\Exceptions.php')
 2 SYSTEMPATH\Autoloader\Autoloader.php(296): CodeIgniter\Autoloader\Autoloader->includeFile('C:\\Users\\Mialisoa\\ASA\\interprom\\interprom-back\\app\\Controllers\\MatchJController.php')
 3 SYSTEMPATH\Autoloader\Autoloader.php(272): CodeIgniter\Autoloader\Autoloader->loadInNamespace('App\\Controllers\\MatchJController')
 4 [internal function]: CodeIgniter\Autoloader\Autoloader->loadClass('App\\Controllers\\MatchJController')
 5 SYSTEMPATH\CodeIgniter.php(887): class_exists('\\App\\Controllers\\MatchJController', true)
 6 SYSTEMPATH\CodeIgniter.php(496): CodeIgniter\CodeIgniter->startController()
 7 SYSTEMPATH\CodeIgniter.php(355): CodeIgniter\CodeIgniter->handleRequest(null, Object(Config\Cache), false)
 8 SYSTEMPATH\Boot.php(312): CodeIgniter\CodeIgniter->run()
 9 SYSTEMPATH\Boot.php(67): CodeIgniter\Boot::runCodeIgniter(Object(CodeIgniter\CodeIgniter))
10 FCPATH\index.php(62): CodeIgniter\Boot::bootWeb(Object(Config\Paths))
11 SYSTEMPATH\Commands\Server\rewrite.php(49): require_once('C:\\Users\\Mialisoa\\ASA\\interprom\\interprom-back\\public\\index.php')
WARNING - 2025-05-15 20:05:50 --> [DEPRECATED] Optional parameter $id_discipline declared before required parameter $id_tournoi is implicitly treated as a required parameter in APPPATH\Controllers\MatchJController.php on line 164.
 1 SYSTEMPATH\Autoloader\Autoloader.php(317): include_once('C:\\Users\\Mialisoa\\ASA\\interprom\\interprom-back\\system\\Debug\\Exceptions.php')
 2 SYSTEMPATH\Autoloader\Autoloader.php(296): CodeIgniter\Autoloader\Autoloader->includeFile('C:\\Users\\Mialisoa\\ASA\\interprom\\interprom-back\\app\\Controllers\\MatchJController.php')
 3 SYSTEMPATH\Autoloader\Autoloader.php(272): CodeIgniter\Autoloader\Autoloader->loadInNamespace('App\\Controllers\\MatchJController')
 4 [internal function]: CodeIgniter\Autoloader\Autoloader->loadClass('App\\Controllers\\MatchJController')
 5 SYSTEMPATH\CodeIgniter.php(887): class_exists('\\App\\Controllers\\MatchJController', true)
 6 SYSTEMPATH\CodeIgniter.php(496): CodeIgniter\CodeIgniter->startController()
 7 SYSTEMPATH\CodeIgniter.php(355): CodeIgniter\CodeIgniter->handleRequest(null, Object(Config\Cache), false)
 8 SYSTEMPATH\Boot.php(312): CodeIgniter\CodeIgniter->run()
 9 SYSTEMPATH\Boot.php(67): CodeIgniter\Boot::runCodeIgniter(Object(CodeIgniter\CodeIgniter))
10 FCPATH\index.php(62): CodeIgniter\Boot::bootWeb(Object(Config\Paths))
11 SYSTEMPATH\Commands\Server\rewrite.php(49): require_once('C:\\Users\\Mialisoa\\ASA\\interprom\\interprom-back\\public\\index.php')
WARNING - 2025-05-15 20:05:50 --> [DEPRECATED] Optional parameter $id_discipline declared before required parameter $id_tournoi is implicitly treated as a required parameter in APPPATH\Controllers\MatchJController.php on line 164.
 1 SYSTEMPATH\Autoloader\Autoloader.php(317): include_once('C:\\Users\\Mialisoa\\ASA\\interprom\\interprom-back\\system\\Debug\\Exceptions.php')
 2 SYSTEMPATH\Autoloader\Autoloader.php(296): CodeIgniter\Autoloader\Autoloader->includeFile('C:\\Users\\Mialisoa\\ASA\\interprom\\interprom-back\\app\\Controllers\\MatchJController.php')
 3 SYSTEMPATH\Autoloader\Autoloader.php(272): CodeIgniter\Autoloader\Autoloader->loadInNamespace('App\\Controllers\\MatchJController')
 4 [internal function]: CodeIgniter\Autoloader\Autoloader->loadClass('App\\Controllers\\MatchJController')
 5 SYSTEMPATH\CodeIgniter.php(887): class_exists('\\App\\Controllers\\MatchJController', true)
 6 SYSTEMPATH\CodeIgniter.php(496): CodeIgniter\CodeIgniter->startController()
 7 SYSTEMPATH\CodeIgniter.php(355): CodeIgniter\CodeIgniter->handleRequest(null, Object(Config\Cache), false)
 8 SYSTEMPATH\Boot.php(312): CodeIgniter\CodeIgniter->run()
 9 SYSTEMPATH\Boot.php(67): CodeIgniter\Boot::runCodeIgniter(Object(CodeIgniter\CodeIgniter))
10 FCPATH\index.php(62): CodeIgniter\Boot::bootWeb(Object(Config\Paths))
11 SYSTEMPATH\Commands\Server\rewrite.php(49): require_once('C:\\Users\\Mialisoa\\ASA\\interprom\\interprom-back\\public\\index.php')
WARNING - 2025-05-15 20:05:51 --> [DEPRECATED] Optional parameter $id_discipline declared before required parameter $id_tournoi is implicitly treated as a required parameter in APPPATH\Controllers\MatchJController.php on line 164.
 1 SYSTEMPATH\Autoloader\Autoloader.php(317): include_once('C:\\Users\\Mialisoa\\ASA\\interprom\\interprom-back\\system\\Debug\\Exceptions.php')
 2 SYSTEMPATH\Autoloader\Autoloader.php(296): CodeIgniter\Autoloader\Autoloader->includeFile('C:\\Users\\Mialisoa\\ASA\\interprom\\interprom-back\\app\\Controllers\\MatchJController.php')
 3 SYSTEMPATH\Autoloader\Autoloader.php(272): CodeIgniter\Autoloader\Autoloader->loadInNamespace('App\\Controllers\\MatchJController')
 4 [internal function]: CodeIgniter\Autoloader\Autoloader->loadClass('App\\Controllers\\MatchJController')
 5 SYSTEMPATH\CodeIgniter.php(887): class_exists('\\App\\Controllers\\MatchJController', true)
 6 SYSTEMPATH\CodeIgniter.php(496): CodeIgniter\CodeIgniter->startController()
 7 SYSTEMPATH\CodeIgniter.php(355): CodeIgniter\CodeIgniter->handleRequest(null, Object(Config\Cache), false)
 8 SYSTEMPATH\Boot.php(312): CodeIgniter\CodeIgniter->run()
 9 SYSTEMPATH\Boot.php(67): CodeIgniter\Boot::runCodeIgniter(Object(CodeIgniter\CodeIgniter))
10 FCPATH\index.php(62): CodeIgniter\Boot::bootWeb(Object(Config\Paths))
11 SYSTEMPATH\Commands\Server\rewrite.php(49): require_once('C:\\Users\\Mialisoa\\ASA\\interprom\\interprom-back\\public\\index.php')
WARNING - 2025-05-15 20:05:51 --> [DEPRECATED] Optional parameter $id_discipline declared before required parameter $id_tournoi is implicitly treated as a required parameter in APPPATH\Controllers\MatchJController.php on line 164.
 1 SYSTEMPATH\Autoloader\Autoloader.php(317): include_once('C:\\Users\\Mialisoa\\ASA\\interprom\\interprom-back\\system\\Debug\\Exceptions.php')
 2 SYSTEMPATH\Autoloader\Autoloader.php(296): CodeIgniter\Autoloader\Autoloader->includeFile('C:\\Users\\Mialisoa\\ASA\\interprom\\interprom-back\\app\\Controllers\\MatchJController.php')
 3 SYSTEMPATH\Autoloader\Autoloader.php(272): CodeIgniter\Autoloader\Autoloader->loadInNamespace('App\\Controllers\\MatchJController')
 4 [internal function]: CodeIgniter\Autoloader\Autoloader->loadClass('App\\Controllers\\MatchJController')
 5 SYSTEMPATH\CodeIgniter.php(887): class_exists('\\App\\Controllers\\MatchJController', true)
 6 SYSTEMPATH\CodeIgniter.php(496): CodeIgniter\CodeIgniter->startController()
 7 SYSTEMPATH\CodeIgniter.php(355): CodeIgniter\CodeIgniter->handleRequest(null, Object(Config\Cache), false)
 8 SYSTEMPATH\Boot.php(312): CodeIgniter\CodeIgniter->run()
 9 SYSTEMPATH\Boot.php(67): CodeIgniter\Boot::runCodeIgniter(Object(CodeIgniter\CodeIgniter))
10 FCPATH\index.php(62): CodeIgniter\Boot::bootWeb(Object(Config\Paths))
11 SYSTEMPATH\Commands\Server\rewrite.php(49): require_once('C:\\Users\\Mialisoa\\ASA\\interprom\\interprom-back\\public\\index.php')
WARNING - 2025-05-15 20:05:52 --> [DEPRECATED] Optional parameter $id_discipline declared before required parameter $id_tournoi is implicitly treated as a required parameter in APPPATH\Controllers\MatchJController.php on line 164.
 1 SYSTEMPATH\Autoloader\Autoloader.php(317): include_once('C:\\Users\\Mialisoa\\ASA\\interprom\\interprom-back\\system\\Debug\\Exceptions.php')
 2 SYSTEMPATH\Autoloader\Autoloader.php(296): CodeIgniter\Autoloader\Autoloader->includeFile('C:\\Users\\Mialisoa\\ASA\\interprom\\interprom-back\\app\\Controllers\\MatchJController.php')
 3 SYSTEMPATH\Autoloader\Autoloader.php(272): CodeIgniter\Autoloader\Autoloader->loadInNamespace('App\\Controllers\\MatchJController')
 4 [internal function]: CodeIgniter\Autoloader\Autoloader->loadClass('App\\Controllers\\MatchJController')
 5 SYSTEMPATH\CodeIgniter.php(887): class_exists('\\App\\Controllers\\MatchJController', true)
 6 SYSTEMPATH\CodeIgniter.php(496): CodeIgniter\CodeIgniter->startController()
 7 SYSTEMPATH\CodeIgniter.php(355): CodeIgniter\CodeIgniter->handleRequest(null, Object(Config\Cache), false)
 8 SYSTEMPATH\Boot.php(312): CodeIgniter\CodeIgniter->run()
 9 SYSTEMPATH\Boot.php(67): CodeIgniter\Boot::runCodeIgniter(Object(CodeIgniter\CodeIgniter))
10 FCPATH\index.php(62): CodeIgniter\Boot::bootWeb(Object(Config\Paths))
11 SYSTEMPATH\Commands\Server\rewrite.php(49): require_once('C:\\Users\\Mialisoa\\ASA\\interprom\\interprom-back\\public\\index.php')
WARNING - 2025-05-15 20:05:52 --> [DEPRECATED] Optional parameter $id_discipline declared before required parameter $id_tournoi is implicitly treated as a required parameter in APPPATH\Controllers\MatchJController.php on line 164.
 1 SYSTEMPATH\Autoloader\Autoloader.php(317): include_once('C:\\Users\\Mialisoa\\ASA\\interprom\\interprom-back\\system\\Debug\\Exceptions.php')
 2 SYSTEMPATH\Autoloader\Autoloader.php(296): CodeIgniter\Autoloader\Autoloader->includeFile('C:\\Users\\Mialisoa\\ASA\\interprom\\interprom-back\\app\\Controllers\\MatchJController.php')
 3 SYSTEMPATH\Autoloader\Autoloader.php(272): CodeIgniter\Autoloader\Autoloader->loadInNamespace('App\\Controllers\\MatchJController')
 4 [internal function]: CodeIgniter\Autoloader\Autoloader->loadClass('App\\Controllers\\MatchJController')
 5 SYSTEMPATH\CodeIgniter.php(887): class_exists('\\App\\Controllers\\MatchJController', true)
 6 SYSTEMPATH\CodeIgniter.php(496): CodeIgniter\CodeIgniter->startController()
 7 SYSTEMPATH\CodeIgniter.php(355): CodeIgniter\CodeIgniter->handleRequest(null, Object(Config\Cache), false)
 8 SYSTEMPATH\Boot.php(312): CodeIgniter\CodeIgniter->run()
 9 SYSTEMPATH\Boot.php(67): CodeIgniter\Boot::runCodeIgniter(Object(CodeIgniter\CodeIgniter))
10 FCPATH\index.php(62): CodeIgniter\Boot::bootWeb(Object(Config\Paths))
11 SYSTEMPATH\Commands\Server\rewrite.php(49): require_once('C:\\Users\\Mialisoa\\ASA\\interprom\\interprom-back\\public\\index.php')
WARNING - 2025-05-15 20:05:53 --> [DEPRECATED] Optional parameter $id_discipline declared before required parameter $id_tournoi is implicitly treated as a required parameter in APPPATH\Controllers\MatchJController.php on line 164.
 1 SYSTEMPATH\Autoloader\Autoloader.php(317): include_once('C:\\Users\\Mialisoa\\ASA\\interprom\\interprom-back\\system\\Debug\\Exceptions.php')
 2 SYSTEMPATH\Autoloader\Autoloader.php(296): CodeIgniter\Autoloader\Autoloader->includeFile('C:\\Users\\Mialisoa\\ASA\\interprom\\interprom-back\\app\\Controllers\\MatchJController.php')
 3 SYSTEMPATH\Autoloader\Autoloader.php(272): CodeIgniter\Autoloader\Autoloader->loadInNamespace('App\\Controllers\\MatchJController')
 4 [internal function]: CodeIgniter\Autoloader\Autoloader->loadClass('App\\Controllers\\MatchJController')
 5 SYSTEMPATH\CodeIgniter.php(887): class_exists('\\App\\Controllers\\MatchJController', true)
 6 SYSTEMPATH\CodeIgniter.php(496): CodeIgniter\CodeIgniter->startController()
 7 SYSTEMPATH\CodeIgniter.php(355): CodeIgniter\CodeIgniter->handleRequest(null, Object(Config\Cache), false)
 8 SYSTEMPATH\Boot.php(312): CodeIgniter\CodeIgniter->run()
 9 SYSTEMPATH\Boot.php(67): CodeIgniter\Boot::runCodeIgniter(Object(CodeIgniter\CodeIgniter))
10 FCPATH\index.php(62): CodeIgniter\Boot::bootWeb(Object(Config\Paths))
11 SYSTEMPATH\Commands\Server\rewrite.php(49): require_once('C:\\Users\\Mialisoa\\ASA\\interprom\\interprom-back\\public\\index.php')
WARNING - 2025-05-15 20:05:53 --> [DEPRECATED] Optional parameter $id_discipline declared before required parameter $id_tournoi is implicitly treated as a required parameter in APPPATH\Controllers\MatchJController.php on line 164.
 1 SYSTEMPATH\Autoloader\Autoloader.php(317): include_once('C:\\Users\\Mialisoa\\ASA\\interprom\\interprom-back\\system\\Debug\\Exceptions.php')
 2 SYSTEMPATH\Autoloader\Autoloader.php(296): CodeIgniter\Autoloader\Autoloader->includeFile('C:\\Users\\Mialisoa\\ASA\\interprom\\interprom-back\\app\\Controllers\\MatchJController.php')
 3 SYSTEMPATH\Autoloader\Autoloader.php(272): CodeIgniter\Autoloader\Autoloader->loadInNamespace('App\\Controllers\\MatchJController')
 4 [internal function]: CodeIgniter\Autoloader\Autoloader->loadClass('App\\Controllers\\MatchJController')
 5 SYSTEMPATH\CodeIgniter.php(887): class_exists('\\App\\Controllers\\MatchJController', true)
 6 SYSTEMPATH\CodeIgniter.php(496): CodeIgniter\CodeIgniter->startController()
 7 SYSTEMPATH\CodeIgniter.php(355): CodeIgniter\CodeIgniter->handleRequest(null, Object(Config\Cache), false)
 8 SYSTEMPATH\Boot.php(312): CodeIgniter\CodeIgniter->run()
 9 SYSTEMPATH\Boot.php(67): CodeIgniter\Boot::runCodeIgniter(Object(CodeIgniter\CodeIgniter))
10 FCPATH\index.php(62): CodeIgniter\Boot::bootWeb(Object(Config\Paths))
11 SYSTEMPATH\Commands\Server\rewrite.php(49): require_once('C:\\Users\\Mialisoa\\ASA\\interprom\\interprom-back\\public\\index.php')
WARNING - 2025-05-15 20:06:04 --> [DEPRECATED] Optional parameter $id_discipline declared before required parameter $id_tournoi is implicitly treated as a required parameter in APPPATH\Controllers\MatchJController.php on line 164.
 1 SYSTEMPATH\Autoloader\Autoloader.php(317): include_once('C:\\Users\\Mialisoa\\ASA\\interprom\\interprom-back\\system\\Debug\\Exceptions.php')
 2 SYSTEMPATH\Autoloader\Autoloader.php(296): CodeIgniter\Autoloader\Autoloader->includeFile('C:\\Users\\Mialisoa\\ASA\\interprom\\interprom-back\\app\\Controllers\\MatchJController.php')
 3 SYSTEMPATH\Autoloader\Autoloader.php(272): CodeIgniter\Autoloader\Autoloader->loadInNamespace('App\\Controllers\\MatchJController')
 4 [internal function]: CodeIgniter\Autoloader\Autoloader->loadClass('App\\Controllers\\MatchJController')
 5 SYSTEMPATH\CodeIgniter.php(887): class_exists('\\App\\Controllers\\MatchJController', true)
 6 SYSTEMPATH\CodeIgniter.php(496): CodeIgniter\CodeIgniter->startController()
 7 SYSTEMPATH\CodeIgniter.php(355): CodeIgniter\CodeIgniter->handleRequest(null, Object(Config\Cache), false)
 8 SYSTEMPATH\Boot.php(312): CodeIgniter\CodeIgniter->run()
 9 SYSTEMPATH\Boot.php(67): CodeIgniter\Boot::runCodeIgniter(Object(CodeIgniter\CodeIgniter))
10 FCPATH\index.php(62): CodeIgniter\Boot::bootWeb(Object(Config\Paths))
11 SYSTEMPATH\Commands\Server\rewrite.php(49): require_once('C:\\Users\\Mialisoa\\ASA\\interprom\\interprom-back\\public\\index.php')
WARNING - 2025-05-15 20:06:04 --> [DEPRECATED] Optional parameter $id_discipline declared before required parameter $id_tournoi is implicitly treated as a required parameter in APPPATH\Controllers\MatchJController.php on line 164.
 1 SYSTEMPATH\Autoloader\Autoloader.php(317): include_once('C:\\Users\\Mialisoa\\ASA\\interprom\\interprom-back\\system\\Debug\\Exceptions.php')
 2 SYSTEMPATH\Autoloader\Autoloader.php(296): CodeIgniter\Autoloader\Autoloader->includeFile('C:\\Users\\Mialisoa\\ASA\\interprom\\interprom-back\\app\\Controllers\\MatchJController.php')
 3 SYSTEMPATH\Autoloader\Autoloader.php(272): CodeIgniter\Autoloader\Autoloader->loadInNamespace('App\\Controllers\\MatchJController')
 4 [internal function]: CodeIgniter\Autoloader\Autoloader->loadClass('App\\Controllers\\MatchJController')
 5 SYSTEMPATH\CodeIgniter.php(887): class_exists('\\App\\Controllers\\MatchJController', true)
 6 SYSTEMPATH\CodeIgniter.php(496): CodeIgniter\CodeIgniter->startController()
 7 SYSTEMPATH\CodeIgniter.php(355): CodeIgniter\CodeIgniter->handleRequest(null, Object(Config\Cache), false)
 8 SYSTEMPATH\Boot.php(312): CodeIgniter\CodeIgniter->run()
 9 SYSTEMPATH\Boot.php(67): CodeIgniter\Boot::runCodeIgniter(Object(CodeIgniter\CodeIgniter))
10 FCPATH\index.php(62): CodeIgniter\Boot::bootWeb(Object(Config\Paths))
11 SYSTEMPATH\Commands\Server\rewrite.php(49): require_once('C:\\Users\\Mialisoa\\ASA\\interprom\\interprom-back\\public\\index.php')
WARNING - 2025-05-15 20:06:04 --> [DEPRECATED] Optional parameter $id_discipline declared before required parameter $id_tournoi is implicitly treated as a required parameter in APPPATH\Controllers\MatchJController.php on line 164.
 1 SYSTEMPATH\Autoloader\Autoloader.php(317): include_once('C:\\Users\\Mialisoa\\ASA\\interprom\\interprom-back\\system\\Debug\\Exceptions.php')
 2 SYSTEMPATH\Autoloader\Autoloader.php(296): CodeIgniter\Autoloader\Autoloader->includeFile('C:\\Users\\Mialisoa\\ASA\\interprom\\interprom-back\\app\\Controllers\\MatchJController.php')
 3 SYSTEMPATH\Autoloader\Autoloader.php(272): CodeIgniter\Autoloader\Autoloader->loadInNamespace('App\\Controllers\\MatchJController')
 4 [internal function]: CodeIgniter\Autoloader\Autoloader->loadClass('App\\Controllers\\MatchJController')
 5 SYSTEMPATH\CodeIgniter.php(887): class_exists('\\App\\Controllers\\MatchJController', true)
 6 SYSTEMPATH\CodeIgniter.php(496): CodeIgniter\CodeIgniter->startController()
 7 SYSTEMPATH\CodeIgniter.php(355): CodeIgniter\CodeIgniter->handleRequest(null, Object(Config\Cache), false)
 8 SYSTEMPATH\Boot.php(312): CodeIgniter\CodeIgniter->run()
 9 SYSTEMPATH\Boot.php(67): CodeIgniter\Boot::runCodeIgniter(Object(CodeIgniter\CodeIgniter))
10 FCPATH\index.php(62): CodeIgniter\Boot::bootWeb(Object(Config\Paths))
11 SYSTEMPATH\Commands\Server\rewrite.php(49): require_once('C:\\Users\\Mialisoa\\ASA\\interprom\\interprom-back\\public\\index.php')
WARNING - 2025-05-15 20:06:04 --> [DEPRECATED] Optional parameter $id_discipline declared before required parameter $id_tournoi is implicitly treated as a required parameter in APPPATH\Controllers\MatchJController.php on line 164.
 1 SYSTEMPATH\Autoloader\Autoloader.php(317): include_once('C:\\Users\\Mialisoa\\ASA\\interprom\\interprom-back\\system\\Debug\\Exceptions.php')
 2 SYSTEMPATH\Autoloader\Autoloader.php(296): CodeIgniter\Autoloader\Autoloader->includeFile('C:\\Users\\Mialisoa\\ASA\\interprom\\interprom-back\\app\\Controllers\\MatchJController.php')
 3 SYSTEMPATH\Autoloader\Autoloader.php(272): CodeIgniter\Autoloader\Autoloader->loadInNamespace('App\\Controllers\\MatchJController')
 4 [internal function]: CodeIgniter\Autoloader\Autoloader->loadClass('App\\Controllers\\MatchJController')
 5 SYSTEMPATH\CodeIgniter.php(887): class_exists('\\App\\Controllers\\MatchJController', true)
 6 SYSTEMPATH\CodeIgniter.php(496): CodeIgniter\CodeIgniter->startController()
 7 SYSTEMPATH\CodeIgniter.php(355): CodeIgniter\CodeIgniter->handleRequest(null, Object(Config\Cache), false)
 8 SYSTEMPATH\Boot.php(312): CodeIgniter\CodeIgniter->run()
 9 SYSTEMPATH\Boot.php(67): CodeIgniter\Boot::runCodeIgniter(Object(CodeIgniter\CodeIgniter))
10 FCPATH\index.php(62): CodeIgniter\Boot::bootWeb(Object(Config\Paths))
11 SYSTEMPATH\Commands\Server\rewrite.php(49): require_once('C:\\Users\\Mialisoa\\ASA\\interprom\\interprom-back\\public\\index.php')
WARNING - 2025-05-15 20:08:51 --> [DEPRECATED] Optional parameter $id_discipline declared before required parameter $id_tournoi is implicitly treated as a required parameter in APPPATH\Controllers\MatchJController.php on line 164.
 1 SYSTEMPATH\Autoloader\Autoloader.php(317): include_once('C:\\Users\\Mialisoa\\ASA\\interprom\\interprom-back\\system\\Debug\\Exceptions.php')
 2 SYSTEMPATH\Autoloader\Autoloader.php(296): CodeIgniter\Autoloader\Autoloader->includeFile('C:\\Users\\Mialisoa\\ASA\\interprom\\interprom-back\\app\\Controllers\\MatchJController.php')
 3 SYSTEMPATH\Autoloader\Autoloader.php(272): CodeIgniter\Autoloader\Autoloader->loadInNamespace('App\\Controllers\\MatchJController')
 4 [internal function]: CodeIgniter\Autoloader\Autoloader->loadClass('App\\Controllers\\MatchJController')
 5 SYSTEMPATH\CodeIgniter.php(887): class_exists('\\App\\Controllers\\MatchJController', true)
 6 SYSTEMPATH\CodeIgniter.php(496): CodeIgniter\CodeIgniter->startController()
 7 SYSTEMPATH\CodeIgniter.php(355): CodeIgniter\CodeIgniter->handleRequest(null, Object(Config\Cache), false)
 8 SYSTEMPATH\Boot.php(312): CodeIgniter\CodeIgniter->run()
 9 SYSTEMPATH\Boot.php(67): CodeIgniter\Boot::runCodeIgniter(Object(CodeIgniter\CodeIgniter))
10 FCPATH\index.php(62): CodeIgniter\Boot::bootWeb(Object(Config\Paths))
11 SYSTEMPATH\Commands\Server\rewrite.php(49): require_once('C:\\Users\\Mialisoa\\ASA\\interprom\\interprom-back\\public\\index.php')
WARNING - 2025-05-15 20:08:51 --> [DEPRECATED] Optional parameter $id_discipline declared before required parameter $id_tournoi is implicitly treated as a required parameter in APPPATH\Controllers\MatchJController.php on line 164.
 1 SYSTEMPATH\Autoloader\Autoloader.php(317): include_once('C:\\Users\\Mialisoa\\ASA\\interprom\\interprom-back\\system\\Debug\\Exceptions.php')
 2 SYSTEMPATH\Autoloader\Autoloader.php(296): CodeIgniter\Autoloader\Autoloader->includeFile('C:\\Users\\Mialisoa\\ASA\\interprom\\interprom-back\\app\\Controllers\\MatchJController.php')
 3 SYSTEMPATH\Autoloader\Autoloader.php(272): CodeIgniter\Autoloader\Autoloader->loadInNamespace('App\\Controllers\\MatchJController')
 4 [internal function]: CodeIgniter\Autoloader\Autoloader->loadClass('App\\Controllers\\MatchJController')
 5 SYSTEMPATH\CodeIgniter.php(887): class_exists('\\App\\Controllers\\MatchJController', true)
 6 SYSTEMPATH\CodeIgniter.php(496): CodeIgniter\CodeIgniter->startController()
 7 SYSTEMPATH\CodeIgniter.php(355): CodeIgniter\CodeIgniter->handleRequest(null, Object(Config\Cache), false)
 8 SYSTEMPATH\Boot.php(312): CodeIgniter\CodeIgniter->run()
 9 SYSTEMPATH\Boot.php(67): CodeIgniter\Boot::runCodeIgniter(Object(CodeIgniter\CodeIgniter))
10 FCPATH\index.php(62): CodeIgniter\Boot::bootWeb(Object(Config\Paths))
11 SYSTEMPATH\Commands\Server\rewrite.php(49): require_once('C:\\Users\\Mialisoa\\ASA\\interprom\\interprom-back\\public\\index.php')
WARNING - 2025-05-15 20:09:28 --> [DEPRECATED] Optional parameter $id_discipline declared before required parameter $id_tournoi is implicitly treated as a required parameter in APPPATH\Controllers\MatchJController.php on line 164.
 1 SYSTEMPATH\Autoloader\Autoloader.php(317): include_once('C:\\Users\\Mialisoa\\ASA\\interprom\\interprom-back\\system\\Debug\\Exceptions.php')
 2 SYSTEMPATH\Autoloader\Autoloader.php(296): CodeIgniter\Autoloader\Autoloader->includeFile('C:\\Users\\Mialisoa\\ASA\\interprom\\interprom-back\\app\\Controllers\\MatchJController.php')
 3 SYSTEMPATH\Autoloader\Autoloader.php(272): CodeIgniter\Autoloader\Autoloader->loadInNamespace('App\\Controllers\\MatchJController')
 4 [internal function]: CodeIgniter\Autoloader\Autoloader->loadClass('App\\Controllers\\MatchJController')
 5 SYSTEMPATH\CodeIgniter.php(887): class_exists('\\App\\Controllers\\MatchJController', true)
 6 SYSTEMPATH\CodeIgniter.php(496): CodeIgniter\CodeIgniter->startController()
 7 SYSTEMPATH\CodeIgniter.php(355): CodeIgniter\CodeIgniter->handleRequest(null, Object(Config\Cache), false)
 8 SYSTEMPATH\Boot.php(312): CodeIgniter\CodeIgniter->run()
 9 SYSTEMPATH\Boot.php(67): CodeIgniter\Boot::runCodeIgniter(Object(CodeIgniter\CodeIgniter))
10 FCPATH\index.php(62): CodeIgniter\Boot::bootWeb(Object(Config\Paths))
11 SYSTEMPATH\Commands\Server\rewrite.php(49): require_once('C:\\Users\\Mialisoa\\ASA\\interprom\\interprom-back\\public\\index.php')
WARNING - 2025-05-15 20:09:28 --> [DEPRECATED] Optional parameter $id_discipline declared before required parameter $id_tournoi is implicitly treated as a required parameter in APPPATH\Controllers\MatchJController.php on line 164.
 1 SYSTEMPATH\Autoloader\Autoloader.php(317): include_once('C:\\Users\\Mialisoa\\ASA\\interprom\\interprom-back\\system\\Debug\\Exceptions.php')
 2 SYSTEMPATH\Autoloader\Autoloader.php(296): CodeIgniter\Autoloader\Autoloader->includeFile('C:\\Users\\Mialisoa\\ASA\\interprom\\interprom-back\\app\\Controllers\\MatchJController.php')
 3 SYSTEMPATH\Autoloader\Autoloader.php(272): CodeIgniter\Autoloader\Autoloader->loadInNamespace('App\\Controllers\\MatchJController')
 4 [internal function]: CodeIgniter\Autoloader\Autoloader->loadClass('App\\Controllers\\MatchJController')
 5 SYSTEMPATH\CodeIgniter.php(887): class_exists('\\App\\Controllers\\MatchJController', true)
 6 SYSTEMPATH\CodeIgniter.php(496): CodeIgniter\CodeIgniter->startController()
 7 SYSTEMPATH\CodeIgniter.php(355): CodeIgniter\CodeIgniter->handleRequest(null, Object(Config\Cache), false)
 8 SYSTEMPATH\Boot.php(312): CodeIgniter\CodeIgniter->run()
 9 SYSTEMPATH\Boot.php(67): CodeIgniter\Boot::runCodeIgniter(Object(CodeIgniter\CodeIgniter))
10 FCPATH\index.php(62): CodeIgniter\Boot::bootWeb(Object(Config\Paths))
11 SYSTEMPATH\Commands\Server\rewrite.php(49): require_once('C:\\Users\\Mialisoa\\ASA\\interprom\\interprom-back\\public\\index.php')
WARNING - 2025-05-15 20:09:29 --> [DEPRECATED] Optional parameter $id_discipline declared before required parameter $id_tournoi is implicitly treated as a required parameter in APPPATH\Controllers\MatchJController.php on line 164.
 1 SYSTEMPATH\Autoloader\Autoloader.php(317): include_once('C:\\Users\\Mialisoa\\ASA\\interprom\\interprom-back\\system\\Debug\\Exceptions.php')
 2 SYSTEMPATH\Autoloader\Autoloader.php(296): CodeIgniter\Autoloader\Autoloader->includeFile('C:\\Users\\Mialisoa\\ASA\\interprom\\interprom-back\\app\\Controllers\\MatchJController.php')
 3 SYSTEMPATH\Autoloader\Autoloader.php(272): CodeIgniter\Autoloader\Autoloader->loadInNamespace('App\\Controllers\\MatchJController')
 4 [internal function]: CodeIgniter\Autoloader\Autoloader->loadClass('App\\Controllers\\MatchJController')
 5 SYSTEMPATH\CodeIgniter.php(887): class_exists('\\App\\Controllers\\MatchJController', true)
 6 SYSTEMPATH\CodeIgniter.php(496): CodeIgniter\CodeIgniter->startController()
 7 SYSTEMPATH\CodeIgniter.php(355): CodeIgniter\CodeIgniter->handleRequest(null, Object(Config\Cache), false)
 8 SYSTEMPATH\Boot.php(312): CodeIgniter\CodeIgniter->run()
 9 SYSTEMPATH\Boot.php(67): CodeIgniter\Boot::runCodeIgniter(Object(CodeIgniter\CodeIgniter))
10 FCPATH\index.php(62): CodeIgniter\Boot::bootWeb(Object(Config\Paths))
11 SYSTEMPATH\Commands\Server\rewrite.php(49): require_once('C:\\Users\\Mialisoa\\ASA\\interprom\\interprom-back\\public\\index.php')
WARNING - 2025-05-15 20:09:30 --> [DEPRECATED] Optional parameter $id_discipline declared before required parameter $id_tournoi is implicitly treated as a required parameter in APPPATH\Controllers\MatchJController.php on line 164.
 1 SYSTEMPATH\Autoloader\Autoloader.php(317): include_once('C:\\Users\\Mialisoa\\ASA\\interprom\\interprom-back\\system\\Debug\\Exceptions.php')
 2 SYSTEMPATH\Autoloader\Autoloader.php(296): CodeIgniter\Autoloader\Autoloader->includeFile('C:\\Users\\Mialisoa\\ASA\\interprom\\interprom-back\\app\\Controllers\\MatchJController.php')
 3 SYSTEMPATH\Autoloader\Autoloader.php(272): CodeIgniter\Autoloader\Autoloader->loadInNamespace('App\\Controllers\\MatchJController')
 4 [internal function]: CodeIgniter\Autoloader\Autoloader->loadClass('App\\Controllers\\MatchJController')
 5 SYSTEMPATH\CodeIgniter.php(887): class_exists('\\App\\Controllers\\MatchJController', true)
 6 SYSTEMPATH\CodeIgniter.php(496): CodeIgniter\CodeIgniter->startController()
 7 SYSTEMPATH\CodeIgniter.php(355): CodeIgniter\CodeIgniter->handleRequest(null, Object(Config\Cache), false)
 8 SYSTEMPATH\Boot.php(312): CodeIgniter\CodeIgniter->run()
 9 SYSTEMPATH\Boot.php(67): CodeIgniter\Boot::runCodeIgniter(Object(CodeIgniter\CodeIgniter))
10 FCPATH\index.php(62): CodeIgniter\Boot::bootWeb(Object(Config\Paths))
11 SYSTEMPATH\Commands\Server\rewrite.php(49): require_once('C:\\Users\\Mialisoa\\ASA\\interprom\\interprom-back\\public\\index.php')
WARNING - 2025-05-15 20:09:35 --> [DEPRECATED] Optional parameter $id_discipline declared before required parameter $id_tournoi is implicitly treated as a required parameter in APPPATH\Controllers\MatchJController.php on line 164.
 1 SYSTEMPATH\Autoloader\Autoloader.php(317): include_once('C:\\Users\\Mialisoa\\ASA\\interprom\\interprom-back\\system\\Debug\\Exceptions.php')
 2 SYSTEMPATH\Autoloader\Autoloader.php(296): CodeIgniter\Autoloader\Autoloader->includeFile('C:\\Users\\Mialisoa\\ASA\\interprom\\interprom-back\\app\\Controllers\\MatchJController.php')
 3 SYSTEMPATH\Autoloader\Autoloader.php(272): CodeIgniter\Autoloader\Autoloader->loadInNamespace('App\\Controllers\\MatchJController')
 4 [internal function]: CodeIgniter\Autoloader\Autoloader->loadClass('App\\Controllers\\MatchJController')
 5 SYSTEMPATH\CodeIgniter.php(887): class_exists('\\App\\Controllers\\MatchJController', true)
 6 SYSTEMPATH\CodeIgniter.php(496): CodeIgniter\CodeIgniter->startController()
 7 SYSTEMPATH\CodeIgniter.php(355): CodeIgniter\CodeIgniter->handleRequest(null, Object(Config\Cache), false)
 8 SYSTEMPATH\Boot.php(312): CodeIgniter\CodeIgniter->run()
 9 SYSTEMPATH\Boot.php(67): CodeIgniter\Boot::runCodeIgniter(Object(CodeIgniter\CodeIgniter))
10 FCPATH\index.php(62): CodeIgniter\Boot::bootWeb(Object(Config\Paths))
11 SYSTEMPATH\Commands\Server\rewrite.php(49): require_once('C:\\Users\\Mialisoa\\ASA\\interprom\\interprom-back\\public\\index.php')
WARNING - 2025-05-15 20:09:36 --> [DEPRECATED] Optional parameter $id_discipline declared before required parameter $id_tournoi is implicitly treated as a required parameter in APPPATH\Controllers\MatchJController.php on line 164.
 1 SYSTEMPATH\Autoloader\Autoloader.php(317): include_once('C:\\Users\\Mialisoa\\ASA\\interprom\\interprom-back\\system\\Debug\\Exceptions.php')
 2 SYSTEMPATH\Autoloader\Autoloader.php(296): CodeIgniter\Autoloader\Autoloader->includeFile('C:\\Users\\Mialisoa\\ASA\\interprom\\interprom-back\\app\\Controllers\\MatchJController.php')
 3 SYSTEMPATH\Autoloader\Autoloader.php(272): CodeIgniter\Autoloader\Autoloader->loadInNamespace('App\\Controllers\\MatchJController')
 4 [internal function]: CodeIgniter\Autoloader\Autoloader->loadClass('App\\Controllers\\MatchJController')
 5 SYSTEMPATH\CodeIgniter.php(887): class_exists('\\App\\Controllers\\MatchJController', true)
 6 SYSTEMPATH\CodeIgniter.php(496): CodeIgniter\CodeIgniter->startController()
 7 SYSTEMPATH\CodeIgniter.php(355): CodeIgniter\CodeIgniter->handleRequest(null, Object(Config\Cache), false)
 8 SYSTEMPATH\Boot.php(312): CodeIgniter\CodeIgniter->run()
 9 SYSTEMPATH\Boot.php(67): CodeIgniter\Boot::runCodeIgniter(Object(CodeIgniter\CodeIgniter))
10 FCPATH\index.php(62): CodeIgniter\Boot::bootWeb(Object(Config\Paths))
11 SYSTEMPATH\Commands\Server\rewrite.php(49): require_once('C:\\Users\\Mialisoa\\ASA\\interprom\\interprom-back\\public\\index.php')
WARNING - 2025-05-15 20:09:36 --> [DEPRECATED] Optional parameter $id_discipline declared before required parameter $id_tournoi is implicitly treated as a required parameter in APPPATH\Controllers\MatchJController.php on line 164.
 1 SYSTEMPATH\Autoloader\Autoloader.php(317): include_once('C:\\Users\\Mialisoa\\ASA\\interprom\\interprom-back\\system\\Debug\\Exceptions.php')
 2 SYSTEMPATH\Autoloader\Autoloader.php(296): CodeIgniter\Autoloader\Autoloader->includeFile('C:\\Users\\Mialisoa\\ASA\\interprom\\interprom-back\\app\\Controllers\\MatchJController.php')
 3 SYSTEMPATH\Autoloader\Autoloader.php(272): CodeIgniter\Autoloader\Autoloader->loadInNamespace('App\\Controllers\\MatchJController')
 4 [internal function]: CodeIgniter\Autoloader\Autoloader->loadClass('App\\Controllers\\MatchJController')
 5 SYSTEMPATH\CodeIgniter.php(887): class_exists('\\App\\Controllers\\MatchJController', true)
 6 SYSTEMPATH\CodeIgniter.php(496): CodeIgniter\CodeIgniter->startController()
 7 SYSTEMPATH\CodeIgniter.php(355): CodeIgniter\CodeIgniter->handleRequest(null, Object(Config\Cache), false)
 8 SYSTEMPATH\Boot.php(312): CodeIgniter\CodeIgniter->run()
 9 SYSTEMPATH\Boot.php(67): CodeIgniter\Boot::runCodeIgniter(Object(CodeIgniter\CodeIgniter))
10 FCPATH\index.php(62): CodeIgniter\Boot::bootWeb(Object(Config\Paths))
11 SYSTEMPATH\Commands\Server\rewrite.php(49): require_once('C:\\Users\\Mialisoa\\ASA\\interprom\\interprom-back\\public\\index.php')
WARNING - 2025-05-15 20:09:36 --> [DEPRECATED] Optional parameter $id_discipline declared before required parameter $id_tournoi is implicitly treated as a required parameter in APPPATH\Controllers\MatchJController.php on line 164.
 1 SYSTEMPATH\Autoloader\Autoloader.php(317): include_once('C:\\Users\\Mialisoa\\ASA\\interprom\\interprom-back\\system\\Debug\\Exceptions.php')
 2 SYSTEMPATH\Autoloader\Autoloader.php(296): CodeIgniter\Autoloader\Autoloader->includeFile('C:\\Users\\Mialisoa\\ASA\\interprom\\interprom-back\\app\\Controllers\\MatchJController.php')
 3 SYSTEMPATH\Autoloader\Autoloader.php(272): CodeIgniter\Autoloader\Autoloader->loadInNamespace('App\\Controllers\\MatchJController')
 4 [internal function]: CodeIgniter\Autoloader\Autoloader->loadClass('App\\Controllers\\MatchJController')
 5 SYSTEMPATH\CodeIgniter.php(887): class_exists('\\App\\Controllers\\MatchJController', true)
 6 SYSTEMPATH\CodeIgniter.php(496): CodeIgniter\CodeIgniter->startController()
 7 SYSTEMPATH\CodeIgniter.php(355): CodeIgniter\CodeIgniter->handleRequest(null, Object(Config\Cache), false)
 8 SYSTEMPATH\Boot.php(312): CodeIgniter\CodeIgniter->run()
 9 SYSTEMPATH\Boot.php(67): CodeIgniter\Boot::runCodeIgniter(Object(CodeIgniter\CodeIgniter))
10 FCPATH\index.php(62): CodeIgniter\Boot::bootWeb(Object(Config\Paths))
11 SYSTEMPATH\Commands\Server\rewrite.php(49): require_once('C:\\Users\\Mialisoa\\ASA\\interprom\\interprom-back\\public\\index.php')
WARNING - 2025-05-15 20:09:41 --> [DEPRECATED] Optional parameter $id_discipline declared before required parameter $id_tournoi is implicitly treated as a required parameter in APPPATH\Controllers\MatchJController.php on line 164.
 1 SYSTEMPATH\Autoloader\Autoloader.php(317): include_once('C:\\Users\\Mialisoa\\ASA\\interprom\\interprom-back\\system\\Debug\\Exceptions.php')
 2 SYSTEMPATH\Autoloader\Autoloader.php(296): CodeIgniter\Autoloader\Autoloader->includeFile('C:\\Users\\Mialisoa\\ASA\\interprom\\interprom-back\\app\\Controllers\\MatchJController.php')
 3 SYSTEMPATH\Autoloader\Autoloader.php(272): CodeIgniter\Autoloader\Autoloader->loadInNamespace('App\\Controllers\\MatchJController')
 4 [internal function]: CodeIgniter\Autoloader\Autoloader->loadClass('App\\Controllers\\MatchJController')
 5 SYSTEMPATH\CodeIgniter.php(887): class_exists('\\App\\Controllers\\MatchJController', true)
 6 SYSTEMPATH\CodeIgniter.php(496): CodeIgniter\CodeIgniter->startController()
 7 SYSTEMPATH\CodeIgniter.php(355): CodeIgniter\CodeIgniter->handleRequest(null, Object(Config\Cache), false)
 8 SYSTEMPATH\Boot.php(312): CodeIgniter\CodeIgniter->run()
 9 SYSTEMPATH\Boot.php(67): CodeIgniter\Boot::runCodeIgniter(Object(CodeIgniter\CodeIgniter))
10 FCPATH\index.php(62): CodeIgniter\Boot::bootWeb(Object(Config\Paths))
11 SYSTEMPATH\Commands\Server\rewrite.php(49): require_once('C:\\Users\\Mialisoa\\ASA\\interprom\\interprom-back\\public\\index.php')
WARNING - 2025-05-15 20:09:41 --> [DEPRECATED] Optional parameter $id_discipline declared before required parameter $id_tournoi is implicitly treated as a required parameter in APPPATH\Controllers\MatchJController.php on line 164.
 1 SYSTEMPATH\Autoloader\Autoloader.php(317): include_once('C:\\Users\\Mialisoa\\ASA\\interprom\\interprom-back\\system\\Debug\\Exceptions.php')
 2 SYSTEMPATH\Autoloader\Autoloader.php(296): CodeIgniter\Autoloader\Autoloader->includeFile('C:\\Users\\Mialisoa\\ASA\\interprom\\interprom-back\\app\\Controllers\\MatchJController.php')
 3 SYSTEMPATH\Autoloader\Autoloader.php(272): CodeIgniter\Autoloader\Autoloader->loadInNamespace('App\\Controllers\\MatchJController')
 4 [internal function]: CodeIgniter\Autoloader\Autoloader->loadClass('App\\Controllers\\MatchJController')
 5 SYSTEMPATH\CodeIgniter.php(887): class_exists('\\App\\Controllers\\MatchJController', true)
 6 SYSTEMPATH\CodeIgniter.php(496): CodeIgniter\CodeIgniter->startController()
 7 SYSTEMPATH\CodeIgniter.php(355): CodeIgniter\CodeIgniter->handleRequest(null, Object(Config\Cache), false)
 8 SYSTEMPATH\Boot.php(312): CodeIgniter\CodeIgniter->run()
 9 SYSTEMPATH\Boot.php(67): CodeIgniter\Boot::runCodeIgniter(Object(CodeIgniter\CodeIgniter))
10 FCPATH\index.php(62): CodeIgniter\Boot::bootWeb(Object(Config\Paths))
11 SYSTEMPATH\Commands\Server\rewrite.php(49): require_once('C:\\Users\\Mialisoa\\ASA\\interprom\\interprom-back\\public\\index.php')
WARNING - 2025-05-15 20:09:44 --> [DEPRECATED] Optional parameter $id_discipline declared before required parameter $id_tournoi is implicitly treated as a required parameter in APPPATH\Controllers\MatchJController.php on line 164.
 1 SYSTEMPATH\Autoloader\Autoloader.php(317): include_once('C:\\Users\\Mialisoa\\ASA\\interprom\\interprom-back\\system\\Debug\\Exceptions.php')
 2 SYSTEMPATH\Autoloader\Autoloader.php(296): CodeIgniter\Autoloader\Autoloader->includeFile('C:\\Users\\Mialisoa\\ASA\\interprom\\interprom-back\\app\\Controllers\\MatchJController.php')
 3 SYSTEMPATH\Autoloader\Autoloader.php(272): CodeIgniter\Autoloader\Autoloader->loadInNamespace('App\\Controllers\\MatchJController')
 4 [internal function]: CodeIgniter\Autoloader\Autoloader->loadClass('App\\Controllers\\MatchJController')
 5 SYSTEMPATH\CodeIgniter.php(887): class_exists('\\App\\Controllers\\MatchJController', true)
 6 SYSTEMPATH\CodeIgniter.php(496): CodeIgniter\CodeIgniter->startController()
 7 SYSTEMPATH\CodeIgniter.php(355): CodeIgniter\CodeIgniter->handleRequest(null, Object(Config\Cache), false)
 8 SYSTEMPATH\Boot.php(312): CodeIgniter\CodeIgniter->run()
 9 SYSTEMPATH\Boot.php(67): CodeIgniter\Boot::runCodeIgniter(Object(CodeIgniter\CodeIgniter))
10 FCPATH\index.php(62): CodeIgniter\Boot::bootWeb(Object(Config\Paths))
11 SYSTEMPATH\Commands\Server\rewrite.php(49): require_once('C:\\Users\\Mialisoa\\ASA\\interprom\\interprom-back\\public\\index.php')
WARNING - 2025-05-15 20:09:45 --> [DEPRECATED] Optional parameter $id_discipline declared before required parameter $id_tournoi is implicitly treated as a required parameter in APPPATH\Controllers\MatchJController.php on line 164.
 1 SYSTEMPATH\Autoloader\Autoloader.php(317): include_once('C:\\Users\\Mialisoa\\ASA\\interprom\\interprom-back\\system\\Debug\\Exceptions.php')
 2 SYSTEMPATH\Autoloader\Autoloader.php(296): CodeIgniter\Autoloader\Autoloader->includeFile('C:\\Users\\Mialisoa\\ASA\\interprom\\interprom-back\\app\\Controllers\\MatchJController.php')
 3 SYSTEMPATH\Autoloader\Autoloader.php(272): CodeIgniter\Autoloader\Autoloader->loadInNamespace('App\\Controllers\\MatchJController')
 4 [internal function]: CodeIgniter\Autoloader\Autoloader->loadClass('App\\Controllers\\MatchJController')
 5 SYSTEMPATH\CodeIgniter.php(887): class_exists('\\App\\Controllers\\MatchJController', true)
 6 SYSTEMPATH\CodeIgniter.php(496): CodeIgniter\CodeIgniter->startController()
 7 SYSTEMPATH\CodeIgniter.php(355): CodeIgniter\CodeIgniter->handleRequest(null, Object(Config\Cache), false)
 8 SYSTEMPATH\Boot.php(312): CodeIgniter\CodeIgniter->run()
 9 SYSTEMPATH\Boot.php(67): CodeIgniter\Boot::runCodeIgniter(Object(CodeIgniter\CodeIgniter))
10 FCPATH\index.php(62): CodeIgniter\Boot::bootWeb(Object(Config\Paths))
11 SYSTEMPATH\Commands\Server\rewrite.php(49): require_once('C:\\Users\\Mialisoa\\ASA\\interprom\\interprom-back\\public\\index.php')
WARNING - 2025-05-15 20:10:34 --> [DEPRECATED] Optional parameter $id_discipline declared before required parameter $id_tournoi is implicitly treated as a required parameter in APPPATH\Controllers\MatchJController.php on line 164.
 1 SYSTEMPATH\Autoloader\Autoloader.php(317): include_once('C:\\Users\\Mialisoa\\ASA\\interprom\\interprom-back\\system\\Debug\\Exceptions.php')
 2 SYSTEMPATH\Autoloader\Autoloader.php(296): CodeIgniter\Autoloader\Autoloader->includeFile('C:\\Users\\Mialisoa\\ASA\\interprom\\interprom-back\\app\\Controllers\\MatchJController.php')
 3 SYSTEMPATH\Autoloader\Autoloader.php(272): CodeIgniter\Autoloader\Autoloader->loadInNamespace('App\\Controllers\\MatchJController')
 4 [internal function]: CodeIgniter\Autoloader\Autoloader->loadClass('App\\Controllers\\MatchJController')
 5 SYSTEMPATH\CodeIgniter.php(887): class_exists('\\App\\Controllers\\MatchJController', true)
 6 SYSTEMPATH\CodeIgniter.php(496): CodeIgniter\CodeIgniter->startController()
 7 SYSTEMPATH\CodeIgniter.php(355): CodeIgniter\CodeIgniter->handleRequest(null, Object(Config\Cache), false)
 8 SYSTEMPATH\Boot.php(312): CodeIgniter\CodeIgniter->run()
 9 SYSTEMPATH\Boot.php(67): CodeIgniter\Boot::runCodeIgniter(Object(CodeIgniter\CodeIgniter))
10 FCPATH\index.php(62): CodeIgniter\Boot::bootWeb(Object(Config\Paths))
11 SYSTEMPATH\Commands\Server\rewrite.php(49): require_once('C:\\Users\\Mialisoa\\ASA\\interprom\\interprom-back\\public\\index.php')
WARNING - 2025-05-15 20:10:34 --> [DEPRECATED] Optional parameter $id_discipline declared before required parameter $id_tournoi is implicitly treated as a required parameter in APPPATH\Controllers\MatchJController.php on line 164.
 1 SYSTEMPATH\Autoloader\Autoloader.php(317): include_once('C:\\Users\\Mialisoa\\ASA\\interprom\\interprom-back\\system\\Debug\\Exceptions.php')
 2 SYSTEMPATH\Autoloader\Autoloader.php(296): CodeIgniter\Autoloader\Autoloader->includeFile('C:\\Users\\Mialisoa\\ASA\\interprom\\interprom-back\\app\\Controllers\\MatchJController.php')
 3 SYSTEMPATH\Autoloader\Autoloader.php(272): CodeIgniter\Autoloader\Autoloader->loadInNamespace('App\\Controllers\\MatchJController')
 4 [internal function]: CodeIgniter\Autoloader\Autoloader->loadClass('App\\Controllers\\MatchJController')
 5 SYSTEMPATH\CodeIgniter.php(887): class_exists('\\App\\Controllers\\MatchJController', true)
 6 SYSTEMPATH\CodeIgniter.php(496): CodeIgniter\CodeIgniter->startController()
 7 SYSTEMPATH\CodeIgniter.php(355): CodeIgniter\CodeIgniter->handleRequest(null, Object(Config\Cache), false)
 8 SYSTEMPATH\Boot.php(312): CodeIgniter\CodeIgniter->run()
 9 SYSTEMPATH\Boot.php(67): CodeIgniter\Boot::runCodeIgniter(Object(CodeIgniter\CodeIgniter))
10 FCPATH\index.php(62): CodeIgniter\Boot::bootWeb(Object(Config\Paths))
11 SYSTEMPATH\Commands\Server\rewrite.php(49): require_once('C:\\Users\\Mialisoa\\ASA\\interprom\\interprom-back\\public\\index.php')
WARNING - 2025-05-15 20:10:35 --> [DEPRECATED] Optional parameter $id_discipline declared before required parameter $id_tournoi is implicitly treated as a required parameter in APPPATH\Controllers\MatchJController.php on line 164.
 1 SYSTEMPATH\Autoloader\Autoloader.php(317): include_once('C:\\Users\\Mialisoa\\ASA\\interprom\\interprom-back\\system\\Debug\\Exceptions.php')
 2 SYSTEMPATH\Autoloader\Autoloader.php(296): CodeIgniter\Autoloader\Autoloader->includeFile('C:\\Users\\Mialisoa\\ASA\\interprom\\interprom-back\\app\\Controllers\\MatchJController.php')
 3 SYSTEMPATH\Autoloader\Autoloader.php(272): CodeIgniter\Autoloader\Autoloader->loadInNamespace('App\\Controllers\\MatchJController')
 4 [internal function]: CodeIgniter\Autoloader\Autoloader->loadClass('App\\Controllers\\MatchJController')
 5 SYSTEMPATH\CodeIgniter.php(887): class_exists('\\App\\Controllers\\MatchJController', true)
 6 SYSTEMPATH\CodeIgniter.php(496): CodeIgniter\CodeIgniter->startController()
 7 SYSTEMPATH\CodeIgniter.php(355): CodeIgniter\CodeIgniter->handleRequest(null, Object(Config\Cache), false)
 8 SYSTEMPATH\Boot.php(312): CodeIgniter\CodeIgniter->run()
 9 SYSTEMPATH\Boot.php(67): CodeIgniter\Boot::runCodeIgniter(Object(CodeIgniter\CodeIgniter))
10 FCPATH\index.php(62): CodeIgniter\Boot::bootWeb(Object(Config\Paths))
11 SYSTEMPATH\Commands\Server\rewrite.php(49): require_once('C:\\Users\\Mialisoa\\ASA\\interprom\\interprom-back\\public\\index.php')
WARNING - 2025-05-15 20:10:35 --> [DEPRECATED] Optional parameter $id_discipline declared before required parameter $id_tournoi is implicitly treated as a required parameter in APPPATH\Controllers\MatchJController.php on line 164.
 1 SYSTEMPATH\Autoloader\Autoloader.php(317): include_once('C:\\Users\\Mialisoa\\ASA\\interprom\\interprom-back\\system\\Debug\\Exceptions.php')
 2 SYSTEMPATH\Autoloader\Autoloader.php(296): CodeIgniter\Autoloader\Autoloader->includeFile('C:\\Users\\Mialisoa\\ASA\\interprom\\interprom-back\\app\\Controllers\\MatchJController.php')
 3 SYSTEMPATH\Autoloader\Autoloader.php(272): CodeIgniter\Autoloader\Autoloader->loadInNamespace('App\\Controllers\\MatchJController')
 4 [internal function]: CodeIgniter\Autoloader\Autoloader->loadClass('App\\Controllers\\MatchJController')
 5 SYSTEMPATH\CodeIgniter.php(887): class_exists('\\App\\Controllers\\MatchJController', true)
 6 SYSTEMPATH\CodeIgniter.php(496): CodeIgniter\CodeIgniter->startController()
 7 SYSTEMPATH\CodeIgniter.php(355): CodeIgniter\CodeIgniter->handleRequest(null, Object(Config\Cache), false)
 8 SYSTEMPATH\Boot.php(312): CodeIgniter\CodeIgniter->run()
 9 SYSTEMPATH\Boot.php(67): CodeIgniter\Boot::runCodeIgniter(Object(CodeIgniter\CodeIgniter))
10 FCPATH\index.php(62): CodeIgniter\Boot::bootWeb(Object(Config\Paths))
11 SYSTEMPATH\Commands\Server\rewrite.php(49): require_once('C:\\Users\\Mialisoa\\ASA\\interprom\\interprom-back\\public\\index.php')
WARNING - 2025-05-15 20:10:40 --> [DEPRECATED] Optional parameter $id_discipline declared before required parameter $id_tournoi is implicitly treated as a required parameter in APPPATH\Controllers\MatchJController.php on line 164.
 1 SYSTEMPATH\Autoloader\Autoloader.php(317): include_once('C:\\Users\\Mialisoa\\ASA\\interprom\\interprom-back\\system\\Debug\\Exceptions.php')
 2 SYSTEMPATH\Autoloader\Autoloader.php(296): CodeIgniter\Autoloader\Autoloader->includeFile('C:\\Users\\Mialisoa\\ASA\\interprom\\interprom-back\\app\\Controllers\\MatchJController.php')
 3 SYSTEMPATH\Autoloader\Autoloader.php(272): CodeIgniter\Autoloader\Autoloader->loadInNamespace('App\\Controllers\\MatchJController')
 4 [internal function]: CodeIgniter\Autoloader\Autoloader->loadClass('App\\Controllers\\MatchJController')
 5 SYSTEMPATH\CodeIgniter.php(887): class_exists('\\App\\Controllers\\MatchJController', true)
 6 SYSTEMPATH\CodeIgniter.php(496): CodeIgniter\CodeIgniter->startController()
 7 SYSTEMPATH\CodeIgniter.php(355): CodeIgniter\CodeIgniter->handleRequest(null, Object(Config\Cache), false)
 8 SYSTEMPATH\Boot.php(312): CodeIgniter\CodeIgniter->run()
 9 SYSTEMPATH\Boot.php(67): CodeIgniter\Boot::runCodeIgniter(Object(CodeIgniter\CodeIgniter))
10 FCPATH\index.php(62): CodeIgniter\Boot::bootWeb(Object(Config\Paths))
11 SYSTEMPATH\Commands\Server\rewrite.php(49): require_once('C:\\Users\\Mialisoa\\ASA\\interprom\\interprom-back\\public\\index.php')
WARNING - 2025-05-15 20:10:40 --> [DEPRECATED] Optional parameter $id_discipline declared before required parameter $id_tournoi is implicitly treated as a required parameter in APPPATH\Controllers\MatchJController.php on line 164.
 1 SYSTEMPATH\Autoloader\Autoloader.php(317): include_once('C:\\Users\\Mialisoa\\ASA\\interprom\\interprom-back\\system\\Debug\\Exceptions.php')
 2 SYSTEMPATH\Autoloader\Autoloader.php(296): CodeIgniter\Autoloader\Autoloader->includeFile('C:\\Users\\Mialisoa\\ASA\\interprom\\interprom-back\\app\\Controllers\\MatchJController.php')
 3 SYSTEMPATH\Autoloader\Autoloader.php(272): CodeIgniter\Autoloader\Autoloader->loadInNamespace('App\\Controllers\\MatchJController')
 4 [internal function]: CodeIgniter\Autoloader\Autoloader->loadClass('App\\Controllers\\MatchJController')
 5 SYSTEMPATH\CodeIgniter.php(887): class_exists('\\App\\Controllers\\MatchJController', true)
 6 SYSTEMPATH\CodeIgniter.php(496): CodeIgniter\CodeIgniter->startController()
 7 SYSTEMPATH\CodeIgniter.php(355): CodeIgniter\CodeIgniter->handleRequest(null, Object(Config\Cache), false)
 8 SYSTEMPATH\Boot.php(312): CodeIgniter\CodeIgniter->run()
 9 SYSTEMPATH\Boot.php(67): CodeIgniter\Boot::runCodeIgniter(Object(CodeIgniter\CodeIgniter))
10 FCPATH\index.php(62): CodeIgniter\Boot::bootWeb(Object(Config\Paths))
11 SYSTEMPATH\Commands\Server\rewrite.php(49): require_once('C:\\Users\\Mialisoa\\ASA\\interprom\\interprom-back\\public\\index.php')
WARNING - 2025-05-15 20:10:44 --> [DEPRECATED] Optional parameter $id_discipline declared before required parameter $id_tournoi is implicitly treated as a required parameter in APPPATH\Controllers\MatchJController.php on line 164.
 1 SYSTEMPATH\Autoloader\Autoloader.php(317): include_once('C:\\Users\\Mialisoa\\ASA\\interprom\\interprom-back\\system\\Debug\\Exceptions.php')
 2 SYSTEMPATH\Autoloader\Autoloader.php(296): CodeIgniter\Autoloader\Autoloader->includeFile('C:\\Users\\Mialisoa\\ASA\\interprom\\interprom-back\\app\\Controllers\\MatchJController.php')
 3 SYSTEMPATH\Autoloader\Autoloader.php(272): CodeIgniter\Autoloader\Autoloader->loadInNamespace('App\\Controllers\\MatchJController')
 4 [internal function]: CodeIgniter\Autoloader\Autoloader->loadClass('App\\Controllers\\MatchJController')
 5 SYSTEMPATH\CodeIgniter.php(887): class_exists('\\App\\Controllers\\MatchJController', true)
 6 SYSTEMPATH\CodeIgniter.php(496): CodeIgniter\CodeIgniter->startController()
 7 SYSTEMPATH\CodeIgniter.php(355): CodeIgniter\CodeIgniter->handleRequest(null, Object(Config\Cache), false)
 8 SYSTEMPATH\Boot.php(312): CodeIgniter\CodeIgniter->run()
 9 SYSTEMPATH\Boot.php(67): CodeIgniter\Boot::runCodeIgniter(Object(CodeIgniter\CodeIgniter))
10 FCPATH\index.php(62): CodeIgniter\Boot::bootWeb(Object(Config\Paths))
11 SYSTEMPATH\Commands\Server\rewrite.php(49): require_once('C:\\Users\\Mialisoa\\ASA\\interprom\\interprom-back\\public\\index.php')
WARNING - 2025-05-15 20:10:45 --> [DEPRECATED] Optional parameter $id_discipline declared before required parameter $id_tournoi is implicitly treated as a required parameter in APPPATH\Controllers\MatchJController.php on line 164.
 1 SYSTEMPATH\Autoloader\Autoloader.php(317): include_once('C:\\Users\\Mialisoa\\ASA\\interprom\\interprom-back\\system\\Debug\\Exceptions.php')
 2 SYSTEMPATH\Autoloader\Autoloader.php(296): CodeIgniter\Autoloader\Autoloader->includeFile('C:\\Users\\Mialisoa\\ASA\\interprom\\interprom-back\\app\\Controllers\\MatchJController.php')
 3 SYSTEMPATH\Autoloader\Autoloader.php(272): CodeIgniter\Autoloader\Autoloader->loadInNamespace('App\\Controllers\\MatchJController')
 4 [internal function]: CodeIgniter\Autoloader\Autoloader->loadClass('App\\Controllers\\MatchJController')
 5 SYSTEMPATH\CodeIgniter.php(887): class_exists('\\App\\Controllers\\MatchJController', true)
 6 SYSTEMPATH\CodeIgniter.php(496): CodeIgniter\CodeIgniter->startController()
 7 SYSTEMPATH\CodeIgniter.php(355): CodeIgniter\CodeIgniter->handleRequest(null, Object(Config\Cache), false)
 8 SYSTEMPATH\Boot.php(312): CodeIgniter\CodeIgniter->run()
 9 SYSTEMPATH\Boot.php(67): CodeIgniter\Boot::runCodeIgniter(Object(CodeIgniter\CodeIgniter))
10 FCPATH\index.php(62): CodeIgniter\Boot::bootWeb(Object(Config\Paths))
11 SYSTEMPATH\Commands\Server\rewrite.php(49): require_once('C:\\Users\\Mialisoa\\ASA\\interprom\\interprom-back\\public\\index.php')
WARNING - 2025-05-15 20:10:45 --> [DEPRECATED] Optional parameter $id_discipline declared before required parameter $id_tournoi is implicitly treated as a required parameter in APPPATH\Controllers\MatchJController.php on line 164.
 1 SYSTEMPATH\Autoloader\Autoloader.php(317): include_once('C:\\Users\\Mialisoa\\ASA\\interprom\\interprom-back\\system\\Debug\\Exceptions.php')
 2 SYSTEMPATH\Autoloader\Autoloader.php(296): CodeIgniter\Autoloader\Autoloader->includeFile('C:\\Users\\Mialisoa\\ASA\\interprom\\interprom-back\\app\\Controllers\\MatchJController.php')
 3 SYSTEMPATH\Autoloader\Autoloader.php(272): CodeIgniter\Autoloader\Autoloader->loadInNamespace('App\\Controllers\\MatchJController')
 4 [internal function]: CodeIgniter\Autoloader\Autoloader->loadClass('App\\Controllers\\MatchJController')
 5 SYSTEMPATH\CodeIgniter.php(887): class_exists('\\App\\Controllers\\MatchJController', true)
 6 SYSTEMPATH\CodeIgniter.php(496): CodeIgniter\CodeIgniter->startController()
 7 SYSTEMPATH\CodeIgniter.php(355): CodeIgniter\CodeIgniter->handleRequest(null, Object(Config\Cache), false)
 8 SYSTEMPATH\Boot.php(312): CodeIgniter\CodeIgniter->run()
 9 SYSTEMPATH\Boot.php(67): CodeIgniter\Boot::runCodeIgniter(Object(CodeIgniter\CodeIgniter))
10 FCPATH\index.php(62): CodeIgniter\Boot::bootWeb(Object(Config\Paths))
11 SYSTEMPATH\Commands\Server\rewrite.php(49): require_once('C:\\Users\\Mialisoa\\ASA\\interprom\\interprom-back\\public\\index.php')
WARNING - 2025-05-15 20:10:45 --> [DEPRECATED] Optional parameter $id_discipline declared before required parameter $id_tournoi is implicitly treated as a required parameter in APPPATH\Controllers\MatchJController.php on line 164.
 1 SYSTEMPATH\Autoloader\Autoloader.php(317): include_once('C:\\Users\\Mialisoa\\ASA\\interprom\\interprom-back\\system\\Debug\\Exceptions.php')
 2 SYSTEMPATH\Autoloader\Autoloader.php(296): CodeIgniter\Autoloader\Autoloader->includeFile('C:\\Users\\Mialisoa\\ASA\\interprom\\interprom-back\\app\\Controllers\\MatchJController.php')
 3 SYSTEMPATH\Autoloader\Autoloader.php(272): CodeIgniter\Autoloader\Autoloader->loadInNamespace('App\\Controllers\\MatchJController')
 4 [internal function]: CodeIgniter\Autoloader\Autoloader->loadClass('App\\Controllers\\MatchJController')
 5 SYSTEMPATH\CodeIgniter.php(887): class_exists('\\App\\Controllers\\MatchJController', true)
 6 SYSTEMPATH\CodeIgniter.php(496): CodeIgniter\CodeIgniter->startController()
 7 SYSTEMPATH\CodeIgniter.php(355): CodeIgniter\CodeIgniter->handleRequest(null, Object(Config\Cache), false)
 8 SYSTEMPATH\Boot.php(312): CodeIgniter\CodeIgniter->run()
 9 SYSTEMPATH\Boot.php(67): CodeIgniter\Boot::runCodeIgniter(Object(CodeIgniter\CodeIgniter))
10 FCPATH\index.php(62): CodeIgniter\Boot::bootWeb(Object(Config\Paths))
11 SYSTEMPATH\Commands\Server\rewrite.php(49): require_once('C:\\Users\\Mialisoa\\ASA\\interprom\\interprom-back\\public\\index.php')
WARNING - 2025-05-15 20:10:51 --> [DEPRECATED] Optional parameter $id_discipline declared before required parameter $id_tournoi is implicitly treated as a required parameter in APPPATH\Controllers\MatchJController.php on line 164.
 1 SYSTEMPATH\Autoloader\Autoloader.php(317): include_once('C:\\Users\\Mialisoa\\ASA\\interprom\\interprom-back\\system\\Debug\\Exceptions.php')
 2 SYSTEMPATH\Autoloader\Autoloader.php(296): CodeIgniter\Autoloader\Autoloader->includeFile('C:\\Users\\Mialisoa\\ASA\\interprom\\interprom-back\\app\\Controllers\\MatchJController.php')
 3 SYSTEMPATH\Autoloader\Autoloader.php(272): CodeIgniter\Autoloader\Autoloader->loadInNamespace('App\\Controllers\\MatchJController')
 4 [internal function]: CodeIgniter\Autoloader\Autoloader->loadClass('App\\Controllers\\MatchJController')
 5 SYSTEMPATH\CodeIgniter.php(887): class_exists('\\App\\Controllers\\MatchJController', true)
 6 SYSTEMPATH\CodeIgniter.php(496): CodeIgniter\CodeIgniter->startController()
 7 SYSTEMPATH\CodeIgniter.php(355): CodeIgniter\CodeIgniter->handleRequest(null, Object(Config\Cache), false)
 8 SYSTEMPATH\Boot.php(312): CodeIgniter\CodeIgniter->run()
 9 SYSTEMPATH\Boot.php(67): CodeIgniter\Boot::runCodeIgniter(Object(CodeIgniter\CodeIgniter))
10 FCPATH\index.php(62): CodeIgniter\Boot::bootWeb(Object(Config\Paths))
11 SYSTEMPATH\Commands\Server\rewrite.php(49): require_once('C:\\Users\\Mialisoa\\ASA\\interprom\\interprom-back\\public\\index.php')
WARNING - 2025-05-15 20:10:51 --> [DEPRECATED] Optional parameter $id_discipline declared before required parameter $id_tournoi is implicitly treated as a required parameter in APPPATH\Controllers\MatchJController.php on line 164.
 1 SYSTEMPATH\Autoloader\Autoloader.php(317): include_once('C:\\Users\\Mialisoa\\ASA\\interprom\\interprom-back\\system\\Debug\\Exceptions.php')
 2 SYSTEMPATH\Autoloader\Autoloader.php(296): CodeIgniter\Autoloader\Autoloader->includeFile('C:\\Users\\Mialisoa\\ASA\\interprom\\interprom-back\\app\\Controllers\\MatchJController.php')
 3 SYSTEMPATH\Autoloader\Autoloader.php(272): CodeIgniter\Autoloader\Autoloader->loadInNamespace('App\\Controllers\\MatchJController')
 4 [internal function]: CodeIgniter\Autoloader\Autoloader->loadClass('App\\Controllers\\MatchJController')
 5 SYSTEMPATH\CodeIgniter.php(887): class_exists('\\App\\Controllers\\MatchJController', true)
 6 SYSTEMPATH\CodeIgniter.php(496): CodeIgniter\CodeIgniter->startController()
 7 SYSTEMPATH\CodeIgniter.php(355): CodeIgniter\CodeIgniter->handleRequest(null, Object(Config\Cache), false)
 8 SYSTEMPATH\Boot.php(312): CodeIgniter\CodeIgniter->run()
 9 SYSTEMPATH\Boot.php(67): CodeIgniter\Boot::runCodeIgniter(Object(CodeIgniter\CodeIgniter))
10 FCPATH\index.php(62): CodeIgniter\Boot::bootWeb(Object(Config\Paths))
11 SYSTEMPATH\Commands\Server\rewrite.php(49): require_once('C:\\Users\\Mialisoa\\ASA\\interprom\\interprom-back\\public\\index.php')
WARNING - 2025-05-15 20:11:15 --> [DEPRECATED] Optional parameter $id_discipline declared before required parameter $id_tournoi is implicitly treated as a required parameter in APPPATH\Controllers\MatchJController.php on line 164.
 1 SYSTEMPATH\Autoloader\Autoloader.php(317): include_once('C:\\Users\\Mialisoa\\ASA\\interprom\\interprom-back\\system\\Debug\\Exceptions.php')
 2 SYSTEMPATH\Autoloader\Autoloader.php(296): CodeIgniter\Autoloader\Autoloader->includeFile('C:\\Users\\Mialisoa\\ASA\\interprom\\interprom-back\\app\\Controllers\\MatchJController.php')
 3 SYSTEMPATH\Autoloader\Autoloader.php(272): CodeIgniter\Autoloader\Autoloader->loadInNamespace('App\\Controllers\\MatchJController')
 4 [internal function]: CodeIgniter\Autoloader\Autoloader->loadClass('App\\Controllers\\MatchJController')
 5 SYSTEMPATH\CodeIgniter.php(887): class_exists('\\App\\Controllers\\MatchJController', true)
 6 SYSTEMPATH\CodeIgniter.php(496): CodeIgniter\CodeIgniter->startController()
 7 SYSTEMPATH\CodeIgniter.php(355): CodeIgniter\CodeIgniter->handleRequest(null, Object(Config\Cache), false)
 8 SYSTEMPATH\Boot.php(312): CodeIgniter\CodeIgniter->run()
 9 SYSTEMPATH\Boot.php(67): CodeIgniter\Boot::runCodeIgniter(Object(CodeIgniter\CodeIgniter))
10 FCPATH\index.php(62): CodeIgniter\Boot::bootWeb(Object(Config\Paths))
11 SYSTEMPATH\Commands\Server\rewrite.php(49): require_once('C:\\Users\\Mialisoa\\ASA\\interprom\\interprom-back\\public\\index.php')
WARNING - 2025-05-15 20:11:15 --> [DEPRECATED] Optional parameter $id_discipline declared before required parameter $id_tournoi is implicitly treated as a required parameter in APPPATH\Controllers\MatchJController.php on line 164.
 1 SYSTEMPATH\Autoloader\Autoloader.php(317): include_once('C:\\Users\\Mialisoa\\ASA\\interprom\\interprom-back\\system\\Debug\\Exceptions.php')
 2 SYSTEMPATH\Autoloader\Autoloader.php(296): CodeIgniter\Autoloader\Autoloader->includeFile('C:\\Users\\Mialisoa\\ASA\\interprom\\interprom-back\\app\\Controllers\\MatchJController.php')
 3 SYSTEMPATH\Autoloader\Autoloader.php(272): CodeIgniter\Autoloader\Autoloader->loadInNamespace('App\\Controllers\\MatchJController')
 4 [internal function]: CodeIgniter\Autoloader\Autoloader->loadClass('App\\Controllers\\MatchJController')
 5 SYSTEMPATH\CodeIgniter.php(887): class_exists('\\App\\Controllers\\MatchJController', true)
 6 SYSTEMPATH\CodeIgniter.php(496): CodeIgniter\CodeIgniter->startController()
 7 SYSTEMPATH\CodeIgniter.php(355): CodeIgniter\CodeIgniter->handleRequest(null, Object(Config\Cache), false)
 8 SYSTEMPATH\Boot.php(312): CodeIgniter\CodeIgniter->run()
 9 SYSTEMPATH\Boot.php(67): CodeIgniter\Boot::runCodeIgniter(Object(CodeIgniter\CodeIgniter))
10 FCPATH\index.php(62): CodeIgniter\Boot::bootWeb(Object(Config\Paths))
11 SYSTEMPATH\Commands\Server\rewrite.php(49): require_once('C:\\Users\\Mialisoa\\ASA\\interprom\\interprom-back\\public\\index.php')
WARNING - 2025-05-15 20:11:15 --> [DEPRECATED] Optional parameter $id_discipline declared before required parameter $id_tournoi is implicitly treated as a required parameter in APPPATH\Controllers\MatchJController.php on line 164.
 1 SYSTEMPATH\Autoloader\Autoloader.php(317): include_once('C:\\Users\\Mialisoa\\ASA\\interprom\\interprom-back\\system\\Debug\\Exceptions.php')
 2 SYSTEMPATH\Autoloader\Autoloader.php(296): CodeIgniter\Autoloader\Autoloader->includeFile('C:\\Users\\Mialisoa\\ASA\\interprom\\interprom-back\\app\\Controllers\\MatchJController.php')
 3 SYSTEMPATH\Autoloader\Autoloader.php(272): CodeIgniter\Autoloader\Autoloader->loadInNamespace('App\\Controllers\\MatchJController')
 4 [internal function]: CodeIgniter\Autoloader\Autoloader->loadClass('App\\Controllers\\MatchJController')
 5 SYSTEMPATH\CodeIgniter.php(887): class_exists('\\App\\Controllers\\MatchJController', true)
 6 SYSTEMPATH\CodeIgniter.php(496): CodeIgniter\CodeIgniter->startController()
 7 SYSTEMPATH\CodeIgniter.php(355): CodeIgniter\CodeIgniter->handleRequest(null, Object(Config\Cache), false)
 8 SYSTEMPATH\Boot.php(312): CodeIgniter\CodeIgniter->run()
 9 SYSTEMPATH\Boot.php(67): CodeIgniter\Boot::runCodeIgniter(Object(CodeIgniter\CodeIgniter))
10 FCPATH\index.php(62): CodeIgniter\Boot::bootWeb(Object(Config\Paths))
11 SYSTEMPATH\Commands\Server\rewrite.php(49): require_once('C:\\Users\\Mialisoa\\ASA\\interprom\\interprom-back\\public\\index.php')
WARNING - 2025-05-15 20:11:16 --> [DEPRECATED] Optional parameter $id_discipline declared before required parameter $id_tournoi is implicitly treated as a required parameter in APPPATH\Controllers\MatchJController.php on line 164.
 1 SYSTEMPATH\Autoloader\Autoloader.php(317): include_once('C:\\Users\\Mialisoa\\ASA\\interprom\\interprom-back\\system\\Debug\\Exceptions.php')
 2 SYSTEMPATH\Autoloader\Autoloader.php(296): CodeIgniter\Autoloader\Autoloader->includeFile('C:\\Users\\Mialisoa\\ASA\\interprom\\interprom-back\\app\\Controllers\\MatchJController.php')
 3 SYSTEMPATH\Autoloader\Autoloader.php(272): CodeIgniter\Autoloader\Autoloader->loadInNamespace('App\\Controllers\\MatchJController')
 4 [internal function]: CodeIgniter\Autoloader\Autoloader->loadClass('App\\Controllers\\MatchJController')
 5 SYSTEMPATH\CodeIgniter.php(887): class_exists('\\App\\Controllers\\MatchJController', true)
 6 SYSTEMPATH\CodeIgniter.php(496): CodeIgniter\CodeIgniter->startController()
 7 SYSTEMPATH\CodeIgniter.php(355): CodeIgniter\CodeIgniter->handleRequest(null, Object(Config\Cache), false)
 8 SYSTEMPATH\Boot.php(312): CodeIgniter\CodeIgniter->run()
 9 SYSTEMPATH\Boot.php(67): CodeIgniter\Boot::runCodeIgniter(Object(CodeIgniter\CodeIgniter))
10 FCPATH\index.php(62): CodeIgniter\Boot::bootWeb(Object(Config\Paths))
11 SYSTEMPATH\Commands\Server\rewrite.php(49): require_once('C:\\Users\\Mialisoa\\ASA\\interprom\\interprom-back\\public\\index.php')
WARNING - 2025-05-15 20:11:18 --> [DEPRECATED] Optional parameter $id_discipline declared before required parameter $id_tournoi is implicitly treated as a required parameter in APPPATH\Controllers\MatchJController.php on line 164.
 1 SYSTEMPATH\Autoloader\Autoloader.php(317): include_once('C:\\Users\\Mialisoa\\ASA\\interprom\\interprom-back\\system\\Debug\\Exceptions.php')
 2 SYSTEMPATH\Autoloader\Autoloader.php(296): CodeIgniter\Autoloader\Autoloader->includeFile('C:\\Users\\Mialisoa\\ASA\\interprom\\interprom-back\\app\\Controllers\\MatchJController.php')
 3 SYSTEMPATH\Autoloader\Autoloader.php(272): CodeIgniter\Autoloader\Autoloader->loadInNamespace('App\\Controllers\\MatchJController')
 4 [internal function]: CodeIgniter\Autoloader\Autoloader->loadClass('App\\Controllers\\MatchJController')
 5 SYSTEMPATH\CodeIgniter.php(887): class_exists('\\App\\Controllers\\MatchJController', true)
 6 SYSTEMPATH\CodeIgniter.php(496): CodeIgniter\CodeIgniter->startController()
 7 SYSTEMPATH\CodeIgniter.php(355): CodeIgniter\CodeIgniter->handleRequest(null, Object(Config\Cache), false)
 8 SYSTEMPATH\Boot.php(312): CodeIgniter\CodeIgniter->run()
 9 SYSTEMPATH\Boot.php(67): CodeIgniter\Boot::runCodeIgniter(Object(CodeIgniter\CodeIgniter))
10 FCPATH\index.php(62): CodeIgniter\Boot::bootWeb(Object(Config\Paths))
11 SYSTEMPATH\Commands\Server\rewrite.php(49): require_once('C:\\Users\\Mialisoa\\ASA\\interprom\\interprom-back\\public\\index.php')
WARNING - 2025-05-15 20:11:18 --> [DEPRECATED] Optional parameter $id_discipline declared before required parameter $id_tournoi is implicitly treated as a required parameter in APPPATH\Controllers\MatchJController.php on line 164.
 1 SYSTEMPATH\Autoloader\Autoloader.php(317): include_once('C:\\Users\\Mialisoa\\ASA\\interprom\\interprom-back\\system\\Debug\\Exceptions.php')
 2 SYSTEMPATH\Autoloader\Autoloader.php(296): CodeIgniter\Autoloader\Autoloader->includeFile('C:\\Users\\Mialisoa\\ASA\\interprom\\interprom-back\\app\\Controllers\\MatchJController.php')
 3 SYSTEMPATH\Autoloader\Autoloader.php(272): CodeIgniter\Autoloader\Autoloader->loadInNamespace('App\\Controllers\\MatchJController')
 4 [internal function]: CodeIgniter\Autoloader\Autoloader->loadClass('App\\Controllers\\MatchJController')
 5 SYSTEMPATH\CodeIgniter.php(887): class_exists('\\App\\Controllers\\MatchJController', true)
 6 SYSTEMPATH\CodeIgniter.php(496): CodeIgniter\CodeIgniter->startController()
 7 SYSTEMPATH\CodeIgniter.php(355): CodeIgniter\CodeIgniter->handleRequest(null, Object(Config\Cache), false)
 8 SYSTEMPATH\Boot.php(312): CodeIgniter\CodeIgniter->run()
 9 SYSTEMPATH\Boot.php(67): CodeIgniter\Boot::runCodeIgniter(Object(CodeIgniter\CodeIgniter))
10 FCPATH\index.php(62): CodeIgniter\Boot::bootWeb(Object(Config\Paths))
11 SYSTEMPATH\Commands\Server\rewrite.php(49): require_once('C:\\Users\\Mialisoa\\ASA\\interprom\\interprom-back\\public\\index.php')
WARNING - 2025-05-15 20:11:28 --> [DEPRECATED] Optional parameter $id_discipline declared before required parameter $id_tournoi is implicitly treated as a required parameter in APPPATH\Controllers\MatchJController.php on line 164.
 1 SYSTEMPATH\Autoloader\Autoloader.php(317): include_once('C:\\Users\\Mialisoa\\ASA\\interprom\\interprom-back\\system\\Debug\\Exceptions.php')
 2 SYSTEMPATH\Autoloader\Autoloader.php(296): CodeIgniter\Autoloader\Autoloader->includeFile('C:\\Users\\Mialisoa\\ASA\\interprom\\interprom-back\\app\\Controllers\\MatchJController.php')
 3 SYSTEMPATH\Autoloader\Autoloader.php(272): CodeIgniter\Autoloader\Autoloader->loadInNamespace('App\\Controllers\\MatchJController')
 4 [internal function]: CodeIgniter\Autoloader\Autoloader->loadClass('App\\Controllers\\MatchJController')
 5 SYSTEMPATH\CodeIgniter.php(887): class_exists('\\App\\Controllers\\MatchJController', true)
 6 SYSTEMPATH\CodeIgniter.php(496): CodeIgniter\CodeIgniter->startController()
 7 SYSTEMPATH\CodeIgniter.php(355): CodeIgniter\CodeIgniter->handleRequest(null, Object(Config\Cache), false)
 8 SYSTEMPATH\Boot.php(312): CodeIgniter\CodeIgniter->run()
 9 SYSTEMPATH\Boot.php(67): CodeIgniter\Boot::runCodeIgniter(Object(CodeIgniter\CodeIgniter))
10 FCPATH\index.php(62): CodeIgniter\Boot::bootWeb(Object(Config\Paths))
11 SYSTEMPATH\Commands\Server\rewrite.php(49): require_once('C:\\Users\\Mialisoa\\ASA\\interprom\\interprom-back\\public\\index.php')
WARNING - 2025-05-15 20:11:28 --> [DEPRECATED] Optional parameter $id_discipline declared before required parameter $id_tournoi is implicitly treated as a required parameter in APPPATH\Controllers\MatchJController.php on line 164.
 1 SYSTEMPATH\Autoloader\Autoloader.php(317): include_once('C:\\Users\\Mialisoa\\ASA\\interprom\\interprom-back\\system\\Debug\\Exceptions.php')
 2 SYSTEMPATH\Autoloader\Autoloader.php(296): CodeIgniter\Autoloader\Autoloader->includeFile('C:\\Users\\Mialisoa\\ASA\\interprom\\interprom-back\\app\\Controllers\\MatchJController.php')
 3 SYSTEMPATH\Autoloader\Autoloader.php(272): CodeIgniter\Autoloader\Autoloader->loadInNamespace('App\\Controllers\\MatchJController')
 4 [internal function]: CodeIgniter\Autoloader\Autoloader->loadClass('App\\Controllers\\MatchJController')
 5 SYSTEMPATH\CodeIgniter.php(887): class_exists('\\App\\Controllers\\MatchJController', true)
 6 SYSTEMPATH\CodeIgniter.php(496): CodeIgniter\CodeIgniter->startController()
 7 SYSTEMPATH\CodeIgniter.php(355): CodeIgniter\CodeIgniter->handleRequest(null, Object(Config\Cache), false)
 8 SYSTEMPATH\Boot.php(312): CodeIgniter\CodeIgniter->run()
 9 SYSTEMPATH\Boot.php(67): CodeIgniter\Boot::runCodeIgniter(Object(CodeIgniter\CodeIgniter))
10 FCPATH\index.php(62): CodeIgniter\Boot::bootWeb(Object(Config\Paths))
11 SYSTEMPATH\Commands\Server\rewrite.php(49): require_once('C:\\Users\\Mialisoa\\ASA\\interprom\\interprom-back\\public\\index.php')
WARNING - 2025-05-15 20:11:28 --> [DEPRECATED] Optional parameter $id_discipline declared before required parameter $id_tournoi is implicitly treated as a required parameter in APPPATH\Controllers\MatchJController.php on line 164.
 1 SYSTEMPATH\Autoloader\Autoloader.php(317): include_once('C:\\Users\\Mialisoa\\ASA\\interprom\\interprom-back\\system\\Debug\\Exceptions.php')
 2 SYSTEMPATH\Autoloader\Autoloader.php(296): CodeIgniter\Autoloader\Autoloader->includeFile('C:\\Users\\Mialisoa\\ASA\\interprom\\interprom-back\\app\\Controllers\\MatchJController.php')
 3 SYSTEMPATH\Autoloader\Autoloader.php(272): CodeIgniter\Autoloader\Autoloader->loadInNamespace('App\\Controllers\\MatchJController')
 4 [internal function]: CodeIgniter\Autoloader\Autoloader->loadClass('App\\Controllers\\MatchJController')
 5 SYSTEMPATH\CodeIgniter.php(887): class_exists('\\App\\Controllers\\MatchJController', true)
 6 SYSTEMPATH\CodeIgniter.php(496): CodeIgniter\CodeIgniter->startController()
 7 SYSTEMPATH\CodeIgniter.php(355): CodeIgniter\CodeIgniter->handleRequest(null, Object(Config\Cache), false)
 8 SYSTEMPATH\Boot.php(312): CodeIgniter\CodeIgniter->run()
 9 SYSTEMPATH\Boot.php(67): CodeIgniter\Boot::runCodeIgniter(Object(CodeIgniter\CodeIgniter))
10 FCPATH\index.php(62): CodeIgniter\Boot::bootWeb(Object(Config\Paths))
11 SYSTEMPATH\Commands\Server\rewrite.php(49): require_once('C:\\Users\\Mialisoa\\ASA\\interprom\\interprom-back\\public\\index.php')
WARNING - 2025-05-15 20:11:29 --> [DEPRECATED] Optional parameter $id_discipline declared before required parameter $id_tournoi is implicitly treated as a required parameter in APPPATH\Controllers\MatchJController.php on line 164.
 1 SYSTEMPATH\Autoloader\Autoloader.php(317): include_once('C:\\Users\\Mialisoa\\ASA\\interprom\\interprom-back\\system\\Debug\\Exceptions.php')
 2 SYSTEMPATH\Autoloader\Autoloader.php(296): CodeIgniter\Autoloader\Autoloader->includeFile('C:\\Users\\Mialisoa\\ASA\\interprom\\interprom-back\\app\\Controllers\\MatchJController.php')
 3 SYSTEMPATH\Autoloader\Autoloader.php(272): CodeIgniter\Autoloader\Autoloader->loadInNamespace('App\\Controllers\\MatchJController')
 4 [internal function]: CodeIgniter\Autoloader\Autoloader->loadClass('App\\Controllers\\MatchJController')
 5 SYSTEMPATH\CodeIgniter.php(887): class_exists('\\App\\Controllers\\MatchJController', true)
 6 SYSTEMPATH\CodeIgniter.php(496): CodeIgniter\CodeIgniter->startController()
 7 SYSTEMPATH\CodeIgniter.php(355): CodeIgniter\CodeIgniter->handleRequest(null, Object(Config\Cache), false)
 8 SYSTEMPATH\Boot.php(312): CodeIgniter\CodeIgniter->run()
 9 SYSTEMPATH\Boot.php(67): CodeIgniter\Boot::runCodeIgniter(Object(CodeIgniter\CodeIgniter))
10 FCPATH\index.php(62): CodeIgniter\Boot::bootWeb(Object(Config\Paths))
11 SYSTEMPATH\Commands\Server\rewrite.php(49): require_once('C:\\Users\\Mialisoa\\ASA\\interprom\\interprom-back\\public\\index.php')
WARNING - 2025-05-15 20:11:30 --> [DEPRECATED] Optional parameter $id_discipline declared before required parameter $id_tournoi is implicitly treated as a required parameter in APPPATH\Controllers\MatchJController.php on line 164.
 1 SYSTEMPATH\Autoloader\Autoloader.php(317): include_once('C:\\Users\\Mialisoa\\ASA\\interprom\\interprom-back\\system\\Debug\\Exceptions.php')
 2 SYSTEMPATH\Autoloader\Autoloader.php(296): CodeIgniter\Autoloader\Autoloader->includeFile('C:\\Users\\Mialisoa\\ASA\\interprom\\interprom-back\\app\\Controllers\\MatchJController.php')
 3 SYSTEMPATH\Autoloader\Autoloader.php(272): CodeIgniter\Autoloader\Autoloader->loadInNamespace('App\\Controllers\\MatchJController')
 4 [internal function]: CodeIgniter\Autoloader\Autoloader->loadClass('App\\Controllers\\MatchJController')
 5 SYSTEMPATH\CodeIgniter.php(887): class_exists('\\App\\Controllers\\MatchJController', true)
 6 SYSTEMPATH\CodeIgniter.php(496): CodeIgniter\CodeIgniter->startController()
 7 SYSTEMPATH\CodeIgniter.php(355): CodeIgniter\CodeIgniter->handleRequest(null, Object(Config\Cache), false)
 8 SYSTEMPATH\Boot.php(312): CodeIgniter\CodeIgniter->run()
 9 SYSTEMPATH\Boot.php(67): CodeIgniter\Boot::runCodeIgniter(Object(CodeIgniter\CodeIgniter))
10 FCPATH\index.php(62): CodeIgniter\Boot::bootWeb(Object(Config\Paths))
11 SYSTEMPATH\Commands\Server\rewrite.php(49): require_once('C:\\Users\\Mialisoa\\ASA\\interprom\\interprom-back\\public\\index.php')
WARNING - 2025-05-15 20:11:31 --> [DEPRECATED] Optional parameter $id_discipline declared before required parameter $id_tournoi is implicitly treated as a required parameter in APPPATH\Controllers\MatchJController.php on line 164.
 1 SYSTEMPATH\Autoloader\Autoloader.php(317): include_once('C:\\Users\\Mialisoa\\ASA\\interprom\\interprom-back\\system\\Debug\\Exceptions.php')
 2 SYSTEMPATH\Autoloader\Autoloader.php(296): CodeIgniter\Autoloader\Autoloader->includeFile('C:\\Users\\Mialisoa\\ASA\\interprom\\interprom-back\\app\\Controllers\\MatchJController.php')
 3 SYSTEMPATH\Autoloader\Autoloader.php(272): CodeIgniter\Autoloader\Autoloader->loadInNamespace('App\\Controllers\\MatchJController')
 4 [internal function]: CodeIgniter\Autoloader\Autoloader->loadClass('App\\Controllers\\MatchJController')
 5 SYSTEMPATH\CodeIgniter.php(887): class_exists('\\App\\Controllers\\MatchJController', true)
 6 SYSTEMPATH\CodeIgniter.php(496): CodeIgniter\CodeIgniter->startController()
 7 SYSTEMPATH\CodeIgniter.php(355): CodeIgniter\CodeIgniter->handleRequest(null, Object(Config\Cache), false)
 8 SYSTEMPATH\Boot.php(312): CodeIgniter\CodeIgniter->run()
 9 SYSTEMPATH\Boot.php(67): CodeIgniter\Boot::runCodeIgniter(Object(CodeIgniter\CodeIgniter))
10 FCPATH\index.php(62): CodeIgniter\Boot::bootWeb(Object(Config\Paths))
11 SYSTEMPATH\Commands\Server\rewrite.php(49): require_once('C:\\Users\\Mialisoa\\ASA\\interprom\\interprom-back\\public\\index.php')
WARNING - 2025-05-15 20:11:31 --> [DEPRECATED] Optional parameter $id_discipline declared before required parameter $id_tournoi is implicitly treated as a required parameter in APPPATH\Controllers\MatchJController.php on line 164.
 1 SYSTEMPATH\Autoloader\Autoloader.php(317): include_once('C:\\Users\\Mialisoa\\ASA\\interprom\\interprom-back\\system\\Debug\\Exceptions.php')
 2 SYSTEMPATH\Autoloader\Autoloader.php(296): CodeIgniter\Autoloader\Autoloader->includeFile('C:\\Users\\Mialisoa\\ASA\\interprom\\interprom-back\\app\\Controllers\\MatchJController.php')
 3 SYSTEMPATH\Autoloader\Autoloader.php(272): CodeIgniter\Autoloader\Autoloader->loadInNamespace('App\\Controllers\\MatchJController')
 4 [internal function]: CodeIgniter\Autoloader\Autoloader->loadClass('App\\Controllers\\MatchJController')
 5 SYSTEMPATH\CodeIgniter.php(887): class_exists('\\App\\Controllers\\MatchJController', true)
 6 SYSTEMPATH\CodeIgniter.php(496): CodeIgniter\CodeIgniter->startController()
 7 SYSTEMPATH\CodeIgniter.php(355): CodeIgniter\CodeIgniter->handleRequest(null, Object(Config\Cache), false)
 8 SYSTEMPATH\Boot.php(312): CodeIgniter\CodeIgniter->run()
 9 SYSTEMPATH\Boot.php(67): CodeIgniter\Boot::runCodeIgniter(Object(CodeIgniter\CodeIgniter))
10 FCPATH\index.php(62): CodeIgniter\Boot::bootWeb(Object(Config\Paths))
11 SYSTEMPATH\Commands\Server\rewrite.php(49): require_once('C:\\Users\\Mialisoa\\ASA\\interprom\\interprom-back\\public\\index.php')
WARNING - 2025-05-15 20:11:31 --> [DEPRECATED] Optional parameter $id_discipline declared before required parameter $id_tournoi is implicitly treated as a required parameter in APPPATH\Controllers\MatchJController.php on line 164.
 1 SYSTEMPATH\Autoloader\Autoloader.php(317): include_once('C:\\Users\\Mialisoa\\ASA\\interprom\\interprom-back\\system\\Debug\\Exceptions.php')
 2 SYSTEMPATH\Autoloader\Autoloader.php(296): CodeIgniter\Autoloader\Autoloader->includeFile('C:\\Users\\Mialisoa\\ASA\\interprom\\interprom-back\\app\\Controllers\\MatchJController.php')
 3 SYSTEMPATH\Autoloader\Autoloader.php(272): CodeIgniter\Autoloader\Autoloader->loadInNamespace('App\\Controllers\\MatchJController')
 4 [internal function]: CodeIgniter\Autoloader\Autoloader->loadClass('App\\Controllers\\MatchJController')
 5 SYSTEMPATH\CodeIgniter.php(887): class_exists('\\App\\Controllers\\MatchJController', true)
 6 SYSTEMPATH\CodeIgniter.php(496): CodeIgniter\CodeIgniter->startController()
 7 SYSTEMPATH\CodeIgniter.php(355): CodeIgniter\CodeIgniter->handleRequest(null, Object(Config\Cache), false)
 8 SYSTEMPATH\Boot.php(312): CodeIgniter\CodeIgniter->run()
 9 SYSTEMPATH\Boot.php(67): CodeIgniter\Boot::runCodeIgniter(Object(CodeIgniter\CodeIgniter))
10 FCPATH\index.php(62): CodeIgniter\Boot::bootWeb(Object(Config\Paths))
11 SYSTEMPATH\Commands\Server\rewrite.php(49): require_once('C:\\Users\\Mialisoa\\ASA\\interprom\\interprom-back\\public\\index.php')
WARNING - 2025-05-15 20:11:32 --> [DEPRECATED] Optional parameter $id_discipline declared before required parameter $id_tournoi is implicitly treated as a required parameter in APPPATH\Controllers\MatchJController.php on line 164.
 1 SYSTEMPATH\Autoloader\Autoloader.php(317): include_once('C:\\Users\\Mialisoa\\ASA\\interprom\\interprom-back\\system\\Debug\\Exceptions.php')
 2 SYSTEMPATH\Autoloader\Autoloader.php(296): CodeIgniter\Autoloader\Autoloader->includeFile('C:\\Users\\Mialisoa\\ASA\\interprom\\interprom-back\\app\\Controllers\\MatchJController.php')
 3 SYSTEMPATH\Autoloader\Autoloader.php(272): CodeIgniter\Autoloader\Autoloader->loadInNamespace('App\\Controllers\\MatchJController')
 4 [internal function]: CodeIgniter\Autoloader\Autoloader->loadClass('App\\Controllers\\MatchJController')
 5 SYSTEMPATH\CodeIgniter.php(887): class_exists('\\App\\Controllers\\MatchJController', true)
 6 SYSTEMPATH\CodeIgniter.php(496): CodeIgniter\CodeIgniter->startController()
 7 SYSTEMPATH\CodeIgniter.php(355): CodeIgniter\CodeIgniter->handleRequest(null, Object(Config\Cache), false)
 8 SYSTEMPATH\Boot.php(312): CodeIgniter\CodeIgniter->run()
 9 SYSTEMPATH\Boot.php(67): CodeIgniter\Boot::runCodeIgniter(Object(CodeIgniter\CodeIgniter))
10 FCPATH\index.php(62): CodeIgniter\Boot::bootWeb(Object(Config\Paths))
11 SYSTEMPATH\Commands\Server\rewrite.php(49): require_once('C:\\Users\\Mialisoa\\ASA\\interprom\\interprom-back\\public\\index.php')
WARNING - 2025-05-15 20:11:32 --> [DEPRECATED] Optional parameter $id_discipline declared before required parameter $id_tournoi is implicitly treated as a required parameter in APPPATH\Controllers\MatchJController.php on line 164.
 1 SYSTEMPATH\Autoloader\Autoloader.php(317): include_once('C:\\Users\\Mialisoa\\ASA\\interprom\\interprom-back\\system\\Debug\\Exceptions.php')
 2 SYSTEMPATH\Autoloader\Autoloader.php(296): CodeIgniter\Autoloader\Autoloader->includeFile('C:\\Users\\Mialisoa\\ASA\\interprom\\interprom-back\\app\\Controllers\\MatchJController.php')
 3 SYSTEMPATH\Autoloader\Autoloader.php(272): CodeIgniter\Autoloader\Autoloader->loadInNamespace('App\\Controllers\\MatchJController')
 4 [internal function]: CodeIgniter\Autoloader\Autoloader->loadClass('App\\Controllers\\MatchJController')
 5 SYSTEMPATH\CodeIgniter.php(887): class_exists('\\App\\Controllers\\MatchJController', true)
 6 SYSTEMPATH\CodeIgniter.php(496): CodeIgniter\CodeIgniter->startController()
 7 SYSTEMPATH\CodeIgniter.php(355): CodeIgniter\CodeIgniter->handleRequest(null, Object(Config\Cache), false)
 8 SYSTEMPATH\Boot.php(312): CodeIgniter\CodeIgniter->run()
 9 SYSTEMPATH\Boot.php(67): CodeIgniter\Boot::runCodeIgniter(Object(CodeIgniter\CodeIgniter))
10 FCPATH\index.php(62): CodeIgniter\Boot::bootWeb(Object(Config\Paths))
11 SYSTEMPATH\Commands\Server\rewrite.php(49): require_once('C:\\Users\\Mialisoa\\ASA\\interprom\\interprom-back\\public\\index.php')
WARNING - 2025-05-15 20:11:32 --> [DEPRECATED] Optional parameter $id_discipline declared before required parameter $id_tournoi is implicitly treated as a required parameter in APPPATH\Controllers\MatchJController.php on line 164.
 1 SYSTEMPATH\Autoloader\Autoloader.php(317): include_once('C:\\Users\\Mialisoa\\ASA\\interprom\\interprom-back\\system\\Debug\\Exceptions.php')
 2 SYSTEMPATH\Autoloader\Autoloader.php(296): CodeIgniter\Autoloader\Autoloader->includeFile('C:\\Users\\Mialisoa\\ASA\\interprom\\interprom-back\\app\\Controllers\\MatchJController.php')
 3 SYSTEMPATH\Autoloader\Autoloader.php(272): CodeIgniter\Autoloader\Autoloader->loadInNamespace('App\\Controllers\\MatchJController')
 4 [internal function]: CodeIgniter\Autoloader\Autoloader->loadClass('App\\Controllers\\MatchJController')
 5 SYSTEMPATH\CodeIgniter.php(887): class_exists('\\App\\Controllers\\MatchJController', true)
 6 SYSTEMPATH\CodeIgniter.php(496): CodeIgniter\CodeIgniter->startController()
 7 SYSTEMPATH\CodeIgniter.php(355): CodeIgniter\CodeIgniter->handleRequest(null, Object(Config\Cache), false)
 8 SYSTEMPATH\Boot.php(312): CodeIgniter\CodeIgniter->run()
 9 SYSTEMPATH\Boot.php(67): CodeIgniter\Boot::runCodeIgniter(Object(CodeIgniter\CodeIgniter))
10 FCPATH\index.php(62): CodeIgniter\Boot::bootWeb(Object(Config\Paths))
11 SYSTEMPATH\Commands\Server\rewrite.php(49): require_once('C:\\Users\\Mialisoa\\ASA\\interprom\\interprom-back\\public\\index.php')
WARNING - 2025-05-15 20:11:36 --> [DEPRECATED] Optional parameter $id_discipline declared before required parameter $id_tournoi is implicitly treated as a required parameter in APPPATH\Controllers\MatchJController.php on line 164.
 1 SYSTEMPATH\Autoloader\Autoloader.php(317): include_once('C:\\Users\\Mialisoa\\ASA\\interprom\\interprom-back\\system\\Debug\\Exceptions.php')
 2 SYSTEMPATH\Autoloader\Autoloader.php(296): CodeIgniter\Autoloader\Autoloader->includeFile('C:\\Users\\Mialisoa\\ASA\\interprom\\interprom-back\\app\\Controllers\\MatchJController.php')
 3 SYSTEMPATH\Autoloader\Autoloader.php(272): CodeIgniter\Autoloader\Autoloader->loadInNamespace('App\\Controllers\\MatchJController')
 4 [internal function]: CodeIgniter\Autoloader\Autoloader->loadClass('App\\Controllers\\MatchJController')
 5 SYSTEMPATH\CodeIgniter.php(887): class_exists('\\App\\Controllers\\MatchJController', true)
 6 SYSTEMPATH\CodeIgniter.php(496): CodeIgniter\CodeIgniter->startController()
 7 SYSTEMPATH\CodeIgniter.php(355): CodeIgniter\CodeIgniter->handleRequest(null, Object(Config\Cache), false)
 8 SYSTEMPATH\Boot.php(312): CodeIgniter\CodeIgniter->run()
 9 SYSTEMPATH\Boot.php(67): CodeIgniter\Boot::runCodeIgniter(Object(CodeIgniter\CodeIgniter))
10 FCPATH\index.php(62): CodeIgniter\Boot::bootWeb(Object(Config\Paths))
11 SYSTEMPATH\Commands\Server\rewrite.php(49): require_once('C:\\Users\\Mialisoa\\ASA\\interprom\\interprom-back\\public\\index.php')
WARNING - 2025-05-15 20:11:37 --> [DEPRECATED] Optional parameter $id_discipline declared before required parameter $id_tournoi is implicitly treated as a required parameter in APPPATH\Controllers\MatchJController.php on line 164.
 1 SYSTEMPATH\Autoloader\Autoloader.php(317): include_once('C:\\Users\\Mialisoa\\ASA\\interprom\\interprom-back\\system\\Debug\\Exceptions.php')
 2 SYSTEMPATH\Autoloader\Autoloader.php(296): CodeIgniter\Autoloader\Autoloader->includeFile('C:\\Users\\Mialisoa\\ASA\\interprom\\interprom-back\\app\\Controllers\\MatchJController.php')
 3 SYSTEMPATH\Autoloader\Autoloader.php(272): CodeIgniter\Autoloader\Autoloader->loadInNamespace('App\\Controllers\\MatchJController')
 4 [internal function]: CodeIgniter\Autoloader\Autoloader->loadClass('App\\Controllers\\MatchJController')
 5 SYSTEMPATH\CodeIgniter.php(887): class_exists('\\App\\Controllers\\MatchJController', true)
 6 SYSTEMPATH\CodeIgniter.php(496): CodeIgniter\CodeIgniter->startController()
 7 SYSTEMPATH\CodeIgniter.php(355): CodeIgniter\CodeIgniter->handleRequest(null, Object(Config\Cache), false)
 8 SYSTEMPATH\Boot.php(312): CodeIgniter\CodeIgniter->run()
 9 SYSTEMPATH\Boot.php(67): CodeIgniter\Boot::runCodeIgniter(Object(CodeIgniter\CodeIgniter))
10 FCPATH\index.php(62): CodeIgniter\Boot::bootWeb(Object(Config\Paths))
11 SYSTEMPATH\Commands\Server\rewrite.php(49): require_once('C:\\Users\\Mialisoa\\ASA\\interprom\\interprom-back\\public\\index.php')
WARNING - 2025-05-15 20:11:38 --> [DEPRECATED] Optional parameter $id_discipline declared before required parameter $id_tournoi is implicitly treated as a required parameter in APPPATH\Controllers\MatchJController.php on line 164.
 1 SYSTEMPATH\Autoloader\Autoloader.php(317): include_once('C:\\Users\\Mialisoa\\ASA\\interprom\\interprom-back\\system\\Debug\\Exceptions.php')
 2 SYSTEMPATH\Autoloader\Autoloader.php(296): CodeIgniter\Autoloader\Autoloader->includeFile('C:\\Users\\Mialisoa\\ASA\\interprom\\interprom-back\\app\\Controllers\\MatchJController.php')
 3 SYSTEMPATH\Autoloader\Autoloader.php(272): CodeIgniter\Autoloader\Autoloader->loadInNamespace('App\\Controllers\\MatchJController')
 4 [internal function]: CodeIgniter\Autoloader\Autoloader->loadClass('App\\Controllers\\MatchJController')
 5 SYSTEMPATH\CodeIgniter.php(887): class_exists('\\App\\Controllers\\MatchJController', true)
 6 SYSTEMPATH\CodeIgniter.php(496): CodeIgniter\CodeIgniter->startController()
 7 SYSTEMPATH\CodeIgniter.php(355): CodeIgniter\CodeIgniter->handleRequest(null, Object(Config\Cache), false)
 8 SYSTEMPATH\Boot.php(312): CodeIgniter\CodeIgniter->run()
 9 SYSTEMPATH\Boot.php(67): CodeIgniter\Boot::runCodeIgniter(Object(CodeIgniter\CodeIgniter))
10 FCPATH\index.php(62): CodeIgniter\Boot::bootWeb(Object(Config\Paths))
11 SYSTEMPATH\Commands\Server\rewrite.php(49): require_once('C:\\Users\\Mialisoa\\ASA\\interprom\\interprom-back\\public\\index.php')
WARNING - 2025-05-15 20:11:39 --> [DEPRECATED] Optional parameter $id_discipline declared before required parameter $id_tournoi is implicitly treated as a required parameter in APPPATH\Controllers\MatchJController.php on line 164.
 1 SYSTEMPATH\Autoloader\Autoloader.php(317): include_once('C:\\Users\\Mialisoa\\ASA\\interprom\\interprom-back\\system\\Debug\\Exceptions.php')
 2 SYSTEMPATH\Autoloader\Autoloader.php(296): CodeIgniter\Autoloader\Autoloader->includeFile('C:\\Users\\Mialisoa\\ASA\\interprom\\interprom-back\\app\\Controllers\\MatchJController.php')
 3 SYSTEMPATH\Autoloader\Autoloader.php(272): CodeIgniter\Autoloader\Autoloader->loadInNamespace('App\\Controllers\\MatchJController')
 4 [internal function]: CodeIgniter\Autoloader\Autoloader->loadClass('App\\Controllers\\MatchJController')
 5 SYSTEMPATH\CodeIgniter.php(887): class_exists('\\App\\Controllers\\MatchJController', true)
 6 SYSTEMPATH\CodeIgniter.php(496): CodeIgniter\CodeIgniter->startController()
 7 SYSTEMPATH\CodeIgniter.php(355): CodeIgniter\CodeIgniter->handleRequest(null, Object(Config\Cache), false)
 8 SYSTEMPATH\Boot.php(312): CodeIgniter\CodeIgniter->run()
 9 SYSTEMPATH\Boot.php(67): CodeIgniter\Boot::runCodeIgniter(Object(CodeIgniter\CodeIgniter))
10 FCPATH\index.php(62): CodeIgniter\Boot::bootWeb(Object(Config\Paths))
11 SYSTEMPATH\Commands\Server\rewrite.php(49): require_once('C:\\Users\\Mialisoa\\ASA\\interprom\\interprom-back\\public\\index.php')
WARNING - 2025-05-15 20:11:40 --> [DEPRECATED] Optional parameter $id_discipline declared before required parameter $id_tournoi is implicitly treated as a required parameter in APPPATH\Controllers\MatchJController.php on line 164.
 1 SYSTEMPATH\Autoloader\Autoloader.php(317): include_once('C:\\Users\\Mialisoa\\ASA\\interprom\\interprom-back\\system\\Debug\\Exceptions.php')
 2 SYSTEMPATH\Autoloader\Autoloader.php(296): CodeIgniter\Autoloader\Autoloader->includeFile('C:\\Users\\Mialisoa\\ASA\\interprom\\interprom-back\\app\\Controllers\\MatchJController.php')
 3 SYSTEMPATH\Autoloader\Autoloader.php(272): CodeIgniter\Autoloader\Autoloader->loadInNamespace('App\\Controllers\\MatchJController')
 4 [internal function]: CodeIgniter\Autoloader\Autoloader->loadClass('App\\Controllers\\MatchJController')
 5 SYSTEMPATH\CodeIgniter.php(887): class_exists('\\App\\Controllers\\MatchJController', true)
 6 SYSTEMPATH\CodeIgniter.php(496): CodeIgniter\CodeIgniter->startController()
 7 SYSTEMPATH\CodeIgniter.php(355): CodeIgniter\CodeIgniter->handleRequest(null, Object(Config\Cache), false)
 8 SYSTEMPATH\Boot.php(312): CodeIgniter\CodeIgniter->run()
 9 SYSTEMPATH\Boot.php(67): CodeIgniter\Boot::runCodeIgniter(Object(CodeIgniter\CodeIgniter))
10 FCPATH\index.php(62): CodeIgniter\Boot::bootWeb(Object(Config\Paths))
11 SYSTEMPATH\Commands\Server\rewrite.php(49): require_once('C:\\Users\\Mialisoa\\ASA\\interprom\\interprom-back\\public\\index.php')
WARNING - 2025-05-15 20:11:41 --> [DEPRECATED] Optional parameter $id_discipline declared before required parameter $id_tournoi is implicitly treated as a required parameter in APPPATH\Controllers\MatchJController.php on line 164.
 1 SYSTEMPATH\Autoloader\Autoloader.php(317): include_once('C:\\Users\\Mialisoa\\ASA\\interprom\\interprom-back\\system\\Debug\\Exceptions.php')
 2 SYSTEMPATH\Autoloader\Autoloader.php(296): CodeIgniter\Autoloader\Autoloader->includeFile('C:\\Users\\Mialisoa\\ASA\\interprom\\interprom-back\\app\\Controllers\\MatchJController.php')
 3 SYSTEMPATH\Autoloader\Autoloader.php(272): CodeIgniter\Autoloader\Autoloader->loadInNamespace('App\\Controllers\\MatchJController')
 4 [internal function]: CodeIgniter\Autoloader\Autoloader->loadClass('App\\Controllers\\MatchJController')
 5 SYSTEMPATH\CodeIgniter.php(887): class_exists('\\App\\Controllers\\MatchJController', true)
 6 SYSTEMPATH\CodeIgniter.php(496): CodeIgniter\CodeIgniter->startController()
 7 SYSTEMPATH\CodeIgniter.php(355): CodeIgniter\CodeIgniter->handleRequest(null, Object(Config\Cache), false)
 8 SYSTEMPATH\Boot.php(312): CodeIgniter\CodeIgniter->run()
 9 SYSTEMPATH\Boot.php(67): CodeIgniter\Boot::runCodeIgniter(Object(CodeIgniter\CodeIgniter))
10 FCPATH\index.php(62): CodeIgniter\Boot::bootWeb(Object(Config\Paths))
11 SYSTEMPATH\Commands\Server\rewrite.php(49): require_once('C:\\Users\\Mialisoa\\ASA\\interprom\\interprom-back\\public\\index.php')
WARNING - 2025-05-15 20:11:41 --> [DEPRECATED] Optional parameter $id_discipline declared before required parameter $id_tournoi is implicitly treated as a required parameter in APPPATH\Controllers\MatchJController.php on line 164.
 1 SYSTEMPATH\Autoloader\Autoloader.php(317): include_once('C:\\Users\\Mialisoa\\ASA\\interprom\\interprom-back\\system\\Debug\\Exceptions.php')
 2 SYSTEMPATH\Autoloader\Autoloader.php(296): CodeIgniter\Autoloader\Autoloader->includeFile('C:\\Users\\Mialisoa\\ASA\\interprom\\interprom-back\\app\\Controllers\\MatchJController.php')
 3 SYSTEMPATH\Autoloader\Autoloader.php(272): CodeIgniter\Autoloader\Autoloader->loadInNamespace('App\\Controllers\\MatchJController')
 4 [internal function]: CodeIgniter\Autoloader\Autoloader->loadClass('App\\Controllers\\MatchJController')
 5 SYSTEMPATH\CodeIgniter.php(887): class_exists('\\App\\Controllers\\MatchJController', true)
 6 SYSTEMPATH\CodeIgniter.php(496): CodeIgniter\CodeIgniter->startController()
 7 SYSTEMPATH\CodeIgniter.php(355): CodeIgniter\CodeIgniter->handleRequest(null, Object(Config\Cache), false)
 8 SYSTEMPATH\Boot.php(312): CodeIgniter\CodeIgniter->run()
 9 SYSTEMPATH\Boot.php(67): CodeIgniter\Boot::runCodeIgniter(Object(CodeIgniter\CodeIgniter))
10 FCPATH\index.php(62): CodeIgniter\Boot::bootWeb(Object(Config\Paths))
11 SYSTEMPATH\Commands\Server\rewrite.php(49): require_once('C:\\Users\\Mialisoa\\ASA\\interprom\\interprom-back\\public\\index.php')
WARNING - 2025-05-15 20:11:41 --> [DEPRECATED] Optional parameter $id_discipline declared before required parameter $id_tournoi is implicitly treated as a required parameter in APPPATH\Controllers\MatchJController.php on line 164.
 1 SYSTEMPATH\Autoloader\Autoloader.php(317): include_once('C:\\Users\\Mialisoa\\ASA\\interprom\\interprom-back\\system\\Debug\\Exceptions.php')
 2 SYSTEMPATH\Autoloader\Autoloader.php(296): CodeIgniter\Autoloader\Autoloader->includeFile('C:\\Users\\Mialisoa\\ASA\\interprom\\interprom-back\\app\\Controllers\\MatchJController.php')
 3 SYSTEMPATH\Autoloader\Autoloader.php(272): CodeIgniter\Autoloader\Autoloader->loadInNamespace('App\\Controllers\\MatchJController')
 4 [internal function]: CodeIgniter\Autoloader\Autoloader->loadClass('App\\Controllers\\MatchJController')
 5 SYSTEMPATH\CodeIgniter.php(887): class_exists('\\App\\Controllers\\MatchJController', true)
 6 SYSTEMPATH\CodeIgniter.php(496): CodeIgniter\CodeIgniter->startController()
 7 SYSTEMPATH\CodeIgniter.php(355): CodeIgniter\CodeIgniter->handleRequest(null, Object(Config\Cache), false)
 8 SYSTEMPATH\Boot.php(312): CodeIgniter\CodeIgniter->run()
 9 SYSTEMPATH\Boot.php(67): CodeIgniter\Boot::runCodeIgniter(Object(CodeIgniter\CodeIgniter))
10 FCPATH\index.php(62): CodeIgniter\Boot::bootWeb(Object(Config\Paths))
11 SYSTEMPATH\Commands\Server\rewrite.php(49): require_once('C:\\Users\\Mialisoa\\ASA\\interprom\\interprom-back\\public\\index.php')
WARNING - 2025-05-15 20:11:54 --> [DEPRECATED] Optional parameter $id_discipline declared before required parameter $id_tournoi is implicitly treated as a required parameter in APPPATH\Controllers\MatchJController.php on line 164.
 1 SYSTEMPATH\Autoloader\Autoloader.php(317): include_once('C:\\Users\\Mialisoa\\ASA\\interprom\\interprom-back\\system\\Debug\\Exceptions.php')
 2 SYSTEMPATH\Autoloader\Autoloader.php(296): CodeIgniter\Autoloader\Autoloader->includeFile('C:\\Users\\Mialisoa\\ASA\\interprom\\interprom-back\\app\\Controllers\\MatchJController.php')
 3 SYSTEMPATH\Autoloader\Autoloader.php(272): CodeIgniter\Autoloader\Autoloader->loadInNamespace('App\\Controllers\\MatchJController')
 4 [internal function]: CodeIgniter\Autoloader\Autoloader->loadClass('App\\Controllers\\MatchJController')
 5 SYSTEMPATH\CodeIgniter.php(887): class_exists('\\App\\Controllers\\MatchJController', true)
 6 SYSTEMPATH\CodeIgniter.php(496): CodeIgniter\CodeIgniter->startController()
 7 SYSTEMPATH\CodeIgniter.php(355): CodeIgniter\CodeIgniter->handleRequest(null, Object(Config\Cache), false)
 8 SYSTEMPATH\Boot.php(312): CodeIgniter\CodeIgniter->run()
 9 SYSTEMPATH\Boot.php(67): CodeIgniter\Boot::runCodeIgniter(Object(CodeIgniter\CodeIgniter))
10 FCPATH\index.php(62): CodeIgniter\Boot::bootWeb(Object(Config\Paths))
11 SYSTEMPATH\Commands\Server\rewrite.php(49): require_once('C:\\Users\\Mialisoa\\ASA\\interprom\\interprom-back\\public\\index.php')
WARNING - 2025-05-15 20:11:54 --> [DEPRECATED] Optional parameter $id_discipline declared before required parameter $id_tournoi is implicitly treated as a required parameter in APPPATH\Controllers\MatchJController.php on line 164.
 1 SYSTEMPATH\Autoloader\Autoloader.php(317): include_once('C:\\Users\\Mialisoa\\ASA\\interprom\\interprom-back\\system\\Debug\\Exceptions.php')
 2 SYSTEMPATH\Autoloader\Autoloader.php(296): CodeIgniter\Autoloader\Autoloader->includeFile('C:\\Users\\Mialisoa\\ASA\\interprom\\interprom-back\\app\\Controllers\\MatchJController.php')
 3 SYSTEMPATH\Autoloader\Autoloader.php(272): CodeIgniter\Autoloader\Autoloader->loadInNamespace('App\\Controllers\\MatchJController')
 4 [internal function]: CodeIgniter\Autoloader\Autoloader->loadClass('App\\Controllers\\MatchJController')
 5 SYSTEMPATH\CodeIgniter.php(887): class_exists('\\App\\Controllers\\MatchJController', true)
 6 SYSTEMPATH\CodeIgniter.php(496): CodeIgniter\CodeIgniter->startController()
 7 SYSTEMPATH\CodeIgniter.php(355): CodeIgniter\CodeIgniter->handleRequest(null, Object(Config\Cache), false)
 8 SYSTEMPATH\Boot.php(312): CodeIgniter\CodeIgniter->run()
 9 SYSTEMPATH\Boot.php(67): CodeIgniter\Boot::runCodeIgniter(Object(CodeIgniter\CodeIgniter))
10 FCPATH\index.php(62): CodeIgniter\Boot::bootWeb(Object(Config\Paths))
11 SYSTEMPATH\Commands\Server\rewrite.php(49): require_once('C:\\Users\\Mialisoa\\ASA\\interprom\\interprom-back\\public\\index.php')
WARNING - 2025-05-15 20:11:57 --> [DEPRECATED] Optional parameter $id_discipline declared before required parameter $id_tournoi is implicitly treated as a required parameter in APPPATH\Controllers\MatchJController.php on line 164.
 1 SYSTEMPATH\Autoloader\Autoloader.php(317): include_once('C:\\Users\\Mialisoa\\ASA\\interprom\\interprom-back\\system\\Debug\\Exceptions.php')
 2 SYSTEMPATH\Autoloader\Autoloader.php(296): CodeIgniter\Autoloader\Autoloader->includeFile('C:\\Users\\Mialisoa\\ASA\\interprom\\interprom-back\\app\\Controllers\\MatchJController.php')
 3 SYSTEMPATH\Autoloader\Autoloader.php(272): CodeIgniter\Autoloader\Autoloader->loadInNamespace('App\\Controllers\\MatchJController')
 4 [internal function]: CodeIgniter\Autoloader\Autoloader->loadClass('App\\Controllers\\MatchJController')
 5 SYSTEMPATH\CodeIgniter.php(887): class_exists('\\App\\Controllers\\MatchJController', true)
 6 SYSTEMPATH\CodeIgniter.php(496): CodeIgniter\CodeIgniter->startController()
 7 SYSTEMPATH\CodeIgniter.php(355): CodeIgniter\CodeIgniter->handleRequest(null, Object(Config\Cache), false)
 8 SYSTEMPATH\Boot.php(312): CodeIgniter\CodeIgniter->run()
 9 SYSTEMPATH\Boot.php(67): CodeIgniter\Boot::runCodeIgniter(Object(CodeIgniter\CodeIgniter))
10 FCPATH\index.php(62): CodeIgniter\Boot::bootWeb(Object(Config\Paths))
11 SYSTEMPATH\Commands\Server\rewrite.php(49): require_once('C:\\Users\\Mialisoa\\ASA\\interprom\\interprom-back\\public\\index.php')
WARNING - 2025-05-15 20:11:57 --> [DEPRECATED] Optional parameter $id_discipline declared before required parameter $id_tournoi is implicitly treated as a required parameter in APPPATH\Controllers\MatchJController.php on line 164.
 1 SYSTEMPATH\Autoloader\Autoloader.php(317): include_once('C:\\Users\\Mialisoa\\ASA\\interprom\\interprom-back\\system\\Debug\\Exceptions.php')
 2 SYSTEMPATH\Autoloader\Autoloader.php(296): CodeIgniter\Autoloader\Autoloader->includeFile('C:\\Users\\Mialisoa\\ASA\\interprom\\interprom-back\\app\\Controllers\\MatchJController.php')
 3 SYSTEMPATH\Autoloader\Autoloader.php(272): CodeIgniter\Autoloader\Autoloader->loadInNamespace('App\\Controllers\\MatchJController')
 4 [internal function]: CodeIgniter\Autoloader\Autoloader->loadClass('App\\Controllers\\MatchJController')
 5 SYSTEMPATH\CodeIgniter.php(887): class_exists('\\App\\Controllers\\MatchJController', true)
 6 SYSTEMPATH\CodeIgniter.php(496): CodeIgniter\CodeIgniter->startController()
 7 SYSTEMPATH\CodeIgniter.php(355): CodeIgniter\CodeIgniter->handleRequest(null, Object(Config\Cache), false)
 8 SYSTEMPATH\Boot.php(312): CodeIgniter\CodeIgniter->run()
 9 SYSTEMPATH\Boot.php(67): CodeIgniter\Boot::runCodeIgniter(Object(CodeIgniter\CodeIgniter))
10 FCPATH\index.php(62): CodeIgniter\Boot::bootWeb(Object(Config\Paths))
11 SYSTEMPATH\Commands\Server\rewrite.php(49): require_once('C:\\Users\\Mialisoa\\ASA\\interprom\\interprom-back\\public\\index.php')
WARNING - 2025-05-15 20:12:00 --> [DEPRECATED] Optional parameter $id_discipline declared before required parameter $id_tournoi is implicitly treated as a required parameter in APPPATH\Controllers\MatchJController.php on line 164.
 1 SYSTEMPATH\Autoloader\Autoloader.php(317): include_once('C:\\Users\\Mialisoa\\ASA\\interprom\\interprom-back\\system\\Debug\\Exceptions.php')
 2 SYSTEMPATH\Autoloader\Autoloader.php(296): CodeIgniter\Autoloader\Autoloader->includeFile('C:\\Users\\Mialisoa\\ASA\\interprom\\interprom-back\\app\\Controllers\\MatchJController.php')
 3 SYSTEMPATH\Autoloader\Autoloader.php(272): CodeIgniter\Autoloader\Autoloader->loadInNamespace('App\\Controllers\\MatchJController')
 4 [internal function]: CodeIgniter\Autoloader\Autoloader->loadClass('App\\Controllers\\MatchJController')
 5 SYSTEMPATH\CodeIgniter.php(887): class_exists('\\App\\Controllers\\MatchJController', true)
 6 SYSTEMPATH\CodeIgniter.php(496): CodeIgniter\CodeIgniter->startController()
 7 SYSTEMPATH\CodeIgniter.php(355): CodeIgniter\CodeIgniter->handleRequest(null, Object(Config\Cache), false)
 8 SYSTEMPATH\Boot.php(312): CodeIgniter\CodeIgniter->run()
 9 SYSTEMPATH\Boot.php(67): CodeIgniter\Boot::runCodeIgniter(Object(CodeIgniter\CodeIgniter))
10 FCPATH\index.php(62): CodeIgniter\Boot::bootWeb(Object(Config\Paths))
11 SYSTEMPATH\Commands\Server\rewrite.php(49): require_once('C:\\Users\\Mialisoa\\ASA\\interprom\\interprom-back\\public\\index.php')
WARNING - 2025-05-15 20:12:06 --> [DEPRECATED] Optional parameter $id_discipline declared before required parameter $id_tournoi is implicitly treated as a required parameter in APPPATH\Controllers\MatchJController.php on line 164.
 1 SYSTEMPATH\Autoloader\Autoloader.php(317): include_once('C:\\Users\\Mialisoa\\ASA\\interprom\\interprom-back\\system\\Debug\\Exceptions.php')
 2 SYSTEMPATH\Autoloader\Autoloader.php(296): CodeIgniter\Autoloader\Autoloader->includeFile('C:\\Users\\Mialisoa\\ASA\\interprom\\interprom-back\\app\\Controllers\\MatchJController.php')
 3 SYSTEMPATH\Autoloader\Autoloader.php(272): CodeIgniter\Autoloader\Autoloader->loadInNamespace('App\\Controllers\\MatchJController')
 4 [internal function]: CodeIgniter\Autoloader\Autoloader->loadClass('App\\Controllers\\MatchJController')
 5 SYSTEMPATH\CodeIgniter.php(887): class_exists('\\App\\Controllers\\MatchJController', true)
 6 SYSTEMPATH\CodeIgniter.php(496): CodeIgniter\CodeIgniter->startController()
 7 SYSTEMPATH\CodeIgniter.php(355): CodeIgniter\CodeIgniter->handleRequest(null, Object(Config\Cache), false)
 8 SYSTEMPATH\Boot.php(312): CodeIgniter\CodeIgniter->run()
 9 SYSTEMPATH\Boot.php(67): CodeIgniter\Boot::runCodeIgniter(Object(CodeIgniter\CodeIgniter))
10 FCPATH\index.php(62): CodeIgniter\Boot::bootWeb(Object(Config\Paths))
11 SYSTEMPATH\Commands\Server\rewrite.php(49): require_once('C:\\Users\\Mialisoa\\ASA\\interprom\\interprom-back\\public\\index.php')
WARNING - 2025-05-15 20:12:07 --> [DEPRECATED] Optional parameter $id_discipline declared before required parameter $id_tournoi is implicitly treated as a required parameter in APPPATH\Controllers\MatchJController.php on line 164.
 1 SYSTEMPATH\Autoloader\Autoloader.php(317): include_once('C:\\Users\\Mialisoa\\ASA\\interprom\\interprom-back\\system\\Debug\\Exceptions.php')
 2 SYSTEMPATH\Autoloader\Autoloader.php(296): CodeIgniter\Autoloader\Autoloader->includeFile('C:\\Users\\Mialisoa\\ASA\\interprom\\interprom-back\\app\\Controllers\\MatchJController.php')
 3 SYSTEMPATH\Autoloader\Autoloader.php(272): CodeIgniter\Autoloader\Autoloader->loadInNamespace('App\\Controllers\\MatchJController')
 4 [internal function]: CodeIgniter\Autoloader\Autoloader->loadClass('App\\Controllers\\MatchJController')
 5 SYSTEMPATH\CodeIgniter.php(887): class_exists('\\App\\Controllers\\MatchJController', true)
 6 SYSTEMPATH\CodeIgniter.php(496): CodeIgniter\CodeIgniter->startController()
 7 SYSTEMPATH\CodeIgniter.php(355): CodeIgniter\CodeIgniter->handleRequest(null, Object(Config\Cache), false)
 8 SYSTEMPATH\Boot.php(312): CodeIgniter\CodeIgniter->run()
 9 SYSTEMPATH\Boot.php(67): CodeIgniter\Boot::runCodeIgniter(Object(CodeIgniter\CodeIgniter))
10 FCPATH\index.php(62): CodeIgniter\Boot::bootWeb(Object(Config\Paths))
11 SYSTEMPATH\Commands\Server\rewrite.php(49): require_once('C:\\Users\\Mialisoa\\ASA\\interprom\\interprom-back\\public\\index.php')
WARNING - 2025-05-15 20:12:08 --> [DEPRECATED] Optional parameter $id_discipline declared before required parameter $id_tournoi is implicitly treated as a required parameter in APPPATH\Controllers\MatchJController.php on line 164.
 1 SYSTEMPATH\Autoloader\Autoloader.php(317): include_once('C:\\Users\\Mialisoa\\ASA\\interprom\\interprom-back\\system\\Debug\\Exceptions.php')
 2 SYSTEMPATH\Autoloader\Autoloader.php(296): CodeIgniter\Autoloader\Autoloader->includeFile('C:\\Users\\Mialisoa\\ASA\\interprom\\interprom-back\\app\\Controllers\\MatchJController.php')
 3 SYSTEMPATH\Autoloader\Autoloader.php(272): CodeIgniter\Autoloader\Autoloader->loadInNamespace('App\\Controllers\\MatchJController')
 4 [internal function]: CodeIgniter\Autoloader\Autoloader->loadClass('App\\Controllers\\MatchJController')
 5 SYSTEMPATH\CodeIgniter.php(887): class_exists('\\App\\Controllers\\MatchJController', true)
 6 SYSTEMPATH\CodeIgniter.php(496): CodeIgniter\CodeIgniter->startController()
 7 SYSTEMPATH\CodeIgniter.php(355): CodeIgniter\CodeIgniter->handleRequest(null, Object(Config\Cache), false)
 8 SYSTEMPATH\Boot.php(312): CodeIgniter\CodeIgniter->run()
 9 SYSTEMPATH\Boot.php(67): CodeIgniter\Boot::runCodeIgniter(Object(CodeIgniter\CodeIgniter))
10 FCPATH\index.php(62): CodeIgniter\Boot::bootWeb(Object(Config\Paths))
11 SYSTEMPATH\Commands\Server\rewrite.php(49): require_once('C:\\Users\\Mialisoa\\ASA\\interprom\\interprom-back\\public\\index.php')
WARNING - 2025-05-15 20:12:08 --> [DEPRECATED] Optional parameter $id_discipline declared before required parameter $id_tournoi is implicitly treated as a required parameter in APPPATH\Controllers\MatchJController.php on line 164.
 1 SYSTEMPATH\Autoloader\Autoloader.php(317): include_once('C:\\Users\\Mialisoa\\ASA\\interprom\\interprom-back\\system\\Debug\\Exceptions.php')
 2 SYSTEMPATH\Autoloader\Autoloader.php(296): CodeIgniter\Autoloader\Autoloader->includeFile('C:\\Users\\Mialisoa\\ASA\\interprom\\interprom-back\\app\\Controllers\\MatchJController.php')
 3 SYSTEMPATH\Autoloader\Autoloader.php(272): CodeIgniter\Autoloader\Autoloader->loadInNamespace('App\\Controllers\\MatchJController')
 4 [internal function]: CodeIgniter\Autoloader\Autoloader->loadClass('App\\Controllers\\MatchJController')
 5 SYSTEMPATH\CodeIgniter.php(887): class_exists('\\App\\Controllers\\MatchJController', true)
 6 SYSTEMPATH\CodeIgniter.php(496): CodeIgniter\CodeIgniter->startController()
 7 SYSTEMPATH\CodeIgniter.php(355): CodeIgniter\CodeIgniter->handleRequest(null, Object(Config\Cache), false)
 8 SYSTEMPATH\Boot.php(312): CodeIgniter\CodeIgniter->run()
 9 SYSTEMPATH\Boot.php(67): CodeIgniter\Boot::runCodeIgniter(Object(CodeIgniter\CodeIgniter))
10 FCPATH\index.php(62): CodeIgniter\Boot::bootWeb(Object(Config\Paths))
11 SYSTEMPATH\Commands\Server\rewrite.php(49): require_once('C:\\Users\\Mialisoa\\ASA\\interprom\\interprom-back\\public\\index.php')
WARNING - 2025-05-15 20:12:08 --> [DEPRECATED] Optional parameter $id_discipline declared before required parameter $id_tournoi is implicitly treated as a required parameter in APPPATH\Controllers\MatchJController.php on line 164.
 1 SYSTEMPATH\Autoloader\Autoloader.php(317): include_once('C:\\Users\\Mialisoa\\ASA\\interprom\\interprom-back\\system\\Debug\\Exceptions.php')
 2 SYSTEMPATH\Autoloader\Autoloader.php(296): CodeIgniter\Autoloader\Autoloader->includeFile('C:\\Users\\Mialisoa\\ASA\\interprom\\interprom-back\\app\\Controllers\\MatchJController.php')
 3 SYSTEMPATH\Autoloader\Autoloader.php(272): CodeIgniter\Autoloader\Autoloader->loadInNamespace('App\\Controllers\\MatchJController')
 4 [internal function]: CodeIgniter\Autoloader\Autoloader->loadClass('App\\Controllers\\MatchJController')
 5 SYSTEMPATH\CodeIgniter.php(887): class_exists('\\App\\Controllers\\MatchJController', true)
 6 SYSTEMPATH\CodeIgniter.php(496): CodeIgniter\CodeIgniter->startController()
 7 SYSTEMPATH\CodeIgniter.php(355): CodeIgniter\CodeIgniter->handleRequest(null, Object(Config\Cache), false)
 8 SYSTEMPATH\Boot.php(312): CodeIgniter\CodeIgniter->run()
 9 SYSTEMPATH\Boot.php(67): CodeIgniter\Boot::runCodeIgniter(Object(CodeIgniter\CodeIgniter))
10 FCPATH\index.php(62): CodeIgniter\Boot::bootWeb(Object(Config\Paths))
11 SYSTEMPATH\Commands\Server\rewrite.php(49): require_once('C:\\Users\\Mialisoa\\ASA\\interprom\\interprom-back\\public\\index.php')
WARNING - 2025-05-15 20:12:09 --> [DEPRECATED] Optional parameter $id_discipline declared before required parameter $id_tournoi is implicitly treated as a required parameter in APPPATH\Controllers\MatchJController.php on line 164.
 1 SYSTEMPATH\Autoloader\Autoloader.php(317): include_once('C:\\Users\\Mialisoa\\ASA\\interprom\\interprom-back\\system\\Debug\\Exceptions.php')
 2 SYSTEMPATH\Autoloader\Autoloader.php(296): CodeIgniter\Autoloader\Autoloader->includeFile('C:\\Users\\Mialisoa\\ASA\\interprom\\interprom-back\\app\\Controllers\\MatchJController.php')
 3 SYSTEMPATH\Autoloader\Autoloader.php(272): CodeIgniter\Autoloader\Autoloader->loadInNamespace('App\\Controllers\\MatchJController')
 4 [internal function]: CodeIgniter\Autoloader\Autoloader->loadClass('App\\Controllers\\MatchJController')
 5 SYSTEMPATH\CodeIgniter.php(887): class_exists('\\App\\Controllers\\MatchJController', true)
 6 SYSTEMPATH\CodeIgniter.php(496): CodeIgniter\CodeIgniter->startController()
 7 SYSTEMPATH\CodeIgniter.php(355): CodeIgniter\CodeIgniter->handleRequest(null, Object(Config\Cache), false)
 8 SYSTEMPATH\Boot.php(312): CodeIgniter\CodeIgniter->run()
 9 SYSTEMPATH\Boot.php(67): CodeIgniter\Boot::runCodeIgniter(Object(CodeIgniter\CodeIgniter))
10 FCPATH\index.php(62): CodeIgniter\Boot::bootWeb(Object(Config\Paths))
11 SYSTEMPATH\Commands\Server\rewrite.php(49): require_once('C:\\Users\\Mialisoa\\ASA\\interprom\\interprom-back\\public\\index.php')
WARNING - 2025-05-15 20:12:09 --> [DEPRECATED] Optional parameter $id_discipline declared before required parameter $id_tournoi is implicitly treated as a required parameter in APPPATH\Controllers\MatchJController.php on line 164.
 1 SYSTEMPATH\Autoloader\Autoloader.php(317): include_once('C:\\Users\\Mialisoa\\ASA\\interprom\\interprom-back\\system\\Debug\\Exceptions.php')
 2 SYSTEMPATH\Autoloader\Autoloader.php(296): CodeIgniter\Autoloader\Autoloader->includeFile('C:\\Users\\Mialisoa\\ASA\\interprom\\interprom-back\\app\\Controllers\\MatchJController.php')
 3 SYSTEMPATH\Autoloader\Autoloader.php(272): CodeIgniter\Autoloader\Autoloader->loadInNamespace('App\\Controllers\\MatchJController')
 4 [internal function]: CodeIgniter\Autoloader\Autoloader->loadClass('App\\Controllers\\MatchJController')
 5 SYSTEMPATH\CodeIgniter.php(887): class_exists('\\App\\Controllers\\MatchJController', true)
 6 SYSTEMPATH\CodeIgniter.php(496): CodeIgniter\CodeIgniter->startController()
 7 SYSTEMPATH\CodeIgniter.php(355): CodeIgniter\CodeIgniter->handleRequest(null, Object(Config\Cache), false)
 8 SYSTEMPATH\Boot.php(312): CodeIgniter\CodeIgniter->run()
 9 SYSTEMPATH\Boot.php(67): CodeIgniter\Boot::runCodeIgniter(Object(CodeIgniter\CodeIgniter))
10 FCPATH\index.php(62): CodeIgniter\Boot::bootWeb(Object(Config\Paths))
11 SYSTEMPATH\Commands\Server\rewrite.php(49): require_once('C:\\Users\\Mialisoa\\ASA\\interprom\\interprom-back\\public\\index.php')
WARNING - 2025-05-15 20:12:09 --> [DEPRECATED] Optional parameter $id_discipline declared before required parameter $id_tournoi is implicitly treated as a required parameter in APPPATH\Controllers\MatchJController.php on line 164.
 1 SYSTEMPATH\Autoloader\Autoloader.php(317): include_once('C:\\Users\\Mialisoa\\ASA\\interprom\\interprom-back\\system\\Debug\\Exceptions.php')
 2 SYSTEMPATH\Autoloader\Autoloader.php(296): CodeIgniter\Autoloader\Autoloader->includeFile('C:\\Users\\Mialisoa\\ASA\\interprom\\interprom-back\\app\\Controllers\\MatchJController.php')
 3 SYSTEMPATH\Autoloader\Autoloader.php(272): CodeIgniter\Autoloader\Autoloader->loadInNamespace('App\\Controllers\\MatchJController')
 4 [internal function]: CodeIgniter\Autoloader\Autoloader->loadClass('App\\Controllers\\MatchJController')
 5 SYSTEMPATH\CodeIgniter.php(887): class_exists('\\App\\Controllers\\MatchJController', true)
 6 SYSTEMPATH\CodeIgniter.php(496): CodeIgniter\CodeIgniter->startController()
 7 SYSTEMPATH\CodeIgniter.php(355): CodeIgniter\CodeIgniter->handleRequest(null, Object(Config\Cache), false)
 8 SYSTEMPATH\Boot.php(312): CodeIgniter\CodeIgniter->run()
 9 SYSTEMPATH\Boot.php(67): CodeIgniter\Boot::runCodeIgniter(Object(CodeIgniter\CodeIgniter))
10 FCPATH\index.php(62): CodeIgniter\Boot::bootWeb(Object(Config\Paths))
11 SYSTEMPATH\Commands\Server\rewrite.php(49): require_once('C:\\Users\\Mialisoa\\ASA\\interprom\\interprom-back\\public\\index.php')
WARNING - 2025-05-15 20:12:13 --> [DEPRECATED] Optional parameter $id_discipline declared before required parameter $id_tournoi is implicitly treated as a required parameter in APPPATH\Controllers\MatchJController.php on line 164.
 1 SYSTEMPATH\Autoloader\Autoloader.php(317): include_once('C:\\Users\\Mialisoa\\ASA\\interprom\\interprom-back\\system\\Debug\\Exceptions.php')
 2 SYSTEMPATH\Autoloader\Autoloader.php(296): CodeIgniter\Autoloader\Autoloader->includeFile('C:\\Users\\Mialisoa\\ASA\\interprom\\interprom-back\\app\\Controllers\\MatchJController.php')
 3 SYSTEMPATH\Autoloader\Autoloader.php(272): CodeIgniter\Autoloader\Autoloader->loadInNamespace('App\\Controllers\\MatchJController')
 4 [internal function]: CodeIgniter\Autoloader\Autoloader->loadClass('App\\Controllers\\MatchJController')
 5 SYSTEMPATH\CodeIgniter.php(887): class_exists('\\App\\Controllers\\MatchJController', true)
 6 SYSTEMPATH\CodeIgniter.php(496): CodeIgniter\CodeIgniter->startController()
 7 SYSTEMPATH\CodeIgniter.php(355): CodeIgniter\CodeIgniter->handleRequest(null, Object(Config\Cache), false)
 8 SYSTEMPATH\Boot.php(312): CodeIgniter\CodeIgniter->run()
 9 SYSTEMPATH\Boot.php(67): CodeIgniter\Boot::runCodeIgniter(Object(CodeIgniter\CodeIgniter))
10 FCPATH\index.php(62): CodeIgniter\Boot::bootWeb(Object(Config\Paths))
11 SYSTEMPATH\Commands\Server\rewrite.php(49): require_once('C:\\Users\\Mialisoa\\ASA\\interprom\\interprom-back\\public\\index.php')
WARNING - 2025-05-15 20:12:15 --> [DEPRECATED] Optional parameter $id_discipline declared before required parameter $id_tournoi is implicitly treated as a required parameter in APPPATH\Controllers\MatchJController.php on line 164.
 1 SYSTEMPATH\Autoloader\Autoloader.php(317): include_once('C:\\Users\\Mialisoa\\ASA\\interprom\\interprom-back\\system\\Debug\\Exceptions.php')
 2 SYSTEMPATH\Autoloader\Autoloader.php(296): CodeIgniter\Autoloader\Autoloader->includeFile('C:\\Users\\Mialisoa\\ASA\\interprom\\interprom-back\\app\\Controllers\\MatchJController.php')
 3 SYSTEMPATH\Autoloader\Autoloader.php(272): CodeIgniter\Autoloader\Autoloader->loadInNamespace('App\\Controllers\\MatchJController')
 4 [internal function]: CodeIgniter\Autoloader\Autoloader->loadClass('App\\Controllers\\MatchJController')
 5 SYSTEMPATH\CodeIgniter.php(887): class_exists('\\App\\Controllers\\MatchJController', true)
 6 SYSTEMPATH\CodeIgniter.php(496): CodeIgniter\CodeIgniter->startController()
 7 SYSTEMPATH\CodeIgniter.php(355): CodeIgniter\CodeIgniter->handleRequest(null, Object(Config\Cache), false)
 8 SYSTEMPATH\Boot.php(312): CodeIgniter\CodeIgniter->run()
 9 SYSTEMPATH\Boot.php(67): CodeIgniter\Boot::runCodeIgniter(Object(CodeIgniter\CodeIgniter))
10 FCPATH\index.php(62): CodeIgniter\Boot::bootWeb(Object(Config\Paths))
11 SYSTEMPATH\Commands\Server\rewrite.php(49): require_once('C:\\Users\\Mialisoa\\ASA\\interprom\\interprom-back\\public\\index.php')
WARNING - 2025-05-15 20:12:17 --> [DEPRECATED] Optional parameter $id_discipline declared before required parameter $id_tournoi is implicitly treated as a required parameter in APPPATH\Controllers\MatchJController.php on line 164.
 1 SYSTEMPATH\Autoloader\Autoloader.php(317): include_once('C:\\Users\\Mialisoa\\ASA\\interprom\\interprom-back\\system\\Debug\\Exceptions.php')
 2 SYSTEMPATH\Autoloader\Autoloader.php(296): CodeIgniter\Autoloader\Autoloader->includeFile('C:\\Users\\Mialisoa\\ASA\\interprom\\interprom-back\\app\\Controllers\\MatchJController.php')
 3 SYSTEMPATH\Autoloader\Autoloader.php(272): CodeIgniter\Autoloader\Autoloader->loadInNamespace('App\\Controllers\\MatchJController')
 4 [internal function]: CodeIgniter\Autoloader\Autoloader->loadClass('App\\Controllers\\MatchJController')
 5 SYSTEMPATH\CodeIgniter.php(887): class_exists('\\App\\Controllers\\MatchJController', true)
 6 SYSTEMPATH\CodeIgniter.php(496): CodeIgniter\CodeIgniter->startController()
 7 SYSTEMPATH\CodeIgniter.php(355): CodeIgniter\CodeIgniter->handleRequest(null, Object(Config\Cache), false)
 8 SYSTEMPATH\Boot.php(312): CodeIgniter\CodeIgniter->run()
 9 SYSTEMPATH\Boot.php(67): CodeIgniter\Boot::runCodeIgniter(Object(CodeIgniter\CodeIgniter))
10 FCPATH\index.php(62): CodeIgniter\Boot::bootWeb(Object(Config\Paths))
11 SYSTEMPATH\Commands\Server\rewrite.php(49): require_once('C:\\Users\\Mialisoa\\ASA\\interprom\\interprom-back\\public\\index.php')
WARNING - 2025-05-15 20:12:18 --> [DEPRECATED] Optional parameter $id_discipline declared before required parameter $id_tournoi is implicitly treated as a required parameter in APPPATH\Controllers\MatchJController.php on line 164.
 1 SYSTEMPATH\Autoloader\Autoloader.php(317): include_once('C:\\Users\\Mialisoa\\ASA\\interprom\\interprom-back\\system\\Debug\\Exceptions.php')
 2 SYSTEMPATH\Autoloader\Autoloader.php(296): CodeIgniter\Autoloader\Autoloader->includeFile('C:\\Users\\Mialisoa\\ASA\\interprom\\interprom-back\\app\\Controllers\\MatchJController.php')
 3 SYSTEMPATH\Autoloader\Autoloader.php(272): CodeIgniter\Autoloader\Autoloader->loadInNamespace('App\\Controllers\\MatchJController')
 4 [internal function]: CodeIgniter\Autoloader\Autoloader->loadClass('App\\Controllers\\MatchJController')
 5 SYSTEMPATH\CodeIgniter.php(887): class_exists('\\App\\Controllers\\MatchJController', true)
 6 SYSTEMPATH\CodeIgniter.php(496): CodeIgniter\CodeIgniter->startController()
 7 SYSTEMPATH\CodeIgniter.php(355): CodeIgniter\CodeIgniter->handleRequest(null, Object(Config\Cache), false)
 8 SYSTEMPATH\Boot.php(312): CodeIgniter\CodeIgniter->run()
 9 SYSTEMPATH\Boot.php(67): CodeIgniter\Boot::runCodeIgniter(Object(CodeIgniter\CodeIgniter))
10 FCPATH\index.php(62): CodeIgniter\Boot::bootWeb(Object(Config\Paths))
11 SYSTEMPATH\Commands\Server\rewrite.php(49): require_once('C:\\Users\\Mialisoa\\ASA\\interprom\\interprom-back\\public\\index.php')
WARNING - 2025-05-15 20:12:18 --> [DEPRECATED] Optional parameter $id_discipline declared before required parameter $id_tournoi is implicitly treated as a required parameter in APPPATH\Controllers\MatchJController.php on line 164.
 1 SYSTEMPATH\Autoloader\Autoloader.php(317): include_once('C:\\Users\\Mialisoa\\ASA\\interprom\\interprom-back\\system\\Debug\\Exceptions.php')
 2 SYSTEMPATH\Autoloader\Autoloader.php(296): CodeIgniter\Autoloader\Autoloader->includeFile('C:\\Users\\Mialisoa\\ASA\\interprom\\interprom-back\\app\\Controllers\\MatchJController.php')
 3 SYSTEMPATH\Autoloader\Autoloader.php(272): CodeIgniter\Autoloader\Autoloader->loadInNamespace('App\\Controllers\\MatchJController')
 4 [internal function]: CodeIgniter\Autoloader\Autoloader->loadClass('App\\Controllers\\MatchJController')
 5 SYSTEMPATH\CodeIgniter.php(887): class_exists('\\App\\Controllers\\MatchJController', true)
 6 SYSTEMPATH\CodeIgniter.php(496): CodeIgniter\CodeIgniter->startController()
 7 SYSTEMPATH\CodeIgniter.php(355): CodeIgniter\CodeIgniter->handleRequest(null, Object(Config\Cache), false)
 8 SYSTEMPATH\Boot.php(312): CodeIgniter\CodeIgniter->run()
 9 SYSTEMPATH\Boot.php(67): CodeIgniter\Boot::runCodeIgniter(Object(CodeIgniter\CodeIgniter))
10 FCPATH\index.php(62): CodeIgniter\Boot::bootWeb(Object(Config\Paths))
11 SYSTEMPATH\Commands\Server\rewrite.php(49): require_once('C:\\Users\\Mialisoa\\ASA\\interprom\\interprom-back\\public\\index.php')
WARNING - 2025-05-15 20:12:19 --> [DEPRECATED] Optional parameter $id_discipline declared before required parameter $id_tournoi is implicitly treated as a required parameter in APPPATH\Controllers\MatchJController.php on line 164.
 1 SYSTEMPATH\Autoloader\Autoloader.php(317): include_once('C:\\Users\\Mialisoa\\ASA\\interprom\\interprom-back\\system\\Debug\\Exceptions.php')
 2 SYSTEMPATH\Autoloader\Autoloader.php(296): CodeIgniter\Autoloader\Autoloader->includeFile('C:\\Users\\Mialisoa\\ASA\\interprom\\interprom-back\\app\\Controllers\\MatchJController.php')
 3 SYSTEMPATH\Autoloader\Autoloader.php(272): CodeIgniter\Autoloader\Autoloader->loadInNamespace('App\\Controllers\\MatchJController')
 4 [internal function]: CodeIgniter\Autoloader\Autoloader->loadClass('App\\Controllers\\MatchJController')
 5 SYSTEMPATH\CodeIgniter.php(887): class_exists('\\App\\Controllers\\MatchJController', true)
 6 SYSTEMPATH\CodeIgniter.php(496): CodeIgniter\CodeIgniter->startController()
 7 SYSTEMPATH\CodeIgniter.php(355): CodeIgniter\CodeIgniter->handleRequest(null, Object(Config\Cache), false)
 8 SYSTEMPATH\Boot.php(312): CodeIgniter\CodeIgniter->run()
 9 SYSTEMPATH\Boot.php(67): CodeIgniter\Boot::runCodeIgniter(Object(CodeIgniter\CodeIgniter))
10 FCPATH\index.php(62): CodeIgniter\Boot::bootWeb(Object(Config\Paths))
11 SYSTEMPATH\Commands\Server\rewrite.php(49): require_once('C:\\Users\\Mialisoa\\ASA\\interprom\\interprom-back\\public\\index.php')
WARNING - 2025-05-15 20:12:19 --> [DEPRECATED] Optional parameter $id_discipline declared before required parameter $id_tournoi is implicitly treated as a required parameter in APPPATH\Controllers\MatchJController.php on line 164.
 1 SYSTEMPATH\Autoloader\Autoloader.php(317): include_once('C:\\Users\\Mialisoa\\ASA\\interprom\\interprom-back\\system\\Debug\\Exceptions.php')
 2 SYSTEMPATH\Autoloader\Autoloader.php(296): CodeIgniter\Autoloader\Autoloader->includeFile('C:\\Users\\Mialisoa\\ASA\\interprom\\interprom-back\\app\\Controllers\\MatchJController.php')
 3 SYSTEMPATH\Autoloader\Autoloader.php(272): CodeIgniter\Autoloader\Autoloader->loadInNamespace('App\\Controllers\\MatchJController')
 4 [internal function]: CodeIgniter\Autoloader\Autoloader->loadClass('App\\Controllers\\MatchJController')
 5 SYSTEMPATH\CodeIgniter.php(887): class_exists('\\App\\Controllers\\MatchJController', true)
 6 SYSTEMPATH\CodeIgniter.php(496): CodeIgniter\CodeIgniter->startController()
 7 SYSTEMPATH\CodeIgniter.php(355): CodeIgniter\CodeIgniter->handleRequest(null, Object(Config\Cache), false)
 8 SYSTEMPATH\Boot.php(312): CodeIgniter\CodeIgniter->run()
 9 SYSTEMPATH\Boot.php(67): CodeIgniter\Boot::runCodeIgniter(Object(CodeIgniter\CodeIgniter))
10 FCPATH\index.php(62): CodeIgniter\Boot::bootWeb(Object(Config\Paths))
11 SYSTEMPATH\Commands\Server\rewrite.php(49): require_once('C:\\Users\\Mialisoa\\ASA\\interprom\\interprom-back\\public\\index.php')
WARNING - 2025-05-15 20:12:19 --> [DEPRECATED] Optional parameter $id_discipline declared before required parameter $id_tournoi is implicitly treated as a required parameter in APPPATH\Controllers\MatchJController.php on line 164.
 1 SYSTEMPATH\Autoloader\Autoloader.php(317): include_once('C:\\Users\\Mialisoa\\ASA\\interprom\\interprom-back\\system\\Debug\\Exceptions.php')
 2 SYSTEMPATH\Autoloader\Autoloader.php(296): CodeIgniter\Autoloader\Autoloader->includeFile('C:\\Users\\Mialisoa\\ASA\\interprom\\interprom-back\\app\\Controllers\\MatchJController.php')
 3 SYSTEMPATH\Autoloader\Autoloader.php(272): CodeIgniter\Autoloader\Autoloader->loadInNamespace('App\\Controllers\\MatchJController')
 4 [internal function]: CodeIgniter\Autoloader\Autoloader->loadClass('App\\Controllers\\MatchJController')
 5 SYSTEMPATH\CodeIgniter.php(887): class_exists('\\App\\Controllers\\MatchJController', true)
 6 SYSTEMPATH\CodeIgniter.php(496): CodeIgniter\CodeIgniter->startController()
 7 SYSTEMPATH\CodeIgniter.php(355): CodeIgniter\CodeIgniter->handleRequest(null, Object(Config\Cache), false)
 8 SYSTEMPATH\Boot.php(312): CodeIgniter\CodeIgniter->run()
 9 SYSTEMPATH\Boot.php(67): CodeIgniter\Boot::runCodeIgniter(Object(CodeIgniter\CodeIgniter))
10 FCPATH\index.php(62): CodeIgniter\Boot::bootWeb(Object(Config\Paths))
11 SYSTEMPATH\Commands\Server\rewrite.php(49): require_once('C:\\Users\\Mialisoa\\ASA\\interprom\\interprom-back\\public\\index.php')
WARNING - 2025-05-15 20:12:20 --> [DEPRECATED] Optional parameter $id_discipline declared before required parameter $id_tournoi is implicitly treated as a required parameter in APPPATH\Controllers\MatchJController.php on line 164.
 1 SYSTEMPATH\Autoloader\Autoloader.php(317): include_once('C:\\Users\\Mialisoa\\ASA\\interprom\\interprom-back\\system\\Debug\\Exceptions.php')
 2 SYSTEMPATH\Autoloader\Autoloader.php(296): CodeIgniter\Autoloader\Autoloader->includeFile('C:\\Users\\Mialisoa\\ASA\\interprom\\interprom-back\\app\\Controllers\\MatchJController.php')
 3 SYSTEMPATH\Autoloader\Autoloader.php(272): CodeIgniter\Autoloader\Autoloader->loadInNamespace('App\\Controllers\\MatchJController')
 4 [internal function]: CodeIgniter\Autoloader\Autoloader->loadClass('App\\Controllers\\MatchJController')
 5 SYSTEMPATH\CodeIgniter.php(887): class_exists('\\App\\Controllers\\MatchJController', true)
 6 SYSTEMPATH\CodeIgniter.php(496): CodeIgniter\CodeIgniter->startController()
 7 SYSTEMPATH\CodeIgniter.php(355): CodeIgniter\CodeIgniter->handleRequest(null, Object(Config\Cache), false)
 8 SYSTEMPATH\Boot.php(312): CodeIgniter\CodeIgniter->run()
 9 SYSTEMPATH\Boot.php(67): CodeIgniter\Boot::runCodeIgniter(Object(CodeIgniter\CodeIgniter))
10 FCPATH\index.php(62): CodeIgniter\Boot::bootWeb(Object(Config\Paths))
11 SYSTEMPATH\Commands\Server\rewrite.php(49): require_once('C:\\Users\\Mialisoa\\ASA\\interprom\\interprom-back\\public\\index.php')
WARNING - 2025-05-15 20:12:20 --> [DEPRECATED] Optional parameter $id_discipline declared before required parameter $id_tournoi is implicitly treated as a required parameter in APPPATH\Controllers\MatchJController.php on line 164.
 1 SYSTEMPATH\Autoloader\Autoloader.php(317): include_once('C:\\Users\\Mialisoa\\ASA\\interprom\\interprom-back\\system\\Debug\\Exceptions.php')
 2 SYSTEMPATH\Autoloader\Autoloader.php(296): CodeIgniter\Autoloader\Autoloader->includeFile('C:\\Users\\Mialisoa\\ASA\\interprom\\interprom-back\\app\\Controllers\\MatchJController.php')
 3 SYSTEMPATH\Autoloader\Autoloader.php(272): CodeIgniter\Autoloader\Autoloader->loadInNamespace('App\\Controllers\\MatchJController')
 4 [internal function]: CodeIgniter\Autoloader\Autoloader->loadClass('App\\Controllers\\MatchJController')
 5 SYSTEMPATH\CodeIgniter.php(887): class_exists('\\App\\Controllers\\MatchJController', true)
 6 SYSTEMPATH\CodeIgniter.php(496): CodeIgniter\CodeIgniter->startController()
 7 SYSTEMPATH\CodeIgniter.php(355): CodeIgniter\CodeIgniter->handleRequest(null, Object(Config\Cache), false)
 8 SYSTEMPATH\Boot.php(312): CodeIgniter\CodeIgniter->run()
 9 SYSTEMPATH\Boot.php(67): CodeIgniter\Boot::runCodeIgniter(Object(CodeIgniter\CodeIgniter))
10 FCPATH\index.php(62): CodeIgniter\Boot::bootWeb(Object(Config\Paths))
11 SYSTEMPATH\Commands\Server\rewrite.php(49): require_once('C:\\Users\\Mialisoa\\ASA\\interprom\\interprom-back\\public\\index.php')
WARNING - 2025-05-15 20:12:21 --> [DEPRECATED] Optional parameter $id_discipline declared before required parameter $id_tournoi is implicitly treated as a required parameter in APPPATH\Controllers\MatchJController.php on line 164.
 1 SYSTEMPATH\Autoloader\Autoloader.php(317): include_once('C:\\Users\\Mialisoa\\ASA\\interprom\\interprom-back\\system\\Debug\\Exceptions.php')
 2 SYSTEMPATH\Autoloader\Autoloader.php(296): CodeIgniter\Autoloader\Autoloader->includeFile('C:\\Users\\Mialisoa\\ASA\\interprom\\interprom-back\\app\\Controllers\\MatchJController.php')
 3 SYSTEMPATH\Autoloader\Autoloader.php(272): CodeIgniter\Autoloader\Autoloader->loadInNamespace('App\\Controllers\\MatchJController')
 4 [internal function]: CodeIgniter\Autoloader\Autoloader->loadClass('App\\Controllers\\MatchJController')
 5 SYSTEMPATH\CodeIgniter.php(887): class_exists('\\App\\Controllers\\MatchJController', true)
 6 SYSTEMPATH\CodeIgniter.php(496): CodeIgniter\CodeIgniter->startController()
 7 SYSTEMPATH\CodeIgniter.php(355): CodeIgniter\CodeIgniter->handleRequest(null, Object(Config\Cache), false)
 8 SYSTEMPATH\Boot.php(312): CodeIgniter\CodeIgniter->run()
 9 SYSTEMPATH\Boot.php(67): CodeIgniter\Boot::runCodeIgniter(Object(CodeIgniter\CodeIgniter))
10 FCPATH\index.php(62): CodeIgniter\Boot::bootWeb(Object(Config\Paths))
11 SYSTEMPATH\Commands\Server\rewrite.php(49): require_once('C:\\Users\\Mialisoa\\ASA\\interprom\\interprom-back\\public\\index.php')
WARNING - 2025-05-15 20:12:21 --> [DEPRECATED] Optional parameter $id_discipline declared before required parameter $id_tournoi is implicitly treated as a required parameter in APPPATH\Controllers\MatchJController.php on line 164.
 1 SYSTEMPATH\Autoloader\Autoloader.php(317): include_once('C:\\Users\\Mialisoa\\ASA\\interprom\\interprom-back\\system\\Debug\\Exceptions.php')
 2 SYSTEMPATH\Autoloader\Autoloader.php(296): CodeIgniter\Autoloader\Autoloader->includeFile('C:\\Users\\Mialisoa\\ASA\\interprom\\interprom-back\\app\\Controllers\\MatchJController.php')
 3 SYSTEMPATH\Autoloader\Autoloader.php(272): CodeIgniter\Autoloader\Autoloader->loadInNamespace('App\\Controllers\\MatchJController')
 4 [internal function]: CodeIgniter\Autoloader\Autoloader->loadClass('App\\Controllers\\MatchJController')
 5 SYSTEMPATH\CodeIgniter.php(887): class_exists('\\App\\Controllers\\MatchJController', true)
 6 SYSTEMPATH\CodeIgniter.php(496): CodeIgniter\CodeIgniter->startController()
 7 SYSTEMPATH\CodeIgniter.php(355): CodeIgniter\CodeIgniter->handleRequest(null, Object(Config\Cache), false)
 8 SYSTEMPATH\Boot.php(312): CodeIgniter\CodeIgniter->run()
 9 SYSTEMPATH\Boot.php(67): CodeIgniter\Boot::runCodeIgniter(Object(CodeIgniter\CodeIgniter))
10 FCPATH\index.php(62): CodeIgniter\Boot::bootWeb(Object(Config\Paths))
11 SYSTEMPATH\Commands\Server\rewrite.php(49): require_once('C:\\Users\\Mialisoa\\ASA\\interprom\\interprom-back\\public\\index.php')
WARNING - 2025-05-15 20:12:23 --> [DEPRECATED] Optional parameter $id_discipline declared before required parameter $id_tournoi is implicitly treated as a required parameter in APPPATH\Controllers\MatchJController.php on line 164.
 1 SYSTEMPATH\Autoloader\Autoloader.php(317): include_once('C:\\Users\\Mialisoa\\ASA\\interprom\\interprom-back\\system\\Debug\\Exceptions.php')
 2 SYSTEMPATH\Autoloader\Autoloader.php(296): CodeIgniter\Autoloader\Autoloader->includeFile('C:\\Users\\Mialisoa\\ASA\\interprom\\interprom-back\\app\\Controllers\\MatchJController.php')
 3 SYSTEMPATH\Autoloader\Autoloader.php(272): CodeIgniter\Autoloader\Autoloader->loadInNamespace('App\\Controllers\\MatchJController')
 4 [internal function]: CodeIgniter\Autoloader\Autoloader->loadClass('App\\Controllers\\MatchJController')
 5 SYSTEMPATH\CodeIgniter.php(887): class_exists('\\App\\Controllers\\MatchJController', true)
 6 SYSTEMPATH\CodeIgniter.php(496): CodeIgniter\CodeIgniter->startController()
 7 SYSTEMPATH\CodeIgniter.php(355): CodeIgniter\CodeIgniter->handleRequest(null, Object(Config\Cache), false)
 8 SYSTEMPATH\Boot.php(312): CodeIgniter\CodeIgniter->run()
 9 SYSTEMPATH\Boot.php(67): CodeIgniter\Boot::runCodeIgniter(Object(CodeIgniter\CodeIgniter))
10 FCPATH\index.php(62): CodeIgniter\Boot::bootWeb(Object(Config\Paths))
11 SYSTEMPATH\Commands\Server\rewrite.php(49): require_once('C:\\Users\\Mialisoa\\ASA\\interprom\\interprom-back\\public\\index.php')
WARNING - 2025-05-15 20:12:29 --> [DEPRECATED] Optional parameter $id_discipline declared before required parameter $id_tournoi is implicitly treated as a required parameter in APPPATH\Controllers\MatchJController.php on line 164.
 1 SYSTEMPATH\Autoloader\Autoloader.php(317): include_once('C:\\Users\\Mialisoa\\ASA\\interprom\\interprom-back\\system\\Debug\\Exceptions.php')
 2 SYSTEMPATH\Autoloader\Autoloader.php(296): CodeIgniter\Autoloader\Autoloader->includeFile('C:\\Users\\Mialisoa\\ASA\\interprom\\interprom-back\\app\\Controllers\\MatchJController.php')
 3 SYSTEMPATH\Autoloader\Autoloader.php(272): CodeIgniter\Autoloader\Autoloader->loadInNamespace('App\\Controllers\\MatchJController')
 4 [internal function]: CodeIgniter\Autoloader\Autoloader->loadClass('App\\Controllers\\MatchJController')
 5 SYSTEMPATH\CodeIgniter.php(887): class_exists('\\App\\Controllers\\MatchJController', true)
 6 SYSTEMPATH\CodeIgniter.php(496): CodeIgniter\CodeIgniter->startController()
 7 SYSTEMPATH\CodeIgniter.php(355): CodeIgniter\CodeIgniter->handleRequest(null, Object(Config\Cache), false)
 8 SYSTEMPATH\Boot.php(312): CodeIgniter\CodeIgniter->run()
 9 SYSTEMPATH\Boot.php(67): CodeIgniter\Boot::runCodeIgniter(Object(CodeIgniter\CodeIgniter))
10 FCPATH\index.php(62): CodeIgniter\Boot::bootWeb(Object(Config\Paths))
11 SYSTEMPATH\Commands\Server\rewrite.php(49): require_once('C:\\Users\\Mialisoa\\ASA\\interprom\\interprom-back\\public\\index.php')
WARNING - 2025-05-15 20:12:32 --> [DEPRECATED] Optional parameter $id_discipline declared before required parameter $id_tournoi is implicitly treated as a required parameter in APPPATH\Controllers\MatchJController.php on line 164.
 1 SYSTEMPATH\Autoloader\Autoloader.php(317): include_once('C:\\Users\\Mialisoa\\ASA\\interprom\\interprom-back\\system\\Debug\\Exceptions.php')
 2 SYSTEMPATH\Autoloader\Autoloader.php(296): CodeIgniter\Autoloader\Autoloader->includeFile('C:\\Users\\Mialisoa\\ASA\\interprom\\interprom-back\\app\\Controllers\\MatchJController.php')
 3 SYSTEMPATH\Autoloader\Autoloader.php(272): CodeIgniter\Autoloader\Autoloader->loadInNamespace('App\\Controllers\\MatchJController')
 4 [internal function]: CodeIgniter\Autoloader\Autoloader->loadClass('App\\Controllers\\MatchJController')
 5 SYSTEMPATH\CodeIgniter.php(887): class_exists('\\App\\Controllers\\MatchJController', true)
 6 SYSTEMPATH\CodeIgniter.php(496): CodeIgniter\CodeIgniter->startController()
 7 SYSTEMPATH\CodeIgniter.php(355): CodeIgniter\CodeIgniter->handleRequest(null, Object(Config\Cache), false)
 8 SYSTEMPATH\Boot.php(312): CodeIgniter\CodeIgniter->run()
 9 SYSTEMPATH\Boot.php(67): CodeIgniter\Boot::runCodeIgniter(Object(CodeIgniter\CodeIgniter))
10 FCPATH\index.php(62): CodeIgniter\Boot::bootWeb(Object(Config\Paths))
11 SYSTEMPATH\Commands\Server\rewrite.php(49): require_once('C:\\Users\\Mialisoa\\ASA\\interprom\\interprom-back\\public\\index.php')
WARNING - 2025-05-15 20:12:35 --> [DEPRECATED] Optional parameter $id_discipline declared before required parameter $id_tournoi is implicitly treated as a required parameter in APPPATH\Controllers\MatchJController.php on line 164.
 1 SYSTEMPATH\Autoloader\Autoloader.php(317): include_once('C:\\Users\\Mialisoa\\ASA\\interprom\\interprom-back\\system\\Debug\\Exceptions.php')
 2 SYSTEMPATH\Autoloader\Autoloader.php(296): CodeIgniter\Autoloader\Autoloader->includeFile('C:\\Users\\Mialisoa\\ASA\\interprom\\interprom-back\\app\\Controllers\\MatchJController.php')
 3 SYSTEMPATH\Autoloader\Autoloader.php(272): CodeIgniter\Autoloader\Autoloader->loadInNamespace('App\\Controllers\\MatchJController')
 4 [internal function]: CodeIgniter\Autoloader\Autoloader->loadClass('App\\Controllers\\MatchJController')
 5 SYSTEMPATH\CodeIgniter.php(887): class_exists('\\App\\Controllers\\MatchJController', true)
 6 SYSTEMPATH\CodeIgniter.php(496): CodeIgniter\CodeIgniter->startController()
 7 SYSTEMPATH\CodeIgniter.php(355): CodeIgniter\CodeIgniter->handleRequest(null, Object(Config\Cache), false)
 8 SYSTEMPATH\Boot.php(312): CodeIgniter\CodeIgniter->run()
 9 SYSTEMPATH\Boot.php(67): CodeIgniter\Boot::runCodeIgniter(Object(CodeIgniter\CodeIgniter))
10 FCPATH\index.php(62): CodeIgniter\Boot::bootWeb(Object(Config\Paths))
11 SYSTEMPATH\Commands\Server\rewrite.php(49): require_once('C:\\Users\\Mialisoa\\ASA\\interprom\\interprom-back\\public\\index.php')
WARNING - 2025-05-15 20:12:35 --> [DEPRECATED] Optional parameter $id_discipline declared before required parameter $id_tournoi is implicitly treated as a required parameter in APPPATH\Controllers\MatchJController.php on line 164.
 1 SYSTEMPATH\Autoloader\Autoloader.php(317): include_once('C:\\Users\\Mialisoa\\ASA\\interprom\\interprom-back\\system\\Debug\\Exceptions.php')
 2 SYSTEMPATH\Autoloader\Autoloader.php(296): CodeIgniter\Autoloader\Autoloader->includeFile('C:\\Users\\Mialisoa\\ASA\\interprom\\interprom-back\\app\\Controllers\\MatchJController.php')
 3 SYSTEMPATH\Autoloader\Autoloader.php(272): CodeIgniter\Autoloader\Autoloader->loadInNamespace('App\\Controllers\\MatchJController')
 4 [internal function]: CodeIgniter\Autoloader\Autoloader->loadClass('App\\Controllers\\MatchJController')
 5 SYSTEMPATH\CodeIgniter.php(887): class_exists('\\App\\Controllers\\MatchJController', true)
 6 SYSTEMPATH\CodeIgniter.php(496): CodeIgniter\CodeIgniter->startController()
 7 SYSTEMPATH\CodeIgniter.php(355): CodeIgniter\CodeIgniter->handleRequest(null, Object(Config\Cache), false)
 8 SYSTEMPATH\Boot.php(312): CodeIgniter\CodeIgniter->run()
 9 SYSTEMPATH\Boot.php(67): CodeIgniter\Boot::runCodeIgniter(Object(CodeIgniter\CodeIgniter))
10 FCPATH\index.php(62): CodeIgniter\Boot::bootWeb(Object(Config\Paths))
11 SYSTEMPATH\Commands\Server\rewrite.php(49): require_once('C:\\Users\\Mialisoa\\ASA\\interprom\\interprom-back\\public\\index.php')
WARNING - 2025-05-15 20:12:37 --> [DEPRECATED] Optional parameter $id_discipline declared before required parameter $id_tournoi is implicitly treated as a required parameter in APPPATH\Controllers\MatchJController.php on line 164.
 1 SYSTEMPATH\Autoloader\Autoloader.php(317): include_once('C:\\Users\\Mialisoa\\ASA\\interprom\\interprom-back\\system\\Debug\\Exceptions.php')
 2 SYSTEMPATH\Autoloader\Autoloader.php(296): CodeIgniter\Autoloader\Autoloader->includeFile('C:\\Users\\Mialisoa\\ASA\\interprom\\interprom-back\\app\\Controllers\\MatchJController.php')
 3 SYSTEMPATH\Autoloader\Autoloader.php(272): CodeIgniter\Autoloader\Autoloader->loadInNamespace('App\\Controllers\\MatchJController')
 4 [internal function]: CodeIgniter\Autoloader\Autoloader->loadClass('App\\Controllers\\MatchJController')
 5 SYSTEMPATH\CodeIgniter.php(887): class_exists('\\App\\Controllers\\MatchJController', true)
 6 SYSTEMPATH\CodeIgniter.php(496): CodeIgniter\CodeIgniter->startController()
 7 SYSTEMPATH\CodeIgniter.php(355): CodeIgniter\CodeIgniter->handleRequest(null, Object(Config\Cache), false)
 8 SYSTEMPATH\Boot.php(312): CodeIgniter\CodeIgniter->run()
 9 SYSTEMPATH\Boot.php(67): CodeIgniter\Boot::runCodeIgniter(Object(CodeIgniter\CodeIgniter))
10 FCPATH\index.php(62): CodeIgniter\Boot::bootWeb(Object(Config\Paths))
11 SYSTEMPATH\Commands\Server\rewrite.php(49): require_once('C:\\Users\\Mialisoa\\ASA\\interprom\\interprom-back\\public\\index.php')
WARNING - 2025-05-15 20:12:43 --> [DEPRECATED] Optional parameter $id_discipline declared before required parameter $id_tournoi is implicitly treated as a required parameter in APPPATH\Controllers\MatchJController.php on line 164.
 1 SYSTEMPATH\Autoloader\Autoloader.php(317): include_once('C:\\Users\\Mialisoa\\ASA\\interprom\\interprom-back\\system\\Debug\\Exceptions.php')
 2 SYSTEMPATH\Autoloader\Autoloader.php(296): CodeIgniter\Autoloader\Autoloader->includeFile('C:\\Users\\Mialisoa\\ASA\\interprom\\interprom-back\\app\\Controllers\\MatchJController.php')
 3 SYSTEMPATH\Autoloader\Autoloader.php(272): CodeIgniter\Autoloader\Autoloader->loadInNamespace('App\\Controllers\\MatchJController')
 4 [internal function]: CodeIgniter\Autoloader\Autoloader->loadClass('App\\Controllers\\MatchJController')
 5 SYSTEMPATH\CodeIgniter.php(887): class_exists('\\App\\Controllers\\MatchJController', true)
 6 SYSTEMPATH\CodeIgniter.php(496): CodeIgniter\CodeIgniter->startController()
 7 SYSTEMPATH\CodeIgniter.php(355): CodeIgniter\CodeIgniter->handleRequest(null, Object(Config\Cache), false)
 8 SYSTEMPATH\Boot.php(312): CodeIgniter\CodeIgniter->run()
 9 SYSTEMPATH\Boot.php(67): CodeIgniter\Boot::runCodeIgniter(Object(CodeIgniter\CodeIgniter))
10 FCPATH\index.php(62): CodeIgniter\Boot::bootWeb(Object(Config\Paths))
11 SYSTEMPATH\Commands\Server\rewrite.php(49): require_once('C:\\Users\\Mialisoa\\ASA\\interprom\\interprom-back\\public\\index.php')
WARNING - 2025-05-15 20:13:14 --> [DEPRECATED] Optional parameter $id_discipline declared before required parameter $id_tournoi is implicitly treated as a required parameter in APPPATH\Controllers\MatchJController.php on line 164.
 1 SYSTEMPATH\Autoloader\Autoloader.php(317): include_once('C:\\Users\\Mialisoa\\ASA\\interprom\\interprom-back\\system\\Debug\\Exceptions.php')
 2 SYSTEMPATH\Autoloader\Autoloader.php(296): CodeIgniter\Autoloader\Autoloader->includeFile('C:\\Users\\Mialisoa\\ASA\\interprom\\interprom-back\\app\\Controllers\\MatchJController.php')
 3 SYSTEMPATH\Autoloader\Autoloader.php(272): CodeIgniter\Autoloader\Autoloader->loadInNamespace('App\\Controllers\\MatchJController')
 4 [internal function]: CodeIgniter\Autoloader\Autoloader->loadClass('App\\Controllers\\MatchJController')
 5 SYSTEMPATH\CodeIgniter.php(887): class_exists('\\App\\Controllers\\MatchJController', true)
 6 SYSTEMPATH\CodeIgniter.php(496): CodeIgniter\CodeIgniter->startController()
 7 SYSTEMPATH\CodeIgniter.php(355): CodeIgniter\CodeIgniter->handleRequest(null, Object(Config\Cache), false)
 8 SYSTEMPATH\Boot.php(312): CodeIgniter\CodeIgniter->run()
 9 SYSTEMPATH\Boot.php(67): CodeIgniter\Boot::runCodeIgniter(Object(CodeIgniter\CodeIgniter))
10 FCPATH\index.php(62): CodeIgniter\Boot::bootWeb(Object(Config\Paths))
11 SYSTEMPATH\Commands\Server\rewrite.php(49): require_once('C:\\Users\\Mialisoa\\ASA\\interprom\\interprom-back\\public\\index.php')
WARNING - 2025-05-15 20:17:20 --> [DEPRECATED] Optional parameter $id_discipline declared before required parameter $id_tournoi is implicitly treated as a required parameter in APPPATH\Controllers\MatchJController.php on line 164.
 1 SYSTEMPATH\Autoloader\Autoloader.php(317): include_once('C:\\Users\\Mialisoa\\ASA\\interprom\\interprom-back\\system\\Debug\\Exceptions.php')
 2 SYSTEMPATH\Autoloader\Autoloader.php(296): CodeIgniter\Autoloader\Autoloader->includeFile('C:\\Users\\Mialisoa\\ASA\\interprom\\interprom-back\\app\\Controllers\\MatchJController.php')
 3 SYSTEMPATH\Autoloader\Autoloader.php(272): CodeIgniter\Autoloader\Autoloader->loadInNamespace('App\\Controllers\\MatchJController')
 4 [internal function]: CodeIgniter\Autoloader\Autoloader->loadClass('App\\Controllers\\MatchJController')
 5 SYSTEMPATH\CodeIgniter.php(887): class_exists('\\App\\Controllers\\MatchJController', true)
 6 SYSTEMPATH\CodeIgniter.php(496): CodeIgniter\CodeIgniter->startController()
 7 SYSTEMPATH\CodeIgniter.php(355): CodeIgniter\CodeIgniter->handleRequest(null, Object(Config\Cache), false)
 8 SYSTEMPATH\Boot.php(312): CodeIgniter\CodeIgniter->run()
 9 SYSTEMPATH\Boot.php(67): CodeIgniter\Boot::runCodeIgniter(Object(CodeIgniter\CodeIgniter))
10 FCPATH\index.php(62): CodeIgniter\Boot::bootWeb(Object(Config\Paths))
11 SYSTEMPATH\Commands\Server\rewrite.php(49): require_once('C:\\Users\\Mialisoa\\ASA\\interprom\\interprom-back\\public\\index.php')
WARNING - 2025-05-15 20:17:23 --> [DEPRECATED] Optional parameter $id_discipline declared before required parameter $id_tournoi is implicitly treated as a required parameter in APPPATH\Controllers\MatchJController.php on line 164.
 1 SYSTEMPATH\Autoloader\Autoloader.php(317): include_once('C:\\Users\\Mialisoa\\ASA\\interprom\\interprom-back\\system\\Debug\\Exceptions.php')
 2 SYSTEMPATH\Autoloader\Autoloader.php(296): CodeIgniter\Autoloader\Autoloader->includeFile('C:\\Users\\Mialisoa\\ASA\\interprom\\interprom-back\\app\\Controllers\\MatchJController.php')
 3 SYSTEMPATH\Autoloader\Autoloader.php(272): CodeIgniter\Autoloader\Autoloader->loadInNamespace('App\\Controllers\\MatchJController')
 4 [internal function]: CodeIgniter\Autoloader\Autoloader->loadClass('App\\Controllers\\MatchJController')
 5 SYSTEMPATH\CodeIgniter.php(887): class_exists('\\App\\Controllers\\MatchJController', true)
 6 SYSTEMPATH\CodeIgniter.php(496): CodeIgniter\CodeIgniter->startController()
 7 SYSTEMPATH\CodeIgniter.php(355): CodeIgniter\CodeIgniter->handleRequest(null, Object(Config\Cache), false)
 8 SYSTEMPATH\Boot.php(312): CodeIgniter\CodeIgniter->run()
 9 SYSTEMPATH\Boot.php(67): CodeIgniter\Boot::runCodeIgniter(Object(CodeIgniter\CodeIgniter))
10 FCPATH\index.php(62): CodeIgniter\Boot::bootWeb(Object(Config\Paths))
11 SYSTEMPATH\Commands\Server\rewrite.php(49): require_once('C:\\Users\\Mialisoa\\ASA\\interprom\\interprom-back\\public\\index.php')
WARNING - 2025-05-15 20:17:23 --> [DEPRECATED] Optional parameter $id_discipline declared before required parameter $id_tournoi is implicitly treated as a required parameter in APPPATH\Controllers\MatchJController.php on line 164.
 1 SYSTEMPATH\Autoloader\Autoloader.php(317): include_once('C:\\Users\\Mialisoa\\ASA\\interprom\\interprom-back\\system\\Debug\\Exceptions.php')
 2 SYSTEMPATH\Autoloader\Autoloader.php(296): CodeIgniter\Autoloader\Autoloader->includeFile('C:\\Users\\Mialisoa\\ASA\\interprom\\interprom-back\\app\\Controllers\\MatchJController.php')
 3 SYSTEMPATH\Autoloader\Autoloader.php(272): CodeIgniter\Autoloader\Autoloader->loadInNamespace('App\\Controllers\\MatchJController')
 4 [internal function]: CodeIgniter\Autoloader\Autoloader->loadClass('App\\Controllers\\MatchJController')
 5 SYSTEMPATH\CodeIgniter.php(887): class_exists('\\App\\Controllers\\MatchJController', true)
 6 SYSTEMPATH\CodeIgniter.php(496): CodeIgniter\CodeIgniter->startController()
 7 SYSTEMPATH\CodeIgniter.php(355): CodeIgniter\CodeIgniter->handleRequest(null, Object(Config\Cache), false)
 8 SYSTEMPATH\Boot.php(312): CodeIgniter\CodeIgniter->run()
 9 SYSTEMPATH\Boot.php(67): CodeIgniter\Boot::runCodeIgniter(Object(CodeIgniter\CodeIgniter))
10 FCPATH\index.php(62): CodeIgniter\Boot::bootWeb(Object(Config\Paths))
11 SYSTEMPATH\Commands\Server\rewrite.php(49): require_once('C:\\Users\\Mialisoa\\ASA\\interprom\\interprom-back\\public\\index.php')
WARNING - 2025-05-15 20:17:27 --> [DEPRECATED] Optional parameter $id_discipline declared before required parameter $id_tournoi is implicitly treated as a required parameter in APPPATH\Controllers\MatchJController.php on line 164.
 1 SYSTEMPATH\Autoloader\Autoloader.php(317): include_once('C:\\Users\\Mialisoa\\ASA\\interprom\\interprom-back\\system\\Debug\\Exceptions.php')
 2 SYSTEMPATH\Autoloader\Autoloader.php(296): CodeIgniter\Autoloader\Autoloader->includeFile('C:\\Users\\Mialisoa\\ASA\\interprom\\interprom-back\\app\\Controllers\\MatchJController.php')
 3 SYSTEMPATH\Autoloader\Autoloader.php(272): CodeIgniter\Autoloader\Autoloader->loadInNamespace('App\\Controllers\\MatchJController')
 4 [internal function]: CodeIgniter\Autoloader\Autoloader->loadClass('App\\Controllers\\MatchJController')
 5 SYSTEMPATH\CodeIgniter.php(887): class_exists('\\App\\Controllers\\MatchJController', true)
 6 SYSTEMPATH\CodeIgniter.php(496): CodeIgniter\CodeIgniter->startController()
 7 SYSTEMPATH\CodeIgniter.php(355): CodeIgniter\CodeIgniter->handleRequest(null, Object(Config\Cache), false)
 8 SYSTEMPATH\Boot.php(312): CodeIgniter\CodeIgniter->run()
 9 SYSTEMPATH\Boot.php(67): CodeIgniter\Boot::runCodeIgniter(Object(CodeIgniter\CodeIgniter))
10 FCPATH\index.php(62): CodeIgniter\Boot::bootWeb(Object(Config\Paths))
11 SYSTEMPATH\Commands\Server\rewrite.php(49): require_once('C:\\Users\\Mialisoa\\ASA\\interprom\\interprom-back\\public\\index.php')
WARNING - 2025-05-15 20:17:27 --> [DEPRECATED] Optional parameter $id_discipline declared before required parameter $id_tournoi is implicitly treated as a required parameter in APPPATH\Controllers\MatchJController.php on line 164.
 1 SYSTEMPATH\Autoloader\Autoloader.php(317): include_once('C:\\Users\\Mialisoa\\ASA\\interprom\\interprom-back\\system\\Debug\\Exceptions.php')
 2 SYSTEMPATH\Autoloader\Autoloader.php(296): CodeIgniter\Autoloader\Autoloader->includeFile('C:\\Users\\Mialisoa\\ASA\\interprom\\interprom-back\\app\\Controllers\\MatchJController.php')
 3 SYSTEMPATH\Autoloader\Autoloader.php(272): CodeIgniter\Autoloader\Autoloader->loadInNamespace('App\\Controllers\\MatchJController')
 4 [internal function]: CodeIgniter\Autoloader\Autoloader->loadClass('App\\Controllers\\MatchJController')
 5 SYSTEMPATH\CodeIgniter.php(887): class_exists('\\App\\Controllers\\MatchJController', true)
 6 SYSTEMPATH\CodeIgniter.php(496): CodeIgniter\CodeIgniter->startController()
 7 SYSTEMPATH\CodeIgniter.php(355): CodeIgniter\CodeIgniter->handleRequest(null, Object(Config\Cache), false)
 8 SYSTEMPATH\Boot.php(312): CodeIgniter\CodeIgniter->run()
 9 SYSTEMPATH\Boot.php(67): CodeIgniter\Boot::runCodeIgniter(Object(CodeIgniter\CodeIgniter))
10 FCPATH\index.php(62): CodeIgniter\Boot::bootWeb(Object(Config\Paths))
11 SYSTEMPATH\Commands\Server\rewrite.php(49): require_once('C:\\Users\\Mialisoa\\ASA\\interprom\\interprom-back\\public\\index.php')
WARNING - 2025-05-15 20:17:31 --> [DEPRECATED] Optional parameter $id_discipline declared before required parameter $id_tournoi is implicitly treated as a required parameter in APPPATH\Controllers\MatchJController.php on line 164.
 1 SYSTEMPATH\Autoloader\Autoloader.php(317): include_once('C:\\Users\\Mialisoa\\ASA\\interprom\\interprom-back\\system\\Debug\\Exceptions.php')
 2 SYSTEMPATH\Autoloader\Autoloader.php(296): CodeIgniter\Autoloader\Autoloader->includeFile('C:\\Users\\Mialisoa\\ASA\\interprom\\interprom-back\\app\\Controllers\\MatchJController.php')
 3 SYSTEMPATH\Autoloader\Autoloader.php(272): CodeIgniter\Autoloader\Autoloader->loadInNamespace('App\\Controllers\\MatchJController')
 4 [internal function]: CodeIgniter\Autoloader\Autoloader->loadClass('App\\Controllers\\MatchJController')
 5 SYSTEMPATH\CodeIgniter.php(887): class_exists('\\App\\Controllers\\MatchJController', true)
 6 SYSTEMPATH\CodeIgniter.php(496): CodeIgniter\CodeIgniter->startController()
 7 SYSTEMPATH\CodeIgniter.php(355): CodeIgniter\CodeIgniter->handleRequest(null, Object(Config\Cache), false)
 8 SYSTEMPATH\Boot.php(312): CodeIgniter\CodeIgniter->run()
 9 SYSTEMPATH\Boot.php(67): CodeIgniter\Boot::runCodeIgniter(Object(CodeIgniter\CodeIgniter))
10 FCPATH\index.php(62): CodeIgniter\Boot::bootWeb(Object(Config\Paths))
11 SYSTEMPATH\Commands\Server\rewrite.php(49): require_once('C:\\Users\\Mialisoa\\ASA\\interprom\\interprom-back\\public\\index.php')
WARNING - 2025-05-15 20:17:32 --> [DEPRECATED] Optional parameter $id_discipline declared before required parameter $id_tournoi is implicitly treated as a required parameter in APPPATH\Controllers\MatchJController.php on line 164.
 1 SYSTEMPATH\Autoloader\Autoloader.php(317): include_once('C:\\Users\\Mialisoa\\ASA\\interprom\\interprom-back\\system\\Debug\\Exceptions.php')
 2 SYSTEMPATH\Autoloader\Autoloader.php(296): CodeIgniter\Autoloader\Autoloader->includeFile('C:\\Users\\Mialisoa\\ASA\\interprom\\interprom-back\\app\\Controllers\\MatchJController.php')
 3 SYSTEMPATH\Autoloader\Autoloader.php(272): CodeIgniter\Autoloader\Autoloader->loadInNamespace('App\\Controllers\\MatchJController')
 4 [internal function]: CodeIgniter\Autoloader\Autoloader->loadClass('App\\Controllers\\MatchJController')
 5 SYSTEMPATH\CodeIgniter.php(887): class_exists('\\App\\Controllers\\MatchJController', true)
 6 SYSTEMPATH\CodeIgniter.php(496): CodeIgniter\CodeIgniter->startController()
 7 SYSTEMPATH\CodeIgniter.php(355): CodeIgniter\CodeIgniter->handleRequest(null, Object(Config\Cache), false)
 8 SYSTEMPATH\Boot.php(312): CodeIgniter\CodeIgniter->run()
 9 SYSTEMPATH\Boot.php(67): CodeIgniter\Boot::runCodeIgniter(Object(CodeIgniter\CodeIgniter))
10 FCPATH\index.php(62): CodeIgniter\Boot::bootWeb(Object(Config\Paths))
11 SYSTEMPATH\Commands\Server\rewrite.php(49): require_once('C:\\Users\\Mialisoa\\ASA\\interprom\\interprom-back\\public\\index.php')
WARNING - 2025-05-15 20:17:40 --> [DEPRECATED] Optional parameter $id_discipline declared before required parameter $id_tournoi is implicitly treated as a required parameter in APPPATH\Controllers\MatchJController.php on line 164.
 1 SYSTEMPATH\Autoloader\Autoloader.php(317): include_once('C:\\Users\\Mialisoa\\ASA\\interprom\\interprom-back\\system\\Debug\\Exceptions.php')
 2 SYSTEMPATH\Autoloader\Autoloader.php(296): CodeIgniter\Autoloader\Autoloader->includeFile('C:\\Users\\Mialisoa\\ASA\\interprom\\interprom-back\\app\\Controllers\\MatchJController.php')
 3 SYSTEMPATH\Autoloader\Autoloader.php(272): CodeIgniter\Autoloader\Autoloader->loadInNamespace('App\\Controllers\\MatchJController')
 4 [internal function]: CodeIgniter\Autoloader\Autoloader->loadClass('App\\Controllers\\MatchJController')
 5 SYSTEMPATH\CodeIgniter.php(887): class_exists('\\App\\Controllers\\MatchJController', true)
 6 SYSTEMPATH\CodeIgniter.php(496): CodeIgniter\CodeIgniter->startController()
 7 SYSTEMPATH\CodeIgniter.php(355): CodeIgniter\CodeIgniter->handleRequest(null, Object(Config\Cache), false)
 8 SYSTEMPATH\Boot.php(312): CodeIgniter\CodeIgniter->run()
 9 SYSTEMPATH\Boot.php(67): CodeIgniter\Boot::runCodeIgniter(Object(CodeIgniter\CodeIgniter))
10 FCPATH\index.php(62): CodeIgniter\Boot::bootWeb(Object(Config\Paths))
11 SYSTEMPATH\Commands\Server\rewrite.php(49): require_once('C:\\Users\\Mialisoa\\ASA\\interprom\\interprom-back\\public\\index.php')
WARNING - 2025-05-15 20:17:41 --> [DEPRECATED] Optional parameter $id_discipline declared before required parameter $id_tournoi is implicitly treated as a required parameter in APPPATH\Controllers\MatchJController.php on line 164.
 1 SYSTEMPATH\Autoloader\Autoloader.php(317): include_once('C:\\Users\\Mialisoa\\ASA\\interprom\\interprom-back\\system\\Debug\\Exceptions.php')
 2 SYSTEMPATH\Autoloader\Autoloader.php(296): CodeIgniter\Autoloader\Autoloader->includeFile('C:\\Users\\Mialisoa\\ASA\\interprom\\interprom-back\\app\\Controllers\\MatchJController.php')
 3 SYSTEMPATH\Autoloader\Autoloader.php(272): CodeIgniter\Autoloader\Autoloader->loadInNamespace('App\\Controllers\\MatchJController')
 4 [internal function]: CodeIgniter\Autoloader\Autoloader->loadClass('App\\Controllers\\MatchJController')
 5 SYSTEMPATH\CodeIgniter.php(887): class_exists('\\App\\Controllers\\MatchJController', true)
 6 SYSTEMPATH\CodeIgniter.php(496): CodeIgniter\CodeIgniter->startController()
 7 SYSTEMPATH\CodeIgniter.php(355): CodeIgniter\CodeIgniter->handleRequest(null, Object(Config\Cache), false)
 8 SYSTEMPATH\Boot.php(312): CodeIgniter\CodeIgniter->run()
 9 SYSTEMPATH\Boot.php(67): CodeIgniter\Boot::runCodeIgniter(Object(CodeIgniter\CodeIgniter))
10 FCPATH\index.php(62): CodeIgniter\Boot::bootWeb(Object(Config\Paths))
11 SYSTEMPATH\Commands\Server\rewrite.php(49): require_once('C:\\Users\\Mialisoa\\ASA\\interprom\\interprom-back\\public\\index.php')
WARNING - 2025-05-15 20:17:42 --> [DEPRECATED] Optional parameter $id_discipline declared before required parameter $id_tournoi is implicitly treated as a required parameter in APPPATH\Controllers\MatchJController.php on line 164.
 1 SYSTEMPATH\Autoloader\Autoloader.php(317): include_once('C:\\Users\\Mialisoa\\ASA\\interprom\\interprom-back\\system\\Debug\\Exceptions.php')
 2 SYSTEMPATH\Autoloader\Autoloader.php(296): CodeIgniter\Autoloader\Autoloader->includeFile('C:\\Users\\Mialisoa\\ASA\\interprom\\interprom-back\\app\\Controllers\\MatchJController.php')
 3 SYSTEMPATH\Autoloader\Autoloader.php(272): CodeIgniter\Autoloader\Autoloader->loadInNamespace('App\\Controllers\\MatchJController')
 4 [internal function]: CodeIgniter\Autoloader\Autoloader->loadClass('App\\Controllers\\MatchJController')
 5 SYSTEMPATH\CodeIgniter.php(887): class_exists('\\App\\Controllers\\MatchJController', true)
 6 SYSTEMPATH\CodeIgniter.php(496): CodeIgniter\CodeIgniter->startController()
 7 SYSTEMPATH\CodeIgniter.php(355): CodeIgniter\CodeIgniter->handleRequest(null, Object(Config\Cache), false)
 8 SYSTEMPATH\Boot.php(312): CodeIgniter\CodeIgniter->run()
 9 SYSTEMPATH\Boot.php(67): CodeIgniter\Boot::runCodeIgniter(Object(CodeIgniter\CodeIgniter))
10 FCPATH\index.php(62): CodeIgniter\Boot::bootWeb(Object(Config\Paths))
11 SYSTEMPATH\Commands\Server\rewrite.php(49): require_once('C:\\Users\\Mialisoa\\ASA\\interprom\\interprom-back\\public\\index.php')
WARNING - 2025-05-15 20:17:42 --> [DEPRECATED] Optional parameter $id_discipline declared before required parameter $id_tournoi is implicitly treated as a required parameter in APPPATH\Controllers\MatchJController.php on line 164.
 1 SYSTEMPATH\Autoloader\Autoloader.php(317): include_once('C:\\Users\\Mialisoa\\ASA\\interprom\\interprom-back\\system\\Debug\\Exceptions.php')
 2 SYSTEMPATH\Autoloader\Autoloader.php(296): CodeIgniter\Autoloader\Autoloader->includeFile('C:\\Users\\Mialisoa\\ASA\\interprom\\interprom-back\\app\\Controllers\\MatchJController.php')
 3 SYSTEMPATH\Autoloader\Autoloader.php(272): CodeIgniter\Autoloader\Autoloader->loadInNamespace('App\\Controllers\\MatchJController')
 4 [internal function]: CodeIgniter\Autoloader\Autoloader->loadClass('App\\Controllers\\MatchJController')
 5 SYSTEMPATH\CodeIgniter.php(887): class_exists('\\App\\Controllers\\MatchJController', true)
 6 SYSTEMPATH\CodeIgniter.php(496): CodeIgniter\CodeIgniter->startController()
 7 SYSTEMPATH\CodeIgniter.php(355): CodeIgniter\CodeIgniter->handleRequest(null, Object(Config\Cache), false)
 8 SYSTEMPATH\Boot.php(312): CodeIgniter\CodeIgniter->run()
 9 SYSTEMPATH\Boot.php(67): CodeIgniter\Boot::runCodeIgniter(Object(CodeIgniter\CodeIgniter))
10 FCPATH\index.php(62): CodeIgniter\Boot::bootWeb(Object(Config\Paths))
11 SYSTEMPATH\Commands\Server\rewrite.php(49): require_once('C:\\Users\\Mialisoa\\ASA\\interprom\\interprom-back\\public\\index.php')
WARNING - 2025-05-15 20:17:42 --> [DEPRECATED] Optional parameter $id_discipline declared before required parameter $id_tournoi is implicitly treated as a required parameter in APPPATH\Controllers\MatchJController.php on line 164.
 1 SYSTEMPATH\Autoloader\Autoloader.php(317): include_once('C:\\Users\\Mialisoa\\ASA\\interprom\\interprom-back\\system\\Debug\\Exceptions.php')
 2 SYSTEMPATH\Autoloader\Autoloader.php(296): CodeIgniter\Autoloader\Autoloader->includeFile('C:\\Users\\Mialisoa\\ASA\\interprom\\interprom-back\\app\\Controllers\\MatchJController.php')
 3 SYSTEMPATH\Autoloader\Autoloader.php(272): CodeIgniter\Autoloader\Autoloader->loadInNamespace('App\\Controllers\\MatchJController')
 4 [internal function]: CodeIgniter\Autoloader\Autoloader->loadClass('App\\Controllers\\MatchJController')
 5 SYSTEMPATH\CodeIgniter.php(887): class_exists('\\App\\Controllers\\MatchJController', true)
 6 SYSTEMPATH\CodeIgniter.php(496): CodeIgniter\CodeIgniter->startController()
 7 SYSTEMPATH\CodeIgniter.php(355): CodeIgniter\CodeIgniter->handleRequest(null, Object(Config\Cache), false)
 8 SYSTEMPATH\Boot.php(312): CodeIgniter\CodeIgniter->run()
 9 SYSTEMPATH\Boot.php(67): CodeIgniter\Boot::runCodeIgniter(Object(CodeIgniter\CodeIgniter))
10 FCPATH\index.php(62): CodeIgniter\Boot::bootWeb(Object(Config\Paths))
11 SYSTEMPATH\Commands\Server\rewrite.php(49): require_once('C:\\Users\\Mialisoa\\ASA\\interprom\\interprom-back\\public\\index.php')
WARNING - 2025-05-15 20:17:43 --> [DEPRECATED] Optional parameter $id_discipline declared before required parameter $id_tournoi is implicitly treated as a required parameter in APPPATH\Controllers\MatchJController.php on line 164.
 1 SYSTEMPATH\Autoloader\Autoloader.php(317): include_once('C:\\Users\\Mialisoa\\ASA\\interprom\\interprom-back\\system\\Debug\\Exceptions.php')
 2 SYSTEMPATH\Autoloader\Autoloader.php(296): CodeIgniter\Autoloader\Autoloader->includeFile('C:\\Users\\Mialisoa\\ASA\\interprom\\interprom-back\\app\\Controllers\\MatchJController.php')
 3 SYSTEMPATH\Autoloader\Autoloader.php(272): CodeIgniter\Autoloader\Autoloader->loadInNamespace('App\\Controllers\\MatchJController')
 4 [internal function]: CodeIgniter\Autoloader\Autoloader->loadClass('App\\Controllers\\MatchJController')
 5 SYSTEMPATH\CodeIgniter.php(887): class_exists('\\App\\Controllers\\MatchJController', true)
 6 SYSTEMPATH\CodeIgniter.php(496): CodeIgniter\CodeIgniter->startController()
 7 SYSTEMPATH\CodeIgniter.php(355): CodeIgniter\CodeIgniter->handleRequest(null, Object(Config\Cache), false)
 8 SYSTEMPATH\Boot.php(312): CodeIgniter\CodeIgniter->run()
 9 SYSTEMPATH\Boot.php(67): CodeIgniter\Boot::runCodeIgniter(Object(CodeIgniter\CodeIgniter))
10 FCPATH\index.php(62): CodeIgniter\Boot::bootWeb(Object(Config\Paths))
11 SYSTEMPATH\Commands\Server\rewrite.php(49): require_once('C:\\Users\\Mialisoa\\ASA\\interprom\\interprom-back\\public\\index.php')
WARNING - 2025-05-15 20:17:50 --> [DEPRECATED] Optional parameter $id_discipline declared before required parameter $id_tournoi is implicitly treated as a required parameter in APPPATH\Controllers\MatchJController.php on line 164.
 1 SYSTEMPATH\Autoloader\Autoloader.php(317): include_once('C:\\Users\\Mialisoa\\ASA\\interprom\\interprom-back\\system\\Debug\\Exceptions.php')
 2 SYSTEMPATH\Autoloader\Autoloader.php(296): CodeIgniter\Autoloader\Autoloader->includeFile('C:\\Users\\Mialisoa\\ASA\\interprom\\interprom-back\\app\\Controllers\\MatchJController.php')
 3 SYSTEMPATH\Autoloader\Autoloader.php(272): CodeIgniter\Autoloader\Autoloader->loadInNamespace('App\\Controllers\\MatchJController')
 4 [internal function]: CodeIgniter\Autoloader\Autoloader->loadClass('App\\Controllers\\MatchJController')
 5 SYSTEMPATH\CodeIgniter.php(887): class_exists('\\App\\Controllers\\MatchJController', true)
 6 SYSTEMPATH\CodeIgniter.php(496): CodeIgniter\CodeIgniter->startController()
 7 SYSTEMPATH\CodeIgniter.php(355): CodeIgniter\CodeIgniter->handleRequest(null, Object(Config\Cache), false)
 8 SYSTEMPATH\Boot.php(312): CodeIgniter\CodeIgniter->run()
 9 SYSTEMPATH\Boot.php(67): CodeIgniter\Boot::runCodeIgniter(Object(CodeIgniter\CodeIgniter))
10 FCPATH\index.php(62): CodeIgniter\Boot::bootWeb(Object(Config\Paths))
11 SYSTEMPATH\Commands\Server\rewrite.php(49): require_once('C:\\Users\\Mialisoa\\ASA\\interprom\\interprom-back\\public\\index.php')
WARNING - 2025-05-15 20:17:50 --> [DEPRECATED] Optional parameter $id_discipline declared before required parameter $id_tournoi is implicitly treated as a required parameter in APPPATH\Controllers\MatchJController.php on line 164.
 1 SYSTEMPATH\Autoloader\Autoloader.php(317): include_once('C:\\Users\\Mialisoa\\ASA\\interprom\\interprom-back\\system\\Debug\\Exceptions.php')
 2 SYSTEMPATH\Autoloader\Autoloader.php(296): CodeIgniter\Autoloader\Autoloader->includeFile('C:\\Users\\Mialisoa\\ASA\\interprom\\interprom-back\\app\\Controllers\\MatchJController.php')
 3 SYSTEMPATH\Autoloader\Autoloader.php(272): CodeIgniter\Autoloader\Autoloader->loadInNamespace('App\\Controllers\\MatchJController')
 4 [internal function]: CodeIgniter\Autoloader\Autoloader->loadClass('App\\Controllers\\MatchJController')
 5 SYSTEMPATH\CodeIgniter.php(887): class_exists('\\App\\Controllers\\MatchJController', true)
 6 SYSTEMPATH\CodeIgniter.php(496): CodeIgniter\CodeIgniter->startController()
 7 SYSTEMPATH\CodeIgniter.php(355): CodeIgniter\CodeIgniter->handleRequest(null, Object(Config\Cache), false)
 8 SYSTEMPATH\Boot.php(312): CodeIgniter\CodeIgniter->run()
 9 SYSTEMPATH\Boot.php(67): CodeIgniter\Boot::runCodeIgniter(Object(CodeIgniter\CodeIgniter))
10 FCPATH\index.php(62): CodeIgniter\Boot::bootWeb(Object(Config\Paths))
11 SYSTEMPATH\Commands\Server\rewrite.php(49): require_once('C:\\Users\\Mialisoa\\ASA\\interprom\\interprom-back\\public\\index.php')
WARNING - 2025-05-15 20:17:51 --> [DEPRECATED] Optional parameter $id_discipline declared before required parameter $id_tournoi is implicitly treated as a required parameter in APPPATH\Controllers\MatchJController.php on line 164.
 1 SYSTEMPATH\Autoloader\Autoloader.php(317): include_once('C:\\Users\\Mialisoa\\ASA\\interprom\\interprom-back\\system\\Debug\\Exceptions.php')
 2 SYSTEMPATH\Autoloader\Autoloader.php(296): CodeIgniter\Autoloader\Autoloader->includeFile('C:\\Users\\Mialisoa\\ASA\\interprom\\interprom-back\\app\\Controllers\\MatchJController.php')
 3 SYSTEMPATH\Autoloader\Autoloader.php(272): CodeIgniter\Autoloader\Autoloader->loadInNamespace('App\\Controllers\\MatchJController')
 4 [internal function]: CodeIgniter\Autoloader\Autoloader->loadClass('App\\Controllers\\MatchJController')
 5 SYSTEMPATH\CodeIgniter.php(887): class_exists('\\App\\Controllers\\MatchJController', true)
 6 SYSTEMPATH\CodeIgniter.php(496): CodeIgniter\CodeIgniter->startController()
 7 SYSTEMPATH\CodeIgniter.php(355): CodeIgniter\CodeIgniter->handleRequest(null, Object(Config\Cache), false)
 8 SYSTEMPATH\Boot.php(312): CodeIgniter\CodeIgniter->run()
 9 SYSTEMPATH\Boot.php(67): CodeIgniter\Boot::runCodeIgniter(Object(CodeIgniter\CodeIgniter))
10 FCPATH\index.php(62): CodeIgniter\Boot::bootWeb(Object(Config\Paths))
11 SYSTEMPATH\Commands\Server\rewrite.php(49): require_once('C:\\Users\\Mialisoa\\ASA\\interprom\\interprom-back\\public\\index.php')
WARNING - 2025-05-15 20:17:52 --> [DEPRECATED] Optional parameter $id_discipline declared before required parameter $id_tournoi is implicitly treated as a required parameter in APPPATH\Controllers\MatchJController.php on line 164.
 1 SYSTEMPATH\Autoloader\Autoloader.php(317): include_once('C:\\Users\\Mialisoa\\ASA\\interprom\\interprom-back\\system\\Debug\\Exceptions.php')
 2 SYSTEMPATH\Autoloader\Autoloader.php(296): CodeIgniter\Autoloader\Autoloader->includeFile('C:\\Users\\Mialisoa\\ASA\\interprom\\interprom-back\\app\\Controllers\\MatchJController.php')
 3 SYSTEMPATH\Autoloader\Autoloader.php(272): CodeIgniter\Autoloader\Autoloader->loadInNamespace('App\\Controllers\\MatchJController')
 4 [internal function]: CodeIgniter\Autoloader\Autoloader->loadClass('App\\Controllers\\MatchJController')
 5 SYSTEMPATH\CodeIgniter.php(887): class_exists('\\App\\Controllers\\MatchJController', true)
 6 SYSTEMPATH\CodeIgniter.php(496): CodeIgniter\CodeIgniter->startController()
 7 SYSTEMPATH\CodeIgniter.php(355): CodeIgniter\CodeIgniter->handleRequest(null, Object(Config\Cache), false)
 8 SYSTEMPATH\Boot.php(312): CodeIgniter\CodeIgniter->run()
 9 SYSTEMPATH\Boot.php(67): CodeIgniter\Boot::runCodeIgniter(Object(CodeIgniter\CodeIgniter))
10 FCPATH\index.php(62): CodeIgniter\Boot::bootWeb(Object(Config\Paths))
11 SYSTEMPATH\Commands\Server\rewrite.php(49): require_once('C:\\Users\\Mialisoa\\ASA\\interprom\\interprom-back\\public\\index.php')
WARNING - 2025-05-15 20:17:54 --> [DEPRECATED] Optional parameter $id_discipline declared before required parameter $id_tournoi is implicitly treated as a required parameter in APPPATH\Controllers\MatchJController.php on line 164.
 1 SYSTEMPATH\Autoloader\Autoloader.php(317): include_once('C:\\Users\\Mialisoa\\ASA\\interprom\\interprom-back\\system\\Debug\\Exceptions.php')
 2 SYSTEMPATH\Autoloader\Autoloader.php(296): CodeIgniter\Autoloader\Autoloader->includeFile('C:\\Users\\Mialisoa\\ASA\\interprom\\interprom-back\\app\\Controllers\\MatchJController.php')
 3 SYSTEMPATH\Autoloader\Autoloader.php(272): CodeIgniter\Autoloader\Autoloader->loadInNamespace('App\\Controllers\\MatchJController')
 4 [internal function]: CodeIgniter\Autoloader\Autoloader->loadClass('App\\Controllers\\MatchJController')
 5 SYSTEMPATH\CodeIgniter.php(887): class_exists('\\App\\Controllers\\MatchJController', true)
 6 SYSTEMPATH\CodeIgniter.php(496): CodeIgniter\CodeIgniter->startController()
 7 SYSTEMPATH\CodeIgniter.php(355): CodeIgniter\CodeIgniter->handleRequest(null, Object(Config\Cache), false)
 8 SYSTEMPATH\Boot.php(312): CodeIgniter\CodeIgniter->run()
 9 SYSTEMPATH\Boot.php(67): CodeIgniter\Boot::runCodeIgniter(Object(CodeIgniter\CodeIgniter))
10 FCPATH\index.php(62): CodeIgniter\Boot::bootWeb(Object(Config\Paths))
11 SYSTEMPATH\Commands\Server\rewrite.php(49): require_once('C:\\Users\\Mialisoa\\ASA\\interprom\\interprom-back\\public\\index.php')
WARNING - 2025-05-15 20:17:54 --> [DEPRECATED] Optional parameter $id_discipline declared before required parameter $id_tournoi is implicitly treated as a required parameter in APPPATH\Controllers\MatchJController.php on line 164.
 1 SYSTEMPATH\Autoloader\Autoloader.php(317): include_once('C:\\Users\\Mialisoa\\ASA\\interprom\\interprom-back\\system\\Debug\\Exceptions.php')
 2 SYSTEMPATH\Autoloader\Autoloader.php(296): CodeIgniter\Autoloader\Autoloader->includeFile('C:\\Users\\Mialisoa\\ASA\\interprom\\interprom-back\\app\\Controllers\\MatchJController.php')
 3 SYSTEMPATH\Autoloader\Autoloader.php(272): CodeIgniter\Autoloader\Autoloader->loadInNamespace('App\\Controllers\\MatchJController')
 4 [internal function]: CodeIgniter\Autoloader\Autoloader->loadClass('App\\Controllers\\MatchJController')
 5 SYSTEMPATH\CodeIgniter.php(887): class_exists('\\App\\Controllers\\MatchJController', true)
 6 SYSTEMPATH\CodeIgniter.php(496): CodeIgniter\CodeIgniter->startController()
 7 SYSTEMPATH\CodeIgniter.php(355): CodeIgniter\CodeIgniter->handleRequest(null, Object(Config\Cache), false)
 8 SYSTEMPATH\Boot.php(312): CodeIgniter\CodeIgniter->run()
 9 SYSTEMPATH\Boot.php(67): CodeIgniter\Boot::runCodeIgniter(Object(CodeIgniter\CodeIgniter))
10 FCPATH\index.php(62): CodeIgniter\Boot::bootWeb(Object(Config\Paths))
11 SYSTEMPATH\Commands\Server\rewrite.php(49): require_once('C:\\Users\\Mialisoa\\ASA\\interprom\\interprom-back\\public\\index.php')
WARNING - 2025-05-15 20:17:56 --> [DEPRECATED] Optional parameter $id_discipline declared before required parameter $id_tournoi is implicitly treated as a required parameter in APPPATH\Controllers\MatchJController.php on line 164.
 1 SYSTEMPATH\Autoloader\Autoloader.php(317): include_once('C:\\Users\\Mialisoa\\ASA\\interprom\\interprom-back\\system\\Debug\\Exceptions.php')
 2 SYSTEMPATH\Autoloader\Autoloader.php(296): CodeIgniter\Autoloader\Autoloader->includeFile('C:\\Users\\Mialisoa\\ASA\\interprom\\interprom-back\\app\\Controllers\\MatchJController.php')
 3 SYSTEMPATH\Autoloader\Autoloader.php(272): CodeIgniter\Autoloader\Autoloader->loadInNamespace('App\\Controllers\\MatchJController')
 4 [internal function]: CodeIgniter\Autoloader\Autoloader->loadClass('App\\Controllers\\MatchJController')
 5 SYSTEMPATH\CodeIgniter.php(887): class_exists('\\App\\Controllers\\MatchJController', true)
 6 SYSTEMPATH\CodeIgniter.php(496): CodeIgniter\CodeIgniter->startController()
 7 SYSTEMPATH\CodeIgniter.php(355): CodeIgniter\CodeIgniter->handleRequest(null, Object(Config\Cache), false)
 8 SYSTEMPATH\Boot.php(312): CodeIgniter\CodeIgniter->run()
 9 SYSTEMPATH\Boot.php(67): CodeIgniter\Boot::runCodeIgniter(Object(CodeIgniter\CodeIgniter))
10 FCPATH\index.php(62): CodeIgniter\Boot::bootWeb(Object(Config\Paths))
11 SYSTEMPATH\Commands\Server\rewrite.php(49): require_once('C:\\Users\\Mialisoa\\ASA\\interprom\\interprom-back\\public\\index.php')
WARNING - 2025-05-15 20:17:57 --> [DEPRECATED] Optional parameter $id_discipline declared before required parameter $id_tournoi is implicitly treated as a required parameter in APPPATH\Controllers\MatchJController.php on line 164.
 1 SYSTEMPATH\Autoloader\Autoloader.php(317): include_once('C:\\Users\\Mialisoa\\ASA\\interprom\\interprom-back\\system\\Debug\\Exceptions.php')
 2 SYSTEMPATH\Autoloader\Autoloader.php(296): CodeIgniter\Autoloader\Autoloader->includeFile('C:\\Users\\Mialisoa\\ASA\\interprom\\interprom-back\\app\\Controllers\\MatchJController.php')
 3 SYSTEMPATH\Autoloader\Autoloader.php(272): CodeIgniter\Autoloader\Autoloader->loadInNamespace('App\\Controllers\\MatchJController')
 4 [internal function]: CodeIgniter\Autoloader\Autoloader->loadClass('App\\Controllers\\MatchJController')
 5 SYSTEMPATH\CodeIgniter.php(887): class_exists('\\App\\Controllers\\MatchJController', true)
 6 SYSTEMPATH\CodeIgniter.php(496): CodeIgniter\CodeIgniter->startController()
 7 SYSTEMPATH\CodeIgniter.php(355): CodeIgniter\CodeIgniter->handleRequest(null, Object(Config\Cache), false)
 8 SYSTEMPATH\Boot.php(312): CodeIgniter\CodeIgniter->run()
 9 SYSTEMPATH\Boot.php(67): CodeIgniter\Boot::runCodeIgniter(Object(CodeIgniter\CodeIgniter))
10 FCPATH\index.php(62): CodeIgniter\Boot::bootWeb(Object(Config\Paths))
11 SYSTEMPATH\Commands\Server\rewrite.php(49): require_once('C:\\Users\\Mialisoa\\ASA\\interprom\\interprom-back\\public\\index.php')
WARNING - 2025-05-15 20:17:58 --> [DEPRECATED] Optional parameter $id_discipline declared before required parameter $id_tournoi is implicitly treated as a required parameter in APPPATH\Controllers\MatchJController.php on line 164.
 1 SYSTEMPATH\Autoloader\Autoloader.php(317): include_once('C:\\Users\\Mialisoa\\ASA\\interprom\\interprom-back\\system\\Debug\\Exceptions.php')
 2 SYSTEMPATH\Autoloader\Autoloader.php(296): CodeIgniter\Autoloader\Autoloader->includeFile('C:\\Users\\Mialisoa\\ASA\\interprom\\interprom-back\\app\\Controllers\\MatchJController.php')
 3 SYSTEMPATH\Autoloader\Autoloader.php(272): CodeIgniter\Autoloader\Autoloader->loadInNamespace('App\\Controllers\\MatchJController')
 4 [internal function]: CodeIgniter\Autoloader\Autoloader->loadClass('App\\Controllers\\MatchJController')
 5 SYSTEMPATH\CodeIgniter.php(887): class_exists('\\App\\Controllers\\MatchJController', true)
 6 SYSTEMPATH\CodeIgniter.php(496): CodeIgniter\CodeIgniter->startController()
 7 SYSTEMPATH\CodeIgniter.php(355): CodeIgniter\CodeIgniter->handleRequest(null, Object(Config\Cache), false)
 8 SYSTEMPATH\Boot.php(312): CodeIgniter\CodeIgniter->run()
 9 SYSTEMPATH\Boot.php(67): CodeIgniter\Boot::runCodeIgniter(Object(CodeIgniter\CodeIgniter))
10 FCPATH\index.php(62): CodeIgniter\Boot::bootWeb(Object(Config\Paths))
11 SYSTEMPATH\Commands\Server\rewrite.php(49): require_once('C:\\Users\\Mialisoa\\ASA\\interprom\\interprom-back\\public\\index.php')
WARNING - 2025-05-15 20:17:59 --> [DEPRECATED] Optional parameter $id_discipline declared before required parameter $id_tournoi is implicitly treated as a required parameter in APPPATH\Controllers\MatchJController.php on line 164.
 1 SYSTEMPATH\Autoloader\Autoloader.php(317): include_once('C:\\Users\\Mialisoa\\ASA\\interprom\\interprom-back\\system\\Debug\\Exceptions.php')
 2 SYSTEMPATH\Autoloader\Autoloader.php(296): CodeIgniter\Autoloader\Autoloader->includeFile('C:\\Users\\Mialisoa\\ASA\\interprom\\interprom-back\\app\\Controllers\\MatchJController.php')
 3 SYSTEMPATH\Autoloader\Autoloader.php(272): CodeIgniter\Autoloader\Autoloader->loadInNamespace('App\\Controllers\\MatchJController')
 4 [internal function]: CodeIgniter\Autoloader\Autoloader->loadClass('App\\Controllers\\MatchJController')
 5 SYSTEMPATH\CodeIgniter.php(887): class_exists('\\App\\Controllers\\MatchJController', true)
 6 SYSTEMPATH\CodeIgniter.php(496): CodeIgniter\CodeIgniter->startController()
 7 SYSTEMPATH\CodeIgniter.php(355): CodeIgniter\CodeIgniter->handleRequest(null, Object(Config\Cache), false)
 8 SYSTEMPATH\Boot.php(312): CodeIgniter\CodeIgniter->run()
 9 SYSTEMPATH\Boot.php(67): CodeIgniter\Boot::runCodeIgniter(Object(CodeIgniter\CodeIgniter))
10 FCPATH\index.php(62): CodeIgniter\Boot::bootWeb(Object(Config\Paths))
11 SYSTEMPATH\Commands\Server\rewrite.php(49): require_once('C:\\Users\\Mialisoa\\ASA\\interprom\\interprom-back\\public\\index.php')
WARNING - 2025-05-15 20:18:00 --> [DEPRECATED] Optional parameter $id_discipline declared before required parameter $id_tournoi is implicitly treated as a required parameter in APPPATH\Controllers\MatchJController.php on line 164.
 1 SYSTEMPATH\Autoloader\Autoloader.php(317): include_once('C:\\Users\\Mialisoa\\ASA\\interprom\\interprom-back\\system\\Debug\\Exceptions.php')
 2 SYSTEMPATH\Autoloader\Autoloader.php(296): CodeIgniter\Autoloader\Autoloader->includeFile('C:\\Users\\Mialisoa\\ASA\\interprom\\interprom-back\\app\\Controllers\\MatchJController.php')
 3 SYSTEMPATH\Autoloader\Autoloader.php(272): CodeIgniter\Autoloader\Autoloader->loadInNamespace('App\\Controllers\\MatchJController')
 4 [internal function]: CodeIgniter\Autoloader\Autoloader->loadClass('App\\Controllers\\MatchJController')
 5 SYSTEMPATH\CodeIgniter.php(887): class_exists('\\App\\Controllers\\MatchJController', true)
 6 SYSTEMPATH\CodeIgniter.php(496): CodeIgniter\CodeIgniter->startController()
 7 SYSTEMPATH\CodeIgniter.php(355): CodeIgniter\CodeIgniter->handleRequest(null, Object(Config\Cache), false)
 8 SYSTEMPATH\Boot.php(312): CodeIgniter\CodeIgniter->run()
 9 SYSTEMPATH\Boot.php(67): CodeIgniter\Boot::runCodeIgniter(Object(CodeIgniter\CodeIgniter))
10 FCPATH\index.php(62): CodeIgniter\Boot::bootWeb(Object(Config\Paths))
11 SYSTEMPATH\Commands\Server\rewrite.php(49): require_once('C:\\Users\\Mialisoa\\ASA\\interprom\\interprom-back\\public\\index.php')
WARNING - 2025-05-15 20:18:01 --> [DEPRECATED] Optional parameter $id_discipline declared before required parameter $id_tournoi is implicitly treated as a required parameter in APPPATH\Controllers\MatchJController.php on line 164.
 1 SYSTEMPATH\Autoloader\Autoloader.php(317): include_once('C:\\Users\\Mialisoa\\ASA\\interprom\\interprom-back\\system\\Debug\\Exceptions.php')
 2 SYSTEMPATH\Autoloader\Autoloader.php(296): CodeIgniter\Autoloader\Autoloader->includeFile('C:\\Users\\Mialisoa\\ASA\\interprom\\interprom-back\\app\\Controllers\\MatchJController.php')
 3 SYSTEMPATH\Autoloader\Autoloader.php(272): CodeIgniter\Autoloader\Autoloader->loadInNamespace('App\\Controllers\\MatchJController')
 4 [internal function]: CodeIgniter\Autoloader\Autoloader->loadClass('App\\Controllers\\MatchJController')
 5 SYSTEMPATH\CodeIgniter.php(887): class_exists('\\App\\Controllers\\MatchJController', true)
 6 SYSTEMPATH\CodeIgniter.php(496): CodeIgniter\CodeIgniter->startController()
 7 SYSTEMPATH\CodeIgniter.php(355): CodeIgniter\CodeIgniter->handleRequest(null, Object(Config\Cache), false)
 8 SYSTEMPATH\Boot.php(312): CodeIgniter\CodeIgniter->run()
 9 SYSTEMPATH\Boot.php(67): CodeIgniter\Boot::runCodeIgniter(Object(CodeIgniter\CodeIgniter))
10 FCPATH\index.php(62): CodeIgniter\Boot::bootWeb(Object(Config\Paths))
11 SYSTEMPATH\Commands\Server\rewrite.php(49): require_once('C:\\Users\\Mialisoa\\ASA\\interprom\\interprom-back\\public\\index.php')
WARNING - 2025-05-15 20:18:01 --> [DEPRECATED] Optional parameter $id_discipline declared before required parameter $id_tournoi is implicitly treated as a required parameter in APPPATH\Controllers\MatchJController.php on line 164.
 1 SYSTEMPATH\Autoloader\Autoloader.php(317): include_once('C:\\Users\\Mialisoa\\ASA\\interprom\\interprom-back\\system\\Debug\\Exceptions.php')
 2 SYSTEMPATH\Autoloader\Autoloader.php(296): CodeIgniter\Autoloader\Autoloader->includeFile('C:\\Users\\Mialisoa\\ASA\\interprom\\interprom-back\\app\\Controllers\\MatchJController.php')
 3 SYSTEMPATH\Autoloader\Autoloader.php(272): CodeIgniter\Autoloader\Autoloader->loadInNamespace('App\\Controllers\\MatchJController')
 4 [internal function]: CodeIgniter\Autoloader\Autoloader->loadClass('App\\Controllers\\MatchJController')
 5 SYSTEMPATH\CodeIgniter.php(887): class_exists('\\App\\Controllers\\MatchJController', true)
 6 SYSTEMPATH\CodeIgniter.php(496): CodeIgniter\CodeIgniter->startController()
 7 SYSTEMPATH\CodeIgniter.php(355): CodeIgniter\CodeIgniter->handleRequest(null, Object(Config\Cache), false)
 8 SYSTEMPATH\Boot.php(312): CodeIgniter\CodeIgniter->run()
 9 SYSTEMPATH\Boot.php(67): CodeIgniter\Boot::runCodeIgniter(Object(CodeIgniter\CodeIgniter))
10 FCPATH\index.php(62): CodeIgniter\Boot::bootWeb(Object(Config\Paths))
11 SYSTEMPATH\Commands\Server\rewrite.php(49): require_once('C:\\Users\\Mialisoa\\ASA\\interprom\\interprom-back\\public\\index.php')
WARNING - 2025-05-15 20:18:02 --> [DEPRECATED] Optional parameter $id_discipline declared before required parameter $id_tournoi is implicitly treated as a required parameter in APPPATH\Controllers\MatchJController.php on line 164.
 1 SYSTEMPATH\Autoloader\Autoloader.php(317): include_once('C:\\Users\\Mialisoa\\ASA\\interprom\\interprom-back\\system\\Debug\\Exceptions.php')
 2 SYSTEMPATH\Autoloader\Autoloader.php(296): CodeIgniter\Autoloader\Autoloader->includeFile('C:\\Users\\Mialisoa\\ASA\\interprom\\interprom-back\\app\\Controllers\\MatchJController.php')
 3 SYSTEMPATH\Autoloader\Autoloader.php(272): CodeIgniter\Autoloader\Autoloader->loadInNamespace('App\\Controllers\\MatchJController')
 4 [internal function]: CodeIgniter\Autoloader\Autoloader->loadClass('App\\Controllers\\MatchJController')
 5 SYSTEMPATH\CodeIgniter.php(887): class_exists('\\App\\Controllers\\MatchJController', true)
 6 SYSTEMPATH\CodeIgniter.php(496): CodeIgniter\CodeIgniter->startController()
 7 SYSTEMPATH\CodeIgniter.php(355): CodeIgniter\CodeIgniter->handleRequest(null, Object(Config\Cache), false)
 8 SYSTEMPATH\Boot.php(312): CodeIgniter\CodeIgniter->run()
 9 SYSTEMPATH\Boot.php(67): CodeIgniter\Boot::runCodeIgniter(Object(CodeIgniter\CodeIgniter))
10 FCPATH\index.php(62): CodeIgniter\Boot::bootWeb(Object(Config\Paths))
11 SYSTEMPATH\Commands\Server\rewrite.php(49): require_once('C:\\Users\\Mialisoa\\ASA\\interprom\\interprom-back\\public\\index.php')
WARNING - 2025-05-15 20:18:03 --> [DEPRECATED] Optional parameter $id_discipline declared before required parameter $id_tournoi is implicitly treated as a required parameter in APPPATH\Controllers\MatchJController.php on line 164.
 1 SYSTEMPATH\Autoloader\Autoloader.php(317): include_once('C:\\Users\\Mialisoa\\ASA\\interprom\\interprom-back\\system\\Debug\\Exceptions.php')
 2 SYSTEMPATH\Autoloader\Autoloader.php(296): CodeIgniter\Autoloader\Autoloader->includeFile('C:\\Users\\Mialisoa\\ASA\\interprom\\interprom-back\\app\\Controllers\\MatchJController.php')
 3 SYSTEMPATH\Autoloader\Autoloader.php(272): CodeIgniter\Autoloader\Autoloader->loadInNamespace('App\\Controllers\\MatchJController')
 4 [internal function]: CodeIgniter\Autoloader\Autoloader->loadClass('App\\Controllers\\MatchJController')
 5 SYSTEMPATH\CodeIgniter.php(887): class_exists('\\App\\Controllers\\MatchJController', true)
 6 SYSTEMPATH\CodeIgniter.php(496): CodeIgniter\CodeIgniter->startController()
 7 SYSTEMPATH\CodeIgniter.php(355): CodeIgniter\CodeIgniter->handleRequest(null, Object(Config\Cache), false)
 8 SYSTEMPATH\Boot.php(312): CodeIgniter\CodeIgniter->run()
 9 SYSTEMPATH\Boot.php(67): CodeIgniter\Boot::runCodeIgniter(Object(CodeIgniter\CodeIgniter))
10 FCPATH\index.php(62): CodeIgniter\Boot::bootWeb(Object(Config\Paths))
11 SYSTEMPATH\Commands\Server\rewrite.php(49): require_once('C:\\Users\\Mialisoa\\ASA\\interprom\\interprom-back\\public\\index.php')
WARNING - 2025-05-15 20:18:03 --> [DEPRECATED] Optional parameter $id_discipline declared before required parameter $id_tournoi is implicitly treated as a required parameter in APPPATH\Controllers\MatchJController.php on line 164.
 1 SYSTEMPATH\Autoloader\Autoloader.php(317): include_once('C:\\Users\\Mialisoa\\ASA\\interprom\\interprom-back\\system\\Debug\\Exceptions.php')
 2 SYSTEMPATH\Autoloader\Autoloader.php(296): CodeIgniter\Autoloader\Autoloader->includeFile('C:\\Users\\Mialisoa\\ASA\\interprom\\interprom-back\\app\\Controllers\\MatchJController.php')
 3 SYSTEMPATH\Autoloader\Autoloader.php(272): CodeIgniter\Autoloader\Autoloader->loadInNamespace('App\\Controllers\\MatchJController')
 4 [internal function]: CodeIgniter\Autoloader\Autoloader->loadClass('App\\Controllers\\MatchJController')
 5 SYSTEMPATH\CodeIgniter.php(887): class_exists('\\App\\Controllers\\MatchJController', true)
 6 SYSTEMPATH\CodeIgniter.php(496): CodeIgniter\CodeIgniter->startController()
 7 SYSTEMPATH\CodeIgniter.php(355): CodeIgniter\CodeIgniter->handleRequest(null, Object(Config\Cache), false)
 8 SYSTEMPATH\Boot.php(312): CodeIgniter\CodeIgniter->run()
 9 SYSTEMPATH\Boot.php(67): CodeIgniter\Boot::runCodeIgniter(Object(CodeIgniter\CodeIgniter))
10 FCPATH\index.php(62): CodeIgniter\Boot::bootWeb(Object(Config\Paths))
11 SYSTEMPATH\Commands\Server\rewrite.php(49): require_once('C:\\Users\\Mialisoa\\ASA\\interprom\\interprom-back\\public\\index.php')
WARNING - 2025-05-15 20:18:03 --> [DEPRECATED] Optional parameter $id_discipline declared before required parameter $id_tournoi is implicitly treated as a required parameter in APPPATH\Controllers\MatchJController.php on line 164.
 1 SYSTEMPATH\Autoloader\Autoloader.php(317): include_once('C:\\Users\\Mialisoa\\ASA\\interprom\\interprom-back\\system\\Debug\\Exceptions.php')
 2 SYSTEMPATH\Autoloader\Autoloader.php(296): CodeIgniter\Autoloader\Autoloader->includeFile('C:\\Users\\Mialisoa\\ASA\\interprom\\interprom-back\\app\\Controllers\\MatchJController.php')
 3 SYSTEMPATH\Autoloader\Autoloader.php(272): CodeIgniter\Autoloader\Autoloader->loadInNamespace('App\\Controllers\\MatchJController')
 4 [internal function]: CodeIgniter\Autoloader\Autoloader->loadClass('App\\Controllers\\MatchJController')
 5 SYSTEMPATH\CodeIgniter.php(887): class_exists('\\App\\Controllers\\MatchJController', true)
 6 SYSTEMPATH\CodeIgniter.php(496): CodeIgniter\CodeIgniter->startController()
 7 SYSTEMPATH\CodeIgniter.php(355): CodeIgniter\CodeIgniter->handleRequest(null, Object(Config\Cache), false)
 8 SYSTEMPATH\Boot.php(312): CodeIgniter\CodeIgniter->run()
 9 SYSTEMPATH\Boot.php(67): CodeIgniter\Boot::runCodeIgniter(Object(CodeIgniter\CodeIgniter))
10 FCPATH\index.php(62): CodeIgniter\Boot::bootWeb(Object(Config\Paths))
11 SYSTEMPATH\Commands\Server\rewrite.php(49): require_once('C:\\Users\\Mialisoa\\ASA\\interprom\\interprom-back\\public\\index.php')
WARNING - 2025-05-15 20:18:04 --> [DEPRECATED] Optional parameter $id_discipline declared before required parameter $id_tournoi is implicitly treated as a required parameter in APPPATH\Controllers\MatchJController.php on line 164.
 1 SYSTEMPATH\Autoloader\Autoloader.php(317): include_once('C:\\Users\\Mialisoa\\ASA\\interprom\\interprom-back\\system\\Debug\\Exceptions.php')
 2 SYSTEMPATH\Autoloader\Autoloader.php(296): CodeIgniter\Autoloader\Autoloader->includeFile('C:\\Users\\Mialisoa\\ASA\\interprom\\interprom-back\\app\\Controllers\\MatchJController.php')
 3 SYSTEMPATH\Autoloader\Autoloader.php(272): CodeIgniter\Autoloader\Autoloader->loadInNamespace('App\\Controllers\\MatchJController')
 4 [internal function]: CodeIgniter\Autoloader\Autoloader->loadClass('App\\Controllers\\MatchJController')
 5 SYSTEMPATH\CodeIgniter.php(887): class_exists('\\App\\Controllers\\MatchJController', true)
 6 SYSTEMPATH\CodeIgniter.php(496): CodeIgniter\CodeIgniter->startController()
 7 SYSTEMPATH\CodeIgniter.php(355): CodeIgniter\CodeIgniter->handleRequest(null, Object(Config\Cache), false)
 8 SYSTEMPATH\Boot.php(312): CodeIgniter\CodeIgniter->run()
 9 SYSTEMPATH\Boot.php(67): CodeIgniter\Boot::runCodeIgniter(Object(CodeIgniter\CodeIgniter))
10 FCPATH\index.php(62): CodeIgniter\Boot::bootWeb(Object(Config\Paths))
11 SYSTEMPATH\Commands\Server\rewrite.php(49): require_once('C:\\Users\\Mialisoa\\ASA\\interprom\\interprom-back\\public\\index.php')
WARNING - 2025-05-15 20:18:05 --> [DEPRECATED] Optional parameter $id_discipline declared before required parameter $id_tournoi is implicitly treated as a required parameter in APPPATH\Controllers\MatchJController.php on line 164.
 1 SYSTEMPATH\Autoloader\Autoloader.php(317): include_once('C:\\Users\\Mialisoa\\ASA\\interprom\\interprom-back\\system\\Debug\\Exceptions.php')
 2 SYSTEMPATH\Autoloader\Autoloader.php(296): CodeIgniter\Autoloader\Autoloader->includeFile('C:\\Users\\Mialisoa\\ASA\\interprom\\interprom-back\\app\\Controllers\\MatchJController.php')
 3 SYSTEMPATH\Autoloader\Autoloader.php(272): CodeIgniter\Autoloader\Autoloader->loadInNamespace('App\\Controllers\\MatchJController')
 4 [internal function]: CodeIgniter\Autoloader\Autoloader->loadClass('App\\Controllers\\MatchJController')
 5 SYSTEMPATH\CodeIgniter.php(887): class_exists('\\App\\Controllers\\MatchJController', true)
 6 SYSTEMPATH\CodeIgniter.php(496): CodeIgniter\CodeIgniter->startController()
 7 SYSTEMPATH\CodeIgniter.php(355): CodeIgniter\CodeIgniter->handleRequest(null, Object(Config\Cache), false)
 8 SYSTEMPATH\Boot.php(312): CodeIgniter\CodeIgniter->run()
 9 SYSTEMPATH\Boot.php(67): CodeIgniter\Boot::runCodeIgniter(Object(CodeIgniter\CodeIgniter))
10 FCPATH\index.php(62): CodeIgniter\Boot::bootWeb(Object(Config\Paths))
11 SYSTEMPATH\Commands\Server\rewrite.php(49): require_once('C:\\Users\\Mialisoa\\ASA\\interprom\\interprom-back\\public\\index.php')
WARNING - 2025-05-15 20:18:08 --> [DEPRECATED] Optional parameter $id_discipline declared before required parameter $id_tournoi is implicitly treated as a required parameter in APPPATH\Controllers\MatchJController.php on line 164.
 1 SYSTEMPATH\Autoloader\Autoloader.php(317): include_once('C:\\Users\\Mialisoa\\ASA\\interprom\\interprom-back\\system\\Debug\\Exceptions.php')
 2 SYSTEMPATH\Autoloader\Autoloader.php(296): CodeIgniter\Autoloader\Autoloader->includeFile('C:\\Users\\Mialisoa\\ASA\\interprom\\interprom-back\\app\\Controllers\\MatchJController.php')
 3 SYSTEMPATH\Autoloader\Autoloader.php(272): CodeIgniter\Autoloader\Autoloader->loadInNamespace('App\\Controllers\\MatchJController')
 4 [internal function]: CodeIgniter\Autoloader\Autoloader->loadClass('App\\Controllers\\MatchJController')
 5 SYSTEMPATH\CodeIgniter.php(887): class_exists('\\App\\Controllers\\MatchJController', true)
 6 SYSTEMPATH\CodeIgniter.php(496): CodeIgniter\CodeIgniter->startController()
 7 SYSTEMPATH\CodeIgniter.php(355): CodeIgniter\CodeIgniter->handleRequest(null, Object(Config\Cache), false)
 8 SYSTEMPATH\Boot.php(312): CodeIgniter\CodeIgniter->run()
 9 SYSTEMPATH\Boot.php(67): CodeIgniter\Boot::runCodeIgniter(Object(CodeIgniter\CodeIgniter))
10 FCPATH\index.php(62): CodeIgniter\Boot::bootWeb(Object(Config\Paths))
11 SYSTEMPATH\Commands\Server\rewrite.php(49): require_once('C:\\Users\\Mialisoa\\ASA\\interprom\\interprom-back\\public\\index.php')
WARNING - 2025-05-15 20:18:10 --> [DEPRECATED] Optional parameter $id_discipline declared before required parameter $id_tournoi is implicitly treated as a required parameter in APPPATH\Controllers\MatchJController.php on line 164.
 1 SYSTEMPATH\Autoloader\Autoloader.php(317): include_once('C:\\Users\\Mialisoa\\ASA\\interprom\\interprom-back\\system\\Debug\\Exceptions.php')
 2 SYSTEMPATH\Autoloader\Autoloader.php(296): CodeIgniter\Autoloader\Autoloader->includeFile('C:\\Users\\Mialisoa\\ASA\\interprom\\interprom-back\\app\\Controllers\\MatchJController.php')
 3 SYSTEMPATH\Autoloader\Autoloader.php(272): CodeIgniter\Autoloader\Autoloader->loadInNamespace('App\\Controllers\\MatchJController')
 4 [internal function]: CodeIgniter\Autoloader\Autoloader->loadClass('App\\Controllers\\MatchJController')
 5 SYSTEMPATH\CodeIgniter.php(887): class_exists('\\App\\Controllers\\MatchJController', true)
 6 SYSTEMPATH\CodeIgniter.php(496): CodeIgniter\CodeIgniter->startController()
 7 SYSTEMPATH\CodeIgniter.php(355): CodeIgniter\CodeIgniter->handleRequest(null, Object(Config\Cache), false)
 8 SYSTEMPATH\Boot.php(312): CodeIgniter\CodeIgniter->run()
 9 SYSTEMPATH\Boot.php(67): CodeIgniter\Boot::runCodeIgniter(Object(CodeIgniter\CodeIgniter))
10 FCPATH\index.php(62): CodeIgniter\Boot::bootWeb(Object(Config\Paths))
11 SYSTEMPATH\Commands\Server\rewrite.php(49): require_once('C:\\Users\\Mialisoa\\ASA\\interprom\\interprom-back\\public\\index.php')
WARNING - 2025-05-15 20:18:10 --> [DEPRECATED] Optional parameter $id_discipline declared before required parameter $id_tournoi is implicitly treated as a required parameter in APPPATH\Controllers\MatchJController.php on line 164.
 1 SYSTEMPATH\Autoloader\Autoloader.php(317): include_once('C:\\Users\\Mialisoa\\ASA\\interprom\\interprom-back\\system\\Debug\\Exceptions.php')
 2 SYSTEMPATH\Autoloader\Autoloader.php(296): CodeIgniter\Autoloader\Autoloader->includeFile('C:\\Users\\Mialisoa\\ASA\\interprom\\interprom-back\\app\\Controllers\\MatchJController.php')
 3 SYSTEMPATH\Autoloader\Autoloader.php(272): CodeIgniter\Autoloader\Autoloader->loadInNamespace('App\\Controllers\\MatchJController')
 4 [internal function]: CodeIgniter\Autoloader\Autoloader->loadClass('App\\Controllers\\MatchJController')
 5 SYSTEMPATH\CodeIgniter.php(887): class_exists('\\App\\Controllers\\MatchJController', true)
 6 SYSTEMPATH\CodeIgniter.php(496): CodeIgniter\CodeIgniter->startController()
 7 SYSTEMPATH\CodeIgniter.php(355): CodeIgniter\CodeIgniter->handleRequest(null, Object(Config\Cache), false)
 8 SYSTEMPATH\Boot.php(312): CodeIgniter\CodeIgniter->run()
 9 SYSTEMPATH\Boot.php(67): CodeIgniter\Boot::runCodeIgniter(Object(CodeIgniter\CodeIgniter))
10 FCPATH\index.php(62): CodeIgniter\Boot::bootWeb(Object(Config\Paths))
11 SYSTEMPATH\Commands\Server\rewrite.php(49): require_once('C:\\Users\\Mialisoa\\ASA\\interprom\\interprom-back\\public\\index.php')
WARNING - 2025-05-15 20:18:10 --> [DEPRECATED] Optional parameter $id_discipline declared before required parameter $id_tournoi is implicitly treated as a required parameter in APPPATH\Controllers\MatchJController.php on line 164.
 1 SYSTEMPATH\Autoloader\Autoloader.php(317): include_once('C:\\Users\\Mialisoa\\ASA\\interprom\\interprom-back\\system\\Debug\\Exceptions.php')
 2 SYSTEMPATH\Autoloader\Autoloader.php(296): CodeIgniter\Autoloader\Autoloader->includeFile('C:\\Users\\Mialisoa\\ASA\\interprom\\interprom-back\\app\\Controllers\\MatchJController.php')
 3 SYSTEMPATH\Autoloader\Autoloader.php(272): CodeIgniter\Autoloader\Autoloader->loadInNamespace('App\\Controllers\\MatchJController')
 4 [internal function]: CodeIgniter\Autoloader\Autoloader->loadClass('App\\Controllers\\MatchJController')
 5 SYSTEMPATH\CodeIgniter.php(887): class_exists('\\App\\Controllers\\MatchJController', true)
 6 SYSTEMPATH\CodeIgniter.php(496): CodeIgniter\CodeIgniter->startController()
 7 SYSTEMPATH\CodeIgniter.php(355): CodeIgniter\CodeIgniter->handleRequest(null, Object(Config\Cache), false)
 8 SYSTEMPATH\Boot.php(312): CodeIgniter\CodeIgniter->run()
 9 SYSTEMPATH\Boot.php(67): CodeIgniter\Boot::runCodeIgniter(Object(CodeIgniter\CodeIgniter))
10 FCPATH\index.php(62): CodeIgniter\Boot::bootWeb(Object(Config\Paths))
11 SYSTEMPATH\Commands\Server\rewrite.php(49): require_once('C:\\Users\\Mialisoa\\ASA\\interprom\\interprom-back\\public\\index.php')
WARNING - 2025-05-15 20:18:11 --> [DEPRECATED] Optional parameter $id_discipline declared before required parameter $id_tournoi is implicitly treated as a required parameter in APPPATH\Controllers\MatchJController.php on line 164.
 1 SYSTEMPATH\Autoloader\Autoloader.php(317): include_once('C:\\Users\\Mialisoa\\ASA\\interprom\\interprom-back\\system\\Debug\\Exceptions.php')
 2 SYSTEMPATH\Autoloader\Autoloader.php(296): CodeIgniter\Autoloader\Autoloader->includeFile('C:\\Users\\Mialisoa\\ASA\\interprom\\interprom-back\\app\\Controllers\\MatchJController.php')
 3 SYSTEMPATH\Autoloader\Autoloader.php(272): CodeIgniter\Autoloader\Autoloader->loadInNamespace('App\\Controllers\\MatchJController')
 4 [internal function]: CodeIgniter\Autoloader\Autoloader->loadClass('App\\Controllers\\MatchJController')
 5 SYSTEMPATH\CodeIgniter.php(887): class_exists('\\App\\Controllers\\MatchJController', true)
 6 SYSTEMPATH\CodeIgniter.php(496): CodeIgniter\CodeIgniter->startController()
 7 SYSTEMPATH\CodeIgniter.php(355): CodeIgniter\CodeIgniter->handleRequest(null, Object(Config\Cache), false)
 8 SYSTEMPATH\Boot.php(312): CodeIgniter\CodeIgniter->run()
 9 SYSTEMPATH\Boot.php(67): CodeIgniter\Boot::runCodeIgniter(Object(CodeIgniter\CodeIgniter))
10 FCPATH\index.php(62): CodeIgniter\Boot::bootWeb(Object(Config\Paths))
11 SYSTEMPATH\Commands\Server\rewrite.php(49): require_once('C:\\Users\\Mialisoa\\ASA\\interprom\\interprom-back\\public\\index.php')
WARNING - 2025-05-15 20:18:11 --> [DEPRECATED] Optional parameter $id_discipline declared before required parameter $id_tournoi is implicitly treated as a required parameter in APPPATH\Controllers\MatchJController.php on line 164.
 1 SYSTEMPATH\Autoloader\Autoloader.php(317): include_once('C:\\Users\\Mialisoa\\ASA\\interprom\\interprom-back\\system\\Debug\\Exceptions.php')
 2 SYSTEMPATH\Autoloader\Autoloader.php(296): CodeIgniter\Autoloader\Autoloader->includeFile('C:\\Users\\Mialisoa\\ASA\\interprom\\interprom-back\\app\\Controllers\\MatchJController.php')
 3 SYSTEMPATH\Autoloader\Autoloader.php(272): CodeIgniter\Autoloader\Autoloader->loadInNamespace('App\\Controllers\\MatchJController')
 4 [internal function]: CodeIgniter\Autoloader\Autoloader->loadClass('App\\Controllers\\MatchJController')
 5 SYSTEMPATH\CodeIgniter.php(887): class_exists('\\App\\Controllers\\MatchJController', true)
 6 SYSTEMPATH\CodeIgniter.php(496): CodeIgniter\CodeIgniter->startController()
 7 SYSTEMPATH\CodeIgniter.php(355): CodeIgniter\CodeIgniter->handleRequest(null, Object(Config\Cache), false)
 8 SYSTEMPATH\Boot.php(312): CodeIgniter\CodeIgniter->run()
 9 SYSTEMPATH\Boot.php(67): CodeIgniter\Boot::runCodeIgniter(Object(CodeIgniter\CodeIgniter))
10 FCPATH\index.php(62): CodeIgniter\Boot::bootWeb(Object(Config\Paths))
11 SYSTEMPATH\Commands\Server\rewrite.php(49): require_once('C:\\Users\\Mialisoa\\ASA\\interprom\\interprom-back\\public\\index.php')
WARNING - 2025-05-15 20:18:11 --> [DEPRECATED] Optional parameter $id_discipline declared before required parameter $id_tournoi is implicitly treated as a required parameter in APPPATH\Controllers\MatchJController.php on line 164.
 1 SYSTEMPATH\Autoloader\Autoloader.php(317): include_once('C:\\Users\\Mialisoa\\ASA\\interprom\\interprom-back\\system\\Debug\\Exceptions.php')
 2 SYSTEMPATH\Autoloader\Autoloader.php(296): CodeIgniter\Autoloader\Autoloader->includeFile('C:\\Users\\Mialisoa\\ASA\\interprom\\interprom-back\\app\\Controllers\\MatchJController.php')
 3 SYSTEMPATH\Autoloader\Autoloader.php(272): CodeIgniter\Autoloader\Autoloader->loadInNamespace('App\\Controllers\\MatchJController')
 4 [internal function]: CodeIgniter\Autoloader\Autoloader->loadClass('App\\Controllers\\MatchJController')
 5 SYSTEMPATH\CodeIgniter.php(887): class_exists('\\App\\Controllers\\MatchJController', true)
 6 SYSTEMPATH\CodeIgniter.php(496): CodeIgniter\CodeIgniter->startController()
 7 SYSTEMPATH\CodeIgniter.php(355): CodeIgniter\CodeIgniter->handleRequest(null, Object(Config\Cache), false)
 8 SYSTEMPATH\Boot.php(312): CodeIgniter\CodeIgniter->run()
 9 SYSTEMPATH\Boot.php(67): CodeIgniter\Boot::runCodeIgniter(Object(CodeIgniter\CodeIgniter))
10 FCPATH\index.php(62): CodeIgniter\Boot::bootWeb(Object(Config\Paths))
11 SYSTEMPATH\Commands\Server\rewrite.php(49): require_once('C:\\Users\\Mialisoa\\ASA\\interprom\\interprom-back\\public\\index.php')
WARNING - 2025-05-15 20:18:15 --> [DEPRECATED] Optional parameter $id_discipline declared before required parameter $id_tournoi is implicitly treated as a required parameter in APPPATH\Controllers\MatchJController.php on line 164.
 1 SYSTEMPATH\Autoloader\Autoloader.php(317): include_once('C:\\Users\\Mialisoa\\ASA\\interprom\\interprom-back\\system\\Debug\\Exceptions.php')
 2 SYSTEMPATH\Autoloader\Autoloader.php(296): CodeIgniter\Autoloader\Autoloader->includeFile('C:\\Users\\Mialisoa\\ASA\\interprom\\interprom-back\\app\\Controllers\\MatchJController.php')
 3 SYSTEMPATH\Autoloader\Autoloader.php(272): CodeIgniter\Autoloader\Autoloader->loadInNamespace('App\\Controllers\\MatchJController')
 4 [internal function]: CodeIgniter\Autoloader\Autoloader->loadClass('App\\Controllers\\MatchJController')
 5 SYSTEMPATH\CodeIgniter.php(887): class_exists('\\App\\Controllers\\MatchJController', true)
 6 SYSTEMPATH\CodeIgniter.php(496): CodeIgniter\CodeIgniter->startController()
 7 SYSTEMPATH\CodeIgniter.php(355): CodeIgniter\CodeIgniter->handleRequest(null, Object(Config\Cache), false)
 8 SYSTEMPATH\Boot.php(312): CodeIgniter\CodeIgniter->run()
 9 SYSTEMPATH\Boot.php(67): CodeIgniter\Boot::runCodeIgniter(Object(CodeIgniter\CodeIgniter))
10 FCPATH\index.php(62): CodeIgniter\Boot::bootWeb(Object(Config\Paths))
11 SYSTEMPATH\Commands\Server\rewrite.php(49): require_once('C:\\Users\\Mialisoa\\ASA\\interprom\\interprom-back\\public\\index.php')
WARNING - 2025-05-15 20:18:15 --> [DEPRECATED] Optional parameter $id_discipline declared before required parameter $id_tournoi is implicitly treated as a required parameter in APPPATH\Controllers\MatchJController.php on line 164.
 1 SYSTEMPATH\Autoloader\Autoloader.php(317): include_once('C:\\Users\\Mialisoa\\ASA\\interprom\\interprom-back\\system\\Debug\\Exceptions.php')
 2 SYSTEMPATH\Autoloader\Autoloader.php(296): CodeIgniter\Autoloader\Autoloader->includeFile('C:\\Users\\Mialisoa\\ASA\\interprom\\interprom-back\\app\\Controllers\\MatchJController.php')
 3 SYSTEMPATH\Autoloader\Autoloader.php(272): CodeIgniter\Autoloader\Autoloader->loadInNamespace('App\\Controllers\\MatchJController')
 4 [internal function]: CodeIgniter\Autoloader\Autoloader->loadClass('App\\Controllers\\MatchJController')
 5 SYSTEMPATH\CodeIgniter.php(887): class_exists('\\App\\Controllers\\MatchJController', true)
 6 SYSTEMPATH\CodeIgniter.php(496): CodeIgniter\CodeIgniter->startController()
 7 SYSTEMPATH\CodeIgniter.php(355): CodeIgniter\CodeIgniter->handleRequest(null, Object(Config\Cache), false)
 8 SYSTEMPATH\Boot.php(312): CodeIgniter\CodeIgniter->run()
 9 SYSTEMPATH\Boot.php(67): CodeIgniter\Boot::runCodeIgniter(Object(CodeIgniter\CodeIgniter))
10 FCPATH\index.php(62): CodeIgniter\Boot::bootWeb(Object(Config\Paths))
11 SYSTEMPATH\Commands\Server\rewrite.php(49): require_once('C:\\Users\\Mialisoa\\ASA\\interprom\\interprom-back\\public\\index.php')
WARNING - 2025-05-15 20:18:16 --> [DEPRECATED] Optional parameter $id_discipline declared before required parameter $id_tournoi is implicitly treated as a required parameter in APPPATH\Controllers\MatchJController.php on line 164.
 1 SYSTEMPATH\Autoloader\Autoloader.php(317): include_once('C:\\Users\\Mialisoa\\ASA\\interprom\\interprom-back\\system\\Debug\\Exceptions.php')
 2 SYSTEMPATH\Autoloader\Autoloader.php(296): CodeIgniter\Autoloader\Autoloader->includeFile('C:\\Users\\Mialisoa\\ASA\\interprom\\interprom-back\\app\\Controllers\\MatchJController.php')
 3 SYSTEMPATH\Autoloader\Autoloader.php(272): CodeIgniter\Autoloader\Autoloader->loadInNamespace('App\\Controllers\\MatchJController')
 4 [internal function]: CodeIgniter\Autoloader\Autoloader->loadClass('App\\Controllers\\MatchJController')
 5 SYSTEMPATH\CodeIgniter.php(887): class_exists('\\App\\Controllers\\MatchJController', true)
 6 SYSTEMPATH\CodeIgniter.php(496): CodeIgniter\CodeIgniter->startController()
 7 SYSTEMPATH\CodeIgniter.php(355): CodeIgniter\CodeIgniter->handleRequest(null, Object(Config\Cache), false)
 8 SYSTEMPATH\Boot.php(312): CodeIgniter\CodeIgniter->run()
 9 SYSTEMPATH\Boot.php(67): CodeIgniter\Boot::runCodeIgniter(Object(CodeIgniter\CodeIgniter))
10 FCPATH\index.php(62): CodeIgniter\Boot::bootWeb(Object(Config\Paths))
11 SYSTEMPATH\Commands\Server\rewrite.php(49): require_once('C:\\Users\\Mialisoa\\ASA\\interprom\\interprom-back\\public\\index.php')
WARNING - 2025-05-15 20:18:17 --> [DEPRECATED] Optional parameter $id_discipline declared before required parameter $id_tournoi is implicitly treated as a required parameter in APPPATH\Controllers\MatchJController.php on line 164.
 1 SYSTEMPATH\Autoloader\Autoloader.php(317): include_once('C:\\Users\\Mialisoa\\ASA\\interprom\\interprom-back\\system\\Debug\\Exceptions.php')
 2 SYSTEMPATH\Autoloader\Autoloader.php(296): CodeIgniter\Autoloader\Autoloader->includeFile('C:\\Users\\Mialisoa\\ASA\\interprom\\interprom-back\\app\\Controllers\\MatchJController.php')
 3 SYSTEMPATH\Autoloader\Autoloader.php(272): CodeIgniter\Autoloader\Autoloader->loadInNamespace('App\\Controllers\\MatchJController')
 4 [internal function]: CodeIgniter\Autoloader\Autoloader->loadClass('App\\Controllers\\MatchJController')
 5 SYSTEMPATH\CodeIgniter.php(887): class_exists('\\App\\Controllers\\MatchJController', true)
 6 SYSTEMPATH\CodeIgniter.php(496): CodeIgniter\CodeIgniter->startController()
 7 SYSTEMPATH\CodeIgniter.php(355): CodeIgniter\CodeIgniter->handleRequest(null, Object(Config\Cache), false)
 8 SYSTEMPATH\Boot.php(312): CodeIgniter\CodeIgniter->run()
 9 SYSTEMPATH\Boot.php(67): CodeIgniter\Boot::runCodeIgniter(Object(CodeIgniter\CodeIgniter))
10 FCPATH\index.php(62): CodeIgniter\Boot::bootWeb(Object(Config\Paths))
11 SYSTEMPATH\Commands\Server\rewrite.php(49): require_once('C:\\Users\\Mialisoa\\ASA\\interprom\\interprom-back\\public\\index.php')
WARNING - 2025-05-15 20:18:17 --> [DEPRECATED] Optional parameter $id_discipline declared before required parameter $id_tournoi is implicitly treated as a required parameter in APPPATH\Controllers\MatchJController.php on line 164.
 1 SYSTEMPATH\Autoloader\Autoloader.php(317): include_once('C:\\Users\\Mialisoa\\ASA\\interprom\\interprom-back\\system\\Debug\\Exceptions.php')
 2 SYSTEMPATH\Autoloader\Autoloader.php(296): CodeIgniter\Autoloader\Autoloader->includeFile('C:\\Users\\Mialisoa\\ASA\\interprom\\interprom-back\\app\\Controllers\\MatchJController.php')
 3 SYSTEMPATH\Autoloader\Autoloader.php(272): CodeIgniter\Autoloader\Autoloader->loadInNamespace('App\\Controllers\\MatchJController')
 4 [internal function]: CodeIgniter\Autoloader\Autoloader->loadClass('App\\Controllers\\MatchJController')
 5 SYSTEMPATH\CodeIgniter.php(887): class_exists('\\App\\Controllers\\MatchJController', true)
 6 SYSTEMPATH\CodeIgniter.php(496): CodeIgniter\CodeIgniter->startController()
 7 SYSTEMPATH\CodeIgniter.php(355): CodeIgniter\CodeIgniter->handleRequest(null, Object(Config\Cache), false)
 8 SYSTEMPATH\Boot.php(312): CodeIgniter\CodeIgniter->run()
 9 SYSTEMPATH\Boot.php(67): CodeIgniter\Boot::runCodeIgniter(Object(CodeIgniter\CodeIgniter))
10 FCPATH\index.php(62): CodeIgniter\Boot::bootWeb(Object(Config\Paths))
11 SYSTEMPATH\Commands\Server\rewrite.php(49): require_once('C:\\Users\\Mialisoa\\ASA\\interprom\\interprom-back\\public\\index.php')
WARNING - 2025-05-15 20:18:17 --> [DEPRECATED] Optional parameter $id_discipline declared before required parameter $id_tournoi is implicitly treated as a required parameter in APPPATH\Controllers\MatchJController.php on line 164.
 1 SYSTEMPATH\Autoloader\Autoloader.php(317): include_once('C:\\Users\\Mialisoa\\ASA\\interprom\\interprom-back\\system\\Debug\\Exceptions.php')
 2 SYSTEMPATH\Autoloader\Autoloader.php(296): CodeIgniter\Autoloader\Autoloader->includeFile('C:\\Users\\Mialisoa\\ASA\\interprom\\interprom-back\\app\\Controllers\\MatchJController.php')
 3 SYSTEMPATH\Autoloader\Autoloader.php(272): CodeIgniter\Autoloader\Autoloader->loadInNamespace('App\\Controllers\\MatchJController')
 4 [internal function]: CodeIgniter\Autoloader\Autoloader->loadClass('App\\Controllers\\MatchJController')
 5 SYSTEMPATH\CodeIgniter.php(887): class_exists('\\App\\Controllers\\MatchJController', true)
 6 SYSTEMPATH\CodeIgniter.php(496): CodeIgniter\CodeIgniter->startController()
 7 SYSTEMPATH\CodeIgniter.php(355): CodeIgniter\CodeIgniter->handleRequest(null, Object(Config\Cache), false)
 8 SYSTEMPATH\Boot.php(312): CodeIgniter\CodeIgniter->run()
 9 SYSTEMPATH\Boot.php(67): CodeIgniter\Boot::runCodeIgniter(Object(CodeIgniter\CodeIgniter))
10 FCPATH\index.php(62): CodeIgniter\Boot::bootWeb(Object(Config\Paths))
11 SYSTEMPATH\Commands\Server\rewrite.php(49): require_once('C:\\Users\\Mialisoa\\ASA\\interprom\\interprom-back\\public\\index.php')
WARNING - 2025-05-15 20:18:19 --> [DEPRECATED] Optional parameter $id_discipline declared before required parameter $id_tournoi is implicitly treated as a required parameter in APPPATH\Controllers\MatchJController.php on line 164.
 1 SYSTEMPATH\Autoloader\Autoloader.php(317): include_once('C:\\Users\\Mialisoa\\ASA\\interprom\\interprom-back\\system\\Debug\\Exceptions.php')
 2 SYSTEMPATH\Autoloader\Autoloader.php(296): CodeIgniter\Autoloader\Autoloader->includeFile('C:\\Users\\Mialisoa\\ASA\\interprom\\interprom-back\\app\\Controllers\\MatchJController.php')
 3 SYSTEMPATH\Autoloader\Autoloader.php(272): CodeIgniter\Autoloader\Autoloader->loadInNamespace('App\\Controllers\\MatchJController')
 4 [internal function]: CodeIgniter\Autoloader\Autoloader->loadClass('App\\Controllers\\MatchJController')
 5 SYSTEMPATH\CodeIgniter.php(887): class_exists('\\App\\Controllers\\MatchJController', true)
 6 SYSTEMPATH\CodeIgniter.php(496): CodeIgniter\CodeIgniter->startController()
 7 SYSTEMPATH\CodeIgniter.php(355): CodeIgniter\CodeIgniter->handleRequest(null, Object(Config\Cache), false)
 8 SYSTEMPATH\Boot.php(312): CodeIgniter\CodeIgniter->run()
 9 SYSTEMPATH\Boot.php(67): CodeIgniter\Boot::runCodeIgniter(Object(CodeIgniter\CodeIgniter))
10 FCPATH\index.php(62): CodeIgniter\Boot::bootWeb(Object(Config\Paths))
11 SYSTEMPATH\Commands\Server\rewrite.php(49): require_once('C:\\Users\\Mialisoa\\ASA\\interprom\\interprom-back\\public\\index.php')
WARNING - 2025-05-15 20:18:20 --> [DEPRECATED] Optional parameter $id_discipline declared before required parameter $id_tournoi is implicitly treated as a required parameter in APPPATH\Controllers\MatchJController.php on line 164.
 1 SYSTEMPATH\Autoloader\Autoloader.php(317): include_once('C:\\Users\\Mialisoa\\ASA\\interprom\\interprom-back\\system\\Debug\\Exceptions.php')
 2 SYSTEMPATH\Autoloader\Autoloader.php(296): CodeIgniter\Autoloader\Autoloader->includeFile('C:\\Users\\Mialisoa\\ASA\\interprom\\interprom-back\\app\\Controllers\\MatchJController.php')
 3 SYSTEMPATH\Autoloader\Autoloader.php(272): CodeIgniter\Autoloader\Autoloader->loadInNamespace('App\\Controllers\\MatchJController')
 4 [internal function]: CodeIgniter\Autoloader\Autoloader->loadClass('App\\Controllers\\MatchJController')
 5 SYSTEMPATH\CodeIgniter.php(887): class_exists('\\App\\Controllers\\MatchJController', true)
 6 SYSTEMPATH\CodeIgniter.php(496): CodeIgniter\CodeIgniter->startController()
 7 SYSTEMPATH\CodeIgniter.php(355): CodeIgniter\CodeIgniter->handleRequest(null, Object(Config\Cache), false)
 8 SYSTEMPATH\Boot.php(312): CodeIgniter\CodeIgniter->run()
 9 SYSTEMPATH\Boot.php(67): CodeIgniter\Boot::runCodeIgniter(Object(CodeIgniter\CodeIgniter))
10 FCPATH\index.php(62): CodeIgniter\Boot::bootWeb(Object(Config\Paths))
11 SYSTEMPATH\Commands\Server\rewrite.php(49): require_once('C:\\Users\\Mialisoa\\ASA\\interprom\\interprom-back\\public\\index.php')
WARNING - 2025-05-15 20:18:20 --> [DEPRECATED] Optional parameter $id_discipline declared before required parameter $id_tournoi is implicitly treated as a required parameter in APPPATH\Controllers\MatchJController.php on line 164.
 1 SYSTEMPATH\Autoloader\Autoloader.php(317): include_once('C:\\Users\\Mialisoa\\ASA\\interprom\\interprom-back\\system\\Debug\\Exceptions.php')
 2 SYSTEMPATH\Autoloader\Autoloader.php(296): CodeIgniter\Autoloader\Autoloader->includeFile('C:\\Users\\Mialisoa\\ASA\\interprom\\interprom-back\\app\\Controllers\\MatchJController.php')
 3 SYSTEMPATH\Autoloader\Autoloader.php(272): CodeIgniter\Autoloader\Autoloader->loadInNamespace('App\\Controllers\\MatchJController')
 4 [internal function]: CodeIgniter\Autoloader\Autoloader->loadClass('App\\Controllers\\MatchJController')
 5 SYSTEMPATH\CodeIgniter.php(887): class_exists('\\App\\Controllers\\MatchJController', true)
 6 SYSTEMPATH\CodeIgniter.php(496): CodeIgniter\CodeIgniter->startController()
 7 SYSTEMPATH\CodeIgniter.php(355): CodeIgniter\CodeIgniter->handleRequest(null, Object(Config\Cache), false)
 8 SYSTEMPATH\Boot.php(312): CodeIgniter\CodeIgniter->run()
 9 SYSTEMPATH\Boot.php(67): CodeIgniter\Boot::runCodeIgniter(Object(CodeIgniter\CodeIgniter))
10 FCPATH\index.php(62): CodeIgniter\Boot::bootWeb(Object(Config\Paths))
11 SYSTEMPATH\Commands\Server\rewrite.php(49): require_once('C:\\Users\\Mialisoa\\ASA\\interprom\\interprom-back\\public\\index.php')
WARNING - 2025-05-15 20:18:20 --> [DEPRECATED] Optional parameter $id_discipline declared before required parameter $id_tournoi is implicitly treated as a required parameter in APPPATH\Controllers\MatchJController.php on line 164.
 1 SYSTEMPATH\Autoloader\Autoloader.php(317): include_once('C:\\Users\\Mialisoa\\ASA\\interprom\\interprom-back\\system\\Debug\\Exceptions.php')
 2 SYSTEMPATH\Autoloader\Autoloader.php(296): CodeIgniter\Autoloader\Autoloader->includeFile('C:\\Users\\Mialisoa\\ASA\\interprom\\interprom-back\\app\\Controllers\\MatchJController.php')
 3 SYSTEMPATH\Autoloader\Autoloader.php(272): CodeIgniter\Autoloader\Autoloader->loadInNamespace('App\\Controllers\\MatchJController')
 4 [internal function]: CodeIgniter\Autoloader\Autoloader->loadClass('App\\Controllers\\MatchJController')
 5 SYSTEMPATH\CodeIgniter.php(887): class_exists('\\App\\Controllers\\MatchJController', true)
 6 SYSTEMPATH\CodeIgniter.php(496): CodeIgniter\CodeIgniter->startController()
 7 SYSTEMPATH\CodeIgniter.php(355): CodeIgniter\CodeIgniter->handleRequest(null, Object(Config\Cache), false)
 8 SYSTEMPATH\Boot.php(312): CodeIgniter\CodeIgniter->run()
 9 SYSTEMPATH\Boot.php(67): CodeIgniter\Boot::runCodeIgniter(Object(CodeIgniter\CodeIgniter))
10 FCPATH\index.php(62): CodeIgniter\Boot::bootWeb(Object(Config\Paths))
11 SYSTEMPATH\Commands\Server\rewrite.php(49): require_once('C:\\Users\\Mialisoa\\ASA\\interprom\\interprom-back\\public\\index.php')
WARNING - 2025-05-15 20:18:23 --> [DEPRECATED] Optional parameter $id_discipline declared before required parameter $id_tournoi is implicitly treated as a required parameter in APPPATH\Controllers\MatchJController.php on line 164.
 1 SYSTEMPATH\Autoloader\Autoloader.php(317): include_once('C:\\Users\\Mialisoa\\ASA\\interprom\\interprom-back\\system\\Debug\\Exceptions.php')
 2 SYSTEMPATH\Autoloader\Autoloader.php(296): CodeIgniter\Autoloader\Autoloader->includeFile('C:\\Users\\Mialisoa\\ASA\\interprom\\interprom-back\\app\\Controllers\\MatchJController.php')
 3 SYSTEMPATH\Autoloader\Autoloader.php(272): CodeIgniter\Autoloader\Autoloader->loadInNamespace('App\\Controllers\\MatchJController')
 4 [internal function]: CodeIgniter\Autoloader\Autoloader->loadClass('App\\Controllers\\MatchJController')
 5 SYSTEMPATH\CodeIgniter.php(887): class_exists('\\App\\Controllers\\MatchJController', true)
 6 SYSTEMPATH\CodeIgniter.php(496): CodeIgniter\CodeIgniter->startController()
 7 SYSTEMPATH\CodeIgniter.php(355): CodeIgniter\CodeIgniter->handleRequest(null, Object(Config\Cache), false)
 8 SYSTEMPATH\Boot.php(312): CodeIgniter\CodeIgniter->run()
 9 SYSTEMPATH\Boot.php(67): CodeIgniter\Boot::runCodeIgniter(Object(CodeIgniter\CodeIgniter))
10 FCPATH\index.php(62): CodeIgniter\Boot::bootWeb(Object(Config\Paths))
11 SYSTEMPATH\Commands\Server\rewrite.php(49): require_once('C:\\Users\\Mialisoa\\ASA\\interprom\\interprom-back\\public\\index.php')
WARNING - 2025-05-15 20:18:23 --> [DEPRECATED] Optional parameter $id_discipline declared before required parameter $id_tournoi is implicitly treated as a required parameter in APPPATH\Controllers\MatchJController.php on line 164.
 1 SYSTEMPATH\Autoloader\Autoloader.php(317): include_once('C:\\Users\\Mialisoa\\ASA\\interprom\\interprom-back\\system\\Debug\\Exceptions.php')
 2 SYSTEMPATH\Autoloader\Autoloader.php(296): CodeIgniter\Autoloader\Autoloader->includeFile('C:\\Users\\Mialisoa\\ASA\\interprom\\interprom-back\\app\\Controllers\\MatchJController.php')
 3 SYSTEMPATH\Autoloader\Autoloader.php(272): CodeIgniter\Autoloader\Autoloader->loadInNamespace('App\\Controllers\\MatchJController')
 4 [internal function]: CodeIgniter\Autoloader\Autoloader->loadClass('App\\Controllers\\MatchJController')
 5 SYSTEMPATH\CodeIgniter.php(887): class_exists('\\App\\Controllers\\MatchJController', true)
 6 SYSTEMPATH\CodeIgniter.php(496): CodeIgniter\CodeIgniter->startController()
 7 SYSTEMPATH\CodeIgniter.php(355): CodeIgniter\CodeIgniter->handleRequest(null, Object(Config\Cache), false)
 8 SYSTEMPATH\Boot.php(312): CodeIgniter\CodeIgniter->run()
 9 SYSTEMPATH\Boot.php(67): CodeIgniter\Boot::runCodeIgniter(Object(CodeIgniter\CodeIgniter))
10 FCPATH\index.php(62): CodeIgniter\Boot::bootWeb(Object(Config\Paths))
11 SYSTEMPATH\Commands\Server\rewrite.php(49): require_once('C:\\Users\\Mialisoa\\ASA\\interprom\\interprom-back\\public\\index.php')
WARNING - 2025-05-15 20:18:23 --> [DEPRECATED] Optional parameter $id_discipline declared before required parameter $id_tournoi is implicitly treated as a required parameter in APPPATH\Controllers\MatchJController.php on line 164.
 1 SYSTEMPATH\Autoloader\Autoloader.php(317): include_once('C:\\Users\\Mialisoa\\ASA\\interprom\\interprom-back\\system\\Debug\\Exceptions.php')
 2 SYSTEMPATH\Autoloader\Autoloader.php(296): CodeIgniter\Autoloader\Autoloader->includeFile('C:\\Users\\Mialisoa\\ASA\\interprom\\interprom-back\\app\\Controllers\\MatchJController.php')
 3 SYSTEMPATH\Autoloader\Autoloader.php(272): CodeIgniter\Autoloader\Autoloader->loadInNamespace('App\\Controllers\\MatchJController')
 4 [internal function]: CodeIgniter\Autoloader\Autoloader->loadClass('App\\Controllers\\MatchJController')
 5 SYSTEMPATH\CodeIgniter.php(887): class_exists('\\App\\Controllers\\MatchJController', true)
 6 SYSTEMPATH\CodeIgniter.php(496): CodeIgniter\CodeIgniter->startController()
 7 SYSTEMPATH\CodeIgniter.php(355): CodeIgniter\CodeIgniter->handleRequest(null, Object(Config\Cache), false)
 8 SYSTEMPATH\Boot.php(312): CodeIgniter\CodeIgniter->run()
 9 SYSTEMPATH\Boot.php(67): CodeIgniter\Boot::runCodeIgniter(Object(CodeIgniter\CodeIgniter))
10 FCPATH\index.php(62): CodeIgniter\Boot::bootWeb(Object(Config\Paths))
11 SYSTEMPATH\Commands\Server\rewrite.php(49): require_once('C:\\Users\\Mialisoa\\ASA\\interprom\\interprom-back\\public\\index.php')
WARNING - 2025-05-15 20:18:24 --> [DEPRECATED] Optional parameter $id_discipline declared before required parameter $id_tournoi is implicitly treated as a required parameter in APPPATH\Controllers\MatchJController.php on line 164.
 1 SYSTEMPATH\Autoloader\Autoloader.php(317): include_once('C:\\Users\\Mialisoa\\ASA\\interprom\\interprom-back\\system\\Debug\\Exceptions.php')
 2 SYSTEMPATH\Autoloader\Autoloader.php(296): CodeIgniter\Autoloader\Autoloader->includeFile('C:\\Users\\Mialisoa\\ASA\\interprom\\interprom-back\\app\\Controllers\\MatchJController.php')
 3 SYSTEMPATH\Autoloader\Autoloader.php(272): CodeIgniter\Autoloader\Autoloader->loadInNamespace('App\\Controllers\\MatchJController')
 4 [internal function]: CodeIgniter\Autoloader\Autoloader->loadClass('App\\Controllers\\MatchJController')
 5 SYSTEMPATH\CodeIgniter.php(887): class_exists('\\App\\Controllers\\MatchJController', true)
 6 SYSTEMPATH\CodeIgniter.php(496): CodeIgniter\CodeIgniter->startController()
 7 SYSTEMPATH\CodeIgniter.php(355): CodeIgniter\CodeIgniter->handleRequest(null, Object(Config\Cache), false)
 8 SYSTEMPATH\Boot.php(312): CodeIgniter\CodeIgniter->run()
 9 SYSTEMPATH\Boot.php(67): CodeIgniter\Boot::runCodeIgniter(Object(CodeIgniter\CodeIgniter))
10 FCPATH\index.php(62): CodeIgniter\Boot::bootWeb(Object(Config\Paths))
11 SYSTEMPATH\Commands\Server\rewrite.php(49): require_once('C:\\Users\\Mialisoa\\ASA\\interprom\\interprom-back\\public\\index.php')
WARNING - 2025-05-15 20:18:26 --> [DEPRECATED] Optional parameter $id_discipline declared before required parameter $id_tournoi is implicitly treated as a required parameter in APPPATH\Controllers\MatchJController.php on line 164.
 1 SYSTEMPATH\Autoloader\Autoloader.php(317): include_once('C:\\Users\\Mialisoa\\ASA\\interprom\\interprom-back\\system\\Debug\\Exceptions.php')
 2 SYSTEMPATH\Autoloader\Autoloader.php(296): CodeIgniter\Autoloader\Autoloader->includeFile('C:\\Users\\Mialisoa\\ASA\\interprom\\interprom-back\\app\\Controllers\\MatchJController.php')
 3 SYSTEMPATH\Autoloader\Autoloader.php(272): CodeIgniter\Autoloader\Autoloader->loadInNamespace('App\\Controllers\\MatchJController')
 4 [internal function]: CodeIgniter\Autoloader\Autoloader->loadClass('App\\Controllers\\MatchJController')
 5 SYSTEMPATH\CodeIgniter.php(887): class_exists('\\App\\Controllers\\MatchJController', true)
 6 SYSTEMPATH\CodeIgniter.php(496): CodeIgniter\CodeIgniter->startController()
 7 SYSTEMPATH\CodeIgniter.php(355): CodeIgniter\CodeIgniter->handleRequest(null, Object(Config\Cache), false)
 8 SYSTEMPATH\Boot.php(312): CodeIgniter\CodeIgniter->run()
 9 SYSTEMPATH\Boot.php(67): CodeIgniter\Boot::runCodeIgniter(Object(CodeIgniter\CodeIgniter))
10 FCPATH\index.php(62): CodeIgniter\Boot::bootWeb(Object(Config\Paths))
11 SYSTEMPATH\Commands\Server\rewrite.php(49): require_once('C:\\Users\\Mialisoa\\ASA\\interprom\\interprom-back\\public\\index.php')
WARNING - 2025-05-15 20:18:27 --> [DEPRECATED] Optional parameter $id_discipline declared before required parameter $id_tournoi is implicitly treated as a required parameter in APPPATH\Controllers\MatchJController.php on line 164.
 1 SYSTEMPATH\Autoloader\Autoloader.php(317): include_once('C:\\Users\\Mialisoa\\ASA\\interprom\\interprom-back\\system\\Debug\\Exceptions.php')
 2 SYSTEMPATH\Autoloader\Autoloader.php(296): CodeIgniter\Autoloader\Autoloader->includeFile('C:\\Users\\Mialisoa\\ASA\\interprom\\interprom-back\\app\\Controllers\\MatchJController.php')
 3 SYSTEMPATH\Autoloader\Autoloader.php(272): CodeIgniter\Autoloader\Autoloader->loadInNamespace('App\\Controllers\\MatchJController')
 4 [internal function]: CodeIgniter\Autoloader\Autoloader->loadClass('App\\Controllers\\MatchJController')
 5 SYSTEMPATH\CodeIgniter.php(887): class_exists('\\App\\Controllers\\MatchJController', true)
 6 SYSTEMPATH\CodeIgniter.php(496): CodeIgniter\CodeIgniter->startController()
 7 SYSTEMPATH\CodeIgniter.php(355): CodeIgniter\CodeIgniter->handleRequest(null, Object(Config\Cache), false)
 8 SYSTEMPATH\Boot.php(312): CodeIgniter\CodeIgniter->run()
 9 SYSTEMPATH\Boot.php(67): CodeIgniter\Boot::runCodeIgniter(Object(CodeIgniter\CodeIgniter))
10 FCPATH\index.php(62): CodeIgniter\Boot::bootWeb(Object(Config\Paths))
11 SYSTEMPATH\Commands\Server\rewrite.php(49): require_once('C:\\Users\\Mialisoa\\ASA\\interprom\\interprom-back\\public\\index.php')
WARNING - 2025-05-15 20:18:28 --> [DEPRECATED] Optional parameter $id_discipline declared before required parameter $id_tournoi is implicitly treated as a required parameter in APPPATH\Controllers\MatchJController.php on line 164.
 1 SYSTEMPATH\Autoloader\Autoloader.php(317): include_once('C:\\Users\\Mialisoa\\ASA\\interprom\\interprom-back\\system\\Debug\\Exceptions.php')
 2 SYSTEMPATH\Autoloader\Autoloader.php(296): CodeIgniter\Autoloader\Autoloader->includeFile('C:\\Users\\Mialisoa\\ASA\\interprom\\interprom-back\\app\\Controllers\\MatchJController.php')
 3 SYSTEMPATH\Autoloader\Autoloader.php(272): CodeIgniter\Autoloader\Autoloader->loadInNamespace('App\\Controllers\\MatchJController')
 4 [internal function]: CodeIgniter\Autoloader\Autoloader->loadClass('App\\Controllers\\MatchJController')
 5 SYSTEMPATH\CodeIgniter.php(887): class_exists('\\App\\Controllers\\MatchJController', true)
 6 SYSTEMPATH\CodeIgniter.php(496): CodeIgniter\CodeIgniter->startController()
 7 SYSTEMPATH\CodeIgniter.php(355): CodeIgniter\CodeIgniter->handleRequest(null, Object(Config\Cache), false)
 8 SYSTEMPATH\Boot.php(312): CodeIgniter\CodeIgniter->run()
 9 SYSTEMPATH\Boot.php(67): CodeIgniter\Boot::runCodeIgniter(Object(CodeIgniter\CodeIgniter))
10 FCPATH\index.php(62): CodeIgniter\Boot::bootWeb(Object(Config\Paths))
11 SYSTEMPATH\Commands\Server\rewrite.php(49): require_once('C:\\Users\\Mialisoa\\ASA\\interprom\\interprom-back\\public\\index.php')
WARNING - 2025-05-15 20:18:28 --> [DEPRECATED] Optional parameter $id_discipline declared before required parameter $id_tournoi is implicitly treated as a required parameter in APPPATH\Controllers\MatchJController.php on line 164.
 1 SYSTEMPATH\Autoloader\Autoloader.php(317): include_once('C:\\Users\\Mialisoa\\ASA\\interprom\\interprom-back\\system\\Debug\\Exceptions.php')
 2 SYSTEMPATH\Autoloader\Autoloader.php(296): CodeIgniter\Autoloader\Autoloader->includeFile('C:\\Users\\Mialisoa\\ASA\\interprom\\interprom-back\\app\\Controllers\\MatchJController.php')
 3 SYSTEMPATH\Autoloader\Autoloader.php(272): CodeIgniter\Autoloader\Autoloader->loadInNamespace('App\\Controllers\\MatchJController')
 4 [internal function]: CodeIgniter\Autoloader\Autoloader->loadClass('App\\Controllers\\MatchJController')
 5 SYSTEMPATH\CodeIgniter.php(887): class_exists('\\App\\Controllers\\MatchJController', true)
 6 SYSTEMPATH\CodeIgniter.php(496): CodeIgniter\CodeIgniter->startController()
 7 SYSTEMPATH\CodeIgniter.php(355): CodeIgniter\CodeIgniter->handleRequest(null, Object(Config\Cache), false)
 8 SYSTEMPATH\Boot.php(312): CodeIgniter\CodeIgniter->run()
 9 SYSTEMPATH\Boot.php(67): CodeIgniter\Boot::runCodeIgniter(Object(CodeIgniter\CodeIgniter))
10 FCPATH\index.php(62): CodeIgniter\Boot::bootWeb(Object(Config\Paths))
11 SYSTEMPATH\Commands\Server\rewrite.php(49): require_once('C:\\Users\\Mialisoa\\ASA\\interprom\\interprom-back\\public\\index.php')
WARNING - 2025-05-15 20:18:28 --> [DEPRECATED] Optional parameter $id_discipline declared before required parameter $id_tournoi is implicitly treated as a required parameter in APPPATH\Controllers\MatchJController.php on line 164.
 1 SYSTEMPATH\Autoloader\Autoloader.php(317): include_once('C:\\Users\\Mialisoa\\ASA\\interprom\\interprom-back\\system\\Debug\\Exceptions.php')
 2 SYSTEMPATH\Autoloader\Autoloader.php(296): CodeIgniter\Autoloader\Autoloader->includeFile('C:\\Users\\Mialisoa\\ASA\\interprom\\interprom-back\\app\\Controllers\\MatchJController.php')
 3 SYSTEMPATH\Autoloader\Autoloader.php(272): CodeIgniter\Autoloader\Autoloader->loadInNamespace('App\\Controllers\\MatchJController')
 4 [internal function]: CodeIgniter\Autoloader\Autoloader->loadClass('App\\Controllers\\MatchJController')
 5 SYSTEMPATH\CodeIgniter.php(887): class_exists('\\App\\Controllers\\MatchJController', true)
 6 SYSTEMPATH\CodeIgniter.php(496): CodeIgniter\CodeIgniter->startController()
 7 SYSTEMPATH\CodeIgniter.php(355): CodeIgniter\CodeIgniter->handleRequest(null, Object(Config\Cache), false)
 8 SYSTEMPATH\Boot.php(312): CodeIgniter\CodeIgniter->run()
 9 SYSTEMPATH\Boot.php(67): CodeIgniter\Boot::runCodeIgniter(Object(CodeIgniter\CodeIgniter))
10 FCPATH\index.php(62): CodeIgniter\Boot::bootWeb(Object(Config\Paths))
11 SYSTEMPATH\Commands\Server\rewrite.php(49): require_once('C:\\Users\\Mialisoa\\ASA\\interprom\\interprom-back\\public\\index.php')
WARNING - 2025-05-15 20:18:29 --> [DEPRECATED] Optional parameter $id_discipline declared before required parameter $id_tournoi is implicitly treated as a required parameter in APPPATH\Controllers\MatchJController.php on line 164.
 1 SYSTEMPATH\Autoloader\Autoloader.php(317): include_once('C:\\Users\\Mialisoa\\ASA\\interprom\\interprom-back\\system\\Debug\\Exceptions.php')
 2 SYSTEMPATH\Autoloader\Autoloader.php(296): CodeIgniter\Autoloader\Autoloader->includeFile('C:\\Users\\Mialisoa\\ASA\\interprom\\interprom-back\\app\\Controllers\\MatchJController.php')
 3 SYSTEMPATH\Autoloader\Autoloader.php(272): CodeIgniter\Autoloader\Autoloader->loadInNamespace('App\\Controllers\\MatchJController')
 4 [internal function]: CodeIgniter\Autoloader\Autoloader->loadClass('App\\Controllers\\MatchJController')
 5 SYSTEMPATH\CodeIgniter.php(887): class_exists('\\App\\Controllers\\MatchJController', true)
 6 SYSTEMPATH\CodeIgniter.php(496): CodeIgniter\CodeIgniter->startController()
 7 SYSTEMPATH\CodeIgniter.php(355): CodeIgniter\CodeIgniter->handleRequest(null, Object(Config\Cache), false)
 8 SYSTEMPATH\Boot.php(312): CodeIgniter\CodeIgniter->run()
 9 SYSTEMPATH\Boot.php(67): CodeIgniter\Boot::runCodeIgniter(Object(CodeIgniter\CodeIgniter))
10 FCPATH\index.php(62): CodeIgniter\Boot::bootWeb(Object(Config\Paths))
11 SYSTEMPATH\Commands\Server\rewrite.php(49): require_once('C:\\Users\\Mialisoa\\ASA\\interprom\\interprom-back\\public\\index.php')
WARNING - 2025-05-15 20:18:29 --> [DEPRECATED] Optional parameter $id_discipline declared before required parameter $id_tournoi is implicitly treated as a required parameter in APPPATH\Controllers\MatchJController.php on line 164.
 1 SYSTEMPATH\Autoloader\Autoloader.php(317): include_once('C:\\Users\\Mialisoa\\ASA\\interprom\\interprom-back\\system\\Debug\\Exceptions.php')
 2 SYSTEMPATH\Autoloader\Autoloader.php(296): CodeIgniter\Autoloader\Autoloader->includeFile('C:\\Users\\Mialisoa\\ASA\\interprom\\interprom-back\\app\\Controllers\\MatchJController.php')
 3 SYSTEMPATH\Autoloader\Autoloader.php(272): CodeIgniter\Autoloader\Autoloader->loadInNamespace('App\\Controllers\\MatchJController')
 4 [internal function]: CodeIgniter\Autoloader\Autoloader->loadClass('App\\Controllers\\MatchJController')
 5 SYSTEMPATH\CodeIgniter.php(887): class_exists('\\App\\Controllers\\MatchJController', true)
 6 SYSTEMPATH\CodeIgniter.php(496): CodeIgniter\CodeIgniter->startController()
 7 SYSTEMPATH\CodeIgniter.php(355): CodeIgniter\CodeIgniter->handleRequest(null, Object(Config\Cache), false)
 8 SYSTEMPATH\Boot.php(312): CodeIgniter\CodeIgniter->run()
 9 SYSTEMPATH\Boot.php(67): CodeIgniter\Boot::runCodeIgniter(Object(CodeIgniter\CodeIgniter))
10 FCPATH\index.php(62): CodeIgniter\Boot::bootWeb(Object(Config\Paths))
11 SYSTEMPATH\Commands\Server\rewrite.php(49): require_once('C:\\Users\\Mialisoa\\ASA\\interprom\\interprom-back\\public\\index.php')
ERROR - 2025-05-15 20:18:43 --> ErrorException: pg_query(): Query failed: ERREUR:  droit refusé pour la vue v_resultat_par_equipe_tournoi_view_vaovao in C:\Users\Mialisoa\ASA\interprom\interprom-back\system\Database\Postgre\Connection.php:192
Stack trace:
#0 [internal function]: CodeIgniter\Debug\Exceptions->errorHandler(2, 'pg_query(): Que...', 'C:\\Users\\Mialis...', 192)
#1 C:\Users\Mialisoa\ASA\interprom\interprom-back\system\Database\Postgre\Connection.php(192): pg_query(Object(PgSql\Connection), 'SELECT "vr".*, ...')
#2 C:\Users\Mialisoa\ASA\interprom\interprom-back\system\Database\BaseConnection.php(721): CodeIgniter\Database\Postgre\Connection->execute('SELECT "vr".*, ...')
#3 C:\Users\Mialisoa\ASA\interprom\interprom-back\system\Database\BaseConnection.php(635): CodeIgniter\Database\BaseConnection->simpleQuery('SELECT "vr".*, ...')
#4 C:\Users\Mialisoa\ASA\interprom\interprom-back\system\Database\BaseBuilder.php(1629): CodeIgniter\Database\BaseConnection->query('SELECT "vr".*, ...', Array, false)
#5 C:\Users\Mialisoa\ASA\interprom\interprom-back\app\Controllers\PouleJController.php(108): CodeIgniter\Database\BaseBuilder->get()
#6 C:\Users\Mialisoa\ASA\interprom\interprom-back\system\CodeIgniter.php(933): App\Controllers\PouleJController->get_classement_par_poule_choisi('3', '2')
#7 C:\Users\Mialisoa\ASA\interprom\interprom-back\system\CodeIgniter.php(509): CodeIgniter\CodeIgniter->runController(Object(App\Controllers\PouleJController))
#8 C:\Users\Mialisoa\ASA\interprom\interprom-back\system\CodeIgniter.php(355): CodeIgniter\CodeIgniter->handleRequest(NULL, Object(Config\Cache), false)
#9 C:\Users\Mialisoa\ASA\interprom\interprom-back\system\Boot.php(312): CodeIgniter\CodeIgniter->run()
#10 C:\Users\Mialisoa\ASA\interprom\interprom-back\system\Boot.php(67): CodeIgniter\Boot::runCodeIgniter(Object(CodeIgniter\CodeIgniter))
#11 C:\Users\Mialisoa\ASA\interprom\interprom-back\public\index.php(62): CodeIgniter\Boot::bootWeb(Object(Config\Paths))
#12 C:\Users\Mialisoa\ASA\interprom\interprom-back\system\Commands\Server\rewrite.php(49): require_once('C:\\Users\\Mialis...')
#13 {main}
CRITICAL - 2025-05-15 20:18:43 --> CodeIgniter\Database\Exceptions\DatabaseException: pg_query(): Query failed: ERREUR:  droit refusé pour la vue v_resultat_par_equipe_tournoi_view_vaovao
[Method: GET, Route: api/classement/poule_3/tournoi_2]
in SYSTEMPATH\Database\BaseConnection.php on line 675.
 1 SYSTEMPATH\Database\BaseBuilder.php(1629): CodeIgniter\Database\BaseConnection->query('SELECT "vr".*, "e".*
FROM "v_resultat_par_equipe_tournoi_view_vaovao" "vr"
JOIN "equipe_tournoi" "et" ON "et"."id_equipe_tournoi" = "vr"."id_equipe_tournoi"
JOIN "equipe" "e" ON "e"."id_equipe" = "et"."id_equipe"
JOIN "poule" "p" ON "p"."id_poule" = "et"."id_poule"
WHERE "et"."id_tournoi" = :et.id_tournoi:
AND "et"."id_poule" = :et.id_poule:
AND "et"."id_poule" = :et.id_poule.1:
ORDER BY "vr"."points" DESC, "vr"."difference_score" DESC, "vr"."score_marque" DESC', [...], false)
 2 APPPATH\Controllers\PouleJController.php(108): CodeIgniter\Database\BaseBuilder->get()
 3 SYSTEMPATH\CodeIgniter.php(933): App\Controllers\PouleJController->get_classement_par_poule_choisi('3', '2')
 4 SYSTEMPATH\CodeIgniter.php(509): CodeIgniter\CodeIgniter->runController(Object(App\Controllers\PouleJController))
 5 SYSTEMPATH\CodeIgniter.php(355): CodeIgniter\CodeIgniter->handleRequest(null, Object(Config\Cache), false)
 6 SYSTEMPATH\Boot.php(312): CodeIgniter\CodeIgniter->run()
 7 SYSTEMPATH\Boot.php(67): CodeIgniter\Boot::runCodeIgniter(Object(CodeIgniter\CodeIgniter))
 8 FCPATH\index.php(62): CodeIgniter\Boot::bootWeb(Object(Config\Paths))
 9 SYSTEMPATH\Commands\Server\rewrite.php(49): require_once('C:\\Users\\Mialisoa\\ASA\\interprom\\interprom-back\\public\\index.php')
CRITICAL - 2025-05-15 20:18:44 --> [Caused by] CodeIgniter\Database\Exceptions\DatabaseException: pg_query(): Query failed: ERREUR:  droit refusé pour la vue v_resultat_par_equipe_tournoi_view_vaovao
in SYSTEMPATH\Database\Postgre\Connection.php on line 197.
 1 SYSTEMPATH\Database\BaseConnection.php(721): CodeIgniter\Database\Postgre\Connection->execute('SELECT "vr".*, "e".*
FROM "v_resultat_par_equipe_tournoi_view_vaovao" "vr"
JOIN "equipe_tournoi" "et" ON "et"."id_equipe_tournoi" = "vr"."id_equipe_tournoi"
JOIN "equipe" "e" ON "e"."id_equipe" = "et"."id_equipe"
JOIN "poule" "p" ON "p"."id_poule" = "et"."id_poule"
WHERE "et"."id_tournoi" = \'2\'
AND "et"."id_poule" = \'3\'
AND "et"."id_poule" = \'3\'
ORDER BY "vr"."points" DESC, "vr"."difference_score" DESC, "vr"."score_marque" DESC')
 2 SYSTEMPATH\Database\BaseConnection.php(635): CodeIgniter\Database\BaseConnection->simpleQuery('SELECT "vr".*, "e".*
FROM "v_resultat_par_equipe_tournoi_view_vaovao" "vr"
JOIN "equipe_tournoi" "et" ON "et"."id_equipe_tournoi" = "vr"."id_equipe_tournoi"
JOIN "equipe" "e" ON "e"."id_equipe" = "et"."id_equipe"
JOIN "poule" "p" ON "p"."id_poule" = "et"."id_poule"
WHERE "et"."id_tournoi" = \'2\'
AND "et"."id_poule" = \'3\'
AND "et"."id_poule" = \'3\'
ORDER BY "vr"."points" DESC, "vr"."difference_score" DESC, "vr"."score_marque" DESC')
 3 SYSTEMPATH\Database\BaseBuilder.php(1629): CodeIgniter\Database\BaseConnection->query('SELECT "vr".*, "e".*
FROM "v_resultat_par_equipe_tournoi_view_vaovao" "vr"
JOIN "equipe_tournoi" "et" ON "et"."id_equipe_tournoi" = "vr"."id_equipe_tournoi"
JOIN "equipe" "e" ON "e"."id_equipe" = "et"."id_equipe"
JOIN "poule" "p" ON "p"."id_poule" = "et"."id_poule"
WHERE "et"."id_tournoi" = :et.id_tournoi:
AND "et"."id_poule" = :et.id_poule:
AND "et"."id_poule" = :et.id_poule.1:
ORDER BY "vr"."points" DESC, "vr"."difference_score" DESC, "vr"."score_marque" DESC', [...], false)
 4 APPPATH\Controllers\PouleJController.php(108): CodeIgniter\Database\BaseBuilder->get()
 5 SYSTEMPATH\CodeIgniter.php(933): App\Controllers\PouleJController->get_classement_par_poule_choisi('3', '2')
 6 SYSTEMPATH\CodeIgniter.php(509): CodeIgniter\CodeIgniter->runController(Object(App\Controllers\PouleJController))
 7 SYSTEMPATH\CodeIgniter.php(355): CodeIgniter\CodeIgniter->handleRequest(null, Object(Config\Cache), false)
 8 SYSTEMPATH\Boot.php(312): CodeIgniter\CodeIgniter->run()
 9 SYSTEMPATH\Boot.php(67): CodeIgniter\Boot::runCodeIgniter(Object(CodeIgniter\CodeIgniter))
10 FCPATH\index.php(62): CodeIgniter\Boot::bootWeb(Object(Config\Paths))
11 SYSTEMPATH\Commands\Server\rewrite.php(49): require_once('C:\\Users\\Mialisoa\\ASA\\interprom\\interprom-back\\public\\index.php')
CRITICAL - 2025-05-15 20:18:44 --> [Caused by] ErrorException: pg_query(): Query failed: ERREUR:  droit refusé pour la vue v_resultat_par_equipe_tournoi_view_vaovao
in SYSTEMPATH\Database\Postgre\Connection.php on line 192.
 1 [internal function]: CodeIgniter\Debug\Exceptions->errorHandler(2, 'pg_query(): Query failed: ERREUR:  droit refusé pour la vue v_resultat_par_equipe_tournoi_view_vaovao', 'C:\\Users\\Mialisoa\\ASA\\interprom\\interprom-back\\system\\Database\\Postgre\\Connection.php', 192)
 2 SYSTEMPATH\Database\Postgre\Connection.php(192): pg_query(Object(PgSql\Connection), 'SELECT "vr".*, "e".*
FROM "v_resultat_par_equipe_tournoi_view_vaovao" "vr"
JOIN "equipe_tournoi" "et" ON "et"."id_equipe_tournoi" = "vr"."id_equipe_tournoi"
JOIN "equipe" "e" ON "e"."id_equipe" = "et"."id_equipe"
JOIN "poule" "p" ON "p"."id_poule" = "et"."id_poule"
WHERE "et"."id_tournoi" = \'2\'
AND "et"."id_poule" = \'3\'
AND "et"."id_poule" = \'3\'
ORDER BY "vr"."points" DESC, "vr"."difference_score" DESC, "vr"."score_marque" DESC')
 3 SYSTEMPATH\Database\BaseConnection.php(721): CodeIgniter\Database\Postgre\Connection->execute('SELECT "vr".*, "e".*
FROM "v_resultat_par_equipe_tournoi_view_vaovao" "vr"
JOIN "equipe_tournoi" "et" ON "et"."id_equipe_tournoi" = "vr"."id_equipe_tournoi"
JOIN "equipe" "e" ON "e"."id_equipe" = "et"."id_equipe"
JOIN "poule" "p" ON "p"."id_poule" = "et"."id_poule"
WHERE "et"."id_tournoi" = \'2\'
AND "et"."id_poule" = \'3\'
AND "et"."id_poule" = \'3\'
ORDER BY "vr"."points" DESC, "vr"."difference_score" DESC, "vr"."score_marque" DESC')
 4 SYSTEMPATH\Database\BaseConnection.php(635): CodeIgniter\Database\BaseConnection->simpleQuery('SELECT "vr".*, "e".*
FROM "v_resultat_par_equipe_tournoi_view_vaovao" "vr"
JOIN "equipe_tournoi" "et" ON "et"."id_equipe_tournoi" = "vr"."id_equipe_tournoi"
JOIN "equipe" "e" ON "e"."id_equipe" = "et"."id_equipe"
JOIN "poule" "p" ON "p"."id_poule" = "et"."id_poule"
WHERE "et"."id_tournoi" = \'2\'
AND "et"."id_poule" = \'3\'
AND "et"."id_poule" = \'3\'
ORDER BY "vr"."points" DESC, "vr"."difference_score" DESC, "vr"."score_marque" DESC')
 5 SYSTEMPATH\Database\BaseBuilder.php(1629): CodeIgniter\Database\BaseConnection->query('SELECT "vr".*, "e".*
FROM "v_resultat_par_equipe_tournoi_view_vaovao" "vr"
JOIN "equipe_tournoi" "et" ON "et"."id_equipe_tournoi" = "vr"."id_equipe_tournoi"
JOIN "equipe" "e" ON "e"."id_equipe" = "et"."id_equipe"
JOIN "poule" "p" ON "p"."id_poule" = "et"."id_poule"
WHERE "et"."id_tournoi" = :et.id_tournoi:
AND "et"."id_poule" = :et.id_poule:
AND "et"."id_poule" = :et.id_poule.1:
ORDER BY "vr"."points" DESC, "vr"."difference_score" DESC, "vr"."score_marque" DESC', [...], false)
 6 APPPATH\Controllers\PouleJController.php(108): CodeIgniter\Database\BaseBuilder->get()
 7 SYSTEMPATH\CodeIgniter.php(933): App\Controllers\PouleJController->get_classement_par_poule_choisi('3', '2')
 8 SYSTEMPATH\CodeIgniter.php(509): CodeIgniter\CodeIgniter->runController(Object(App\Controllers\PouleJController))
 9 SYSTEMPATH\CodeIgniter.php(355): CodeIgniter\CodeIgniter->handleRequest(null, Object(Config\Cache), false)
10 SYSTEMPATH\Boot.php(312): CodeIgniter\CodeIgniter->run()
11 SYSTEMPATH\Boot.php(67): CodeIgniter\Boot::runCodeIgniter(Object(CodeIgniter\CodeIgniter))
12 FCPATH\index.php(62): CodeIgniter\Boot::bootWeb(Object(Config\Paths))
13 SYSTEMPATH\Commands\Server\rewrite.php(49): require_once('C:\\Users\\Mialisoa\\ASA\\interprom\\interprom-back\\public\\index.php')
ERROR - 2025-05-15 20:18:45 --> ErrorException: pg_query(): Query failed: ERREUR:  droit refusé pour la vue v_resultat_par_equipe_tournoi_view_vaovao in C:\Users\Mialisoa\ASA\interprom\interprom-back\system\Database\Postgre\Connection.php:192
Stack trace:
#0 [internal function]: CodeIgniter\Debug\Exceptions->errorHandler(2, 'pg_query(): Que...', 'C:\\Users\\Mialis...', 192)
#1 C:\Users\Mialisoa\ASA\interprom\interprom-back\system\Database\Postgre\Connection.php(192): pg_query(Object(PgSql\Connection), 'SELECT "vr".*, ...')
#2 C:\Users\Mialisoa\ASA\interprom\interprom-back\system\Database\BaseConnection.php(721): CodeIgniter\Database\Postgre\Connection->execute('SELECT "vr".*, ...')
#3 C:\Users\Mialisoa\ASA\interprom\interprom-back\system\Database\BaseConnection.php(635): CodeIgniter\Database\BaseConnection->simpleQuery('SELECT "vr".*, ...')
#4 C:\Users\Mialisoa\ASA\interprom\interprom-back\system\Database\BaseBuilder.php(1629): CodeIgniter\Database\BaseConnection->query('SELECT "vr".*, ...', Array, false)
#5 C:\Users\Mialisoa\ASA\interprom\interprom-back\app\Controllers\PouleJController.php(108): CodeIgniter\Database\BaseBuilder->get()
#6 C:\Users\Mialisoa\ASA\interprom\interprom-back\system\CodeIgniter.php(933): App\Controllers\PouleJController->get_classement_par_poule_choisi('3', '2')
#7 C:\Users\Mialisoa\ASA\interprom\interprom-back\system\CodeIgniter.php(509): CodeIgniter\CodeIgniter->runController(Object(App\Controllers\PouleJController))
#8 C:\Users\Mialisoa\ASA\interprom\interprom-back\system\CodeIgniter.php(355): CodeIgniter\CodeIgniter->handleRequest(NULL, Object(Config\Cache), false)
#9 C:\Users\Mialisoa\ASA\interprom\interprom-back\system\Boot.php(312): CodeIgniter\CodeIgniter->run()
#10 C:\Users\Mialisoa\ASA\interprom\interprom-back\system\Boot.php(67): CodeIgniter\Boot::runCodeIgniter(Object(CodeIgniter\CodeIgniter))
#11 C:\Users\Mialisoa\ASA\interprom\interprom-back\public\index.php(62): CodeIgniter\Boot::bootWeb(Object(Config\Paths))
#12 C:\Users\Mialisoa\ASA\interprom\interprom-back\system\Commands\Server\rewrite.php(49): require_once('C:\\Users\\Mialis...')
#13 {main}
CRITICAL - 2025-05-15 20:18:45 --> CodeIgniter\Database\Exceptions\DatabaseException: pg_query(): Query failed: ERREUR:  droit refusé pour la vue v_resultat_par_equipe_tournoi_view_vaovao
[Method: GET, Route: api/classement/poule_3/tournoi_2]
in SYSTEMPATH\Database\BaseConnection.php on line 675.
 1 SYSTEMPATH\Database\BaseBuilder.php(1629): CodeIgniter\Database\BaseConnection->query('SELECT "vr".*, "e".*
FROM "v_resultat_par_equipe_tournoi_view_vaovao" "vr"
JOIN "equipe_tournoi" "et" ON "et"."id_equipe_tournoi" = "vr"."id_equipe_tournoi"
JOIN "equipe" "e" ON "e"."id_equipe" = "et"."id_equipe"
JOIN "poule" "p" ON "p"."id_poule" = "et"."id_poule"
WHERE "et"."id_tournoi" = :et.id_tournoi:
AND "et"."id_poule" = :et.id_poule:
AND "et"."id_poule" = :et.id_poule.1:
ORDER BY "vr"."points" DESC, "vr"."difference_score" DESC, "vr"."score_marque" DESC', [...], false)
 2 APPPATH\Controllers\PouleJController.php(108): CodeIgniter\Database\BaseBuilder->get()
 3 SYSTEMPATH\CodeIgniter.php(933): App\Controllers\PouleJController->get_classement_par_poule_choisi('3', '2')
 4 SYSTEMPATH\CodeIgniter.php(509): CodeIgniter\CodeIgniter->runController(Object(App\Controllers\PouleJController))
 5 SYSTEMPATH\CodeIgniter.php(355): CodeIgniter\CodeIgniter->handleRequest(null, Object(Config\Cache), false)
 6 SYSTEMPATH\Boot.php(312): CodeIgniter\CodeIgniter->run()
 7 SYSTEMPATH\Boot.php(67): CodeIgniter\Boot::runCodeIgniter(Object(CodeIgniter\CodeIgniter))
 8 FCPATH\index.php(62): CodeIgniter\Boot::bootWeb(Object(Config\Paths))
 9 SYSTEMPATH\Commands\Server\rewrite.php(49): require_once('C:\\Users\\Mialisoa\\ASA\\interprom\\interprom-back\\public\\index.php')
CRITICAL - 2025-05-15 20:18:45 --> [Caused by] CodeIgniter\Database\Exceptions\DatabaseException: pg_query(): Query failed: ERREUR:  droit refusé pour la vue v_resultat_par_equipe_tournoi_view_vaovao
in SYSTEMPATH\Database\Postgre\Connection.php on line 197.
 1 SYSTEMPATH\Database\BaseConnection.php(721): CodeIgniter\Database\Postgre\Connection->execute('SELECT "vr".*, "e".*
FROM "v_resultat_par_equipe_tournoi_view_vaovao" "vr"
JOIN "equipe_tournoi" "et" ON "et"."id_equipe_tournoi" = "vr"."id_equipe_tournoi"
JOIN "equipe" "e" ON "e"."id_equipe" = "et"."id_equipe"
JOIN "poule" "p" ON "p"."id_poule" = "et"."id_poule"
WHERE "et"."id_tournoi" = \'2\'
AND "et"."id_poule" = \'3\'
AND "et"."id_poule" = \'3\'
ORDER BY "vr"."points" DESC, "vr"."difference_score" DESC, "vr"."score_marque" DESC')
 2 SYSTEMPATH\Database\BaseConnection.php(635): CodeIgniter\Database\BaseConnection->simpleQuery('SELECT "vr".*, "e".*
FROM "v_resultat_par_equipe_tournoi_view_vaovao" "vr"
JOIN "equipe_tournoi" "et" ON "et"."id_equipe_tournoi" = "vr"."id_equipe_tournoi"
JOIN "equipe" "e" ON "e"."id_equipe" = "et"."id_equipe"
JOIN "poule" "p" ON "p"."id_poule" = "et"."id_poule"
WHERE "et"."id_tournoi" = \'2\'
AND "et"."id_poule" = \'3\'
AND "et"."id_poule" = \'3\'
ORDER BY "vr"."points" DESC, "vr"."difference_score" DESC, "vr"."score_marque" DESC')
 3 SYSTEMPATH\Database\BaseBuilder.php(1629): CodeIgniter\Database\BaseConnection->query('SELECT "vr".*, "e".*
FROM "v_resultat_par_equipe_tournoi_view_vaovao" "vr"
JOIN "equipe_tournoi" "et" ON "et"."id_equipe_tournoi" = "vr"."id_equipe_tournoi"
JOIN "equipe" "e" ON "e"."id_equipe" = "et"."id_equipe"
JOIN "poule" "p" ON "p"."id_poule" = "et"."id_poule"
WHERE "et"."id_tournoi" = :et.id_tournoi:
AND "et"."id_poule" = :et.id_poule:
AND "et"."id_poule" = :et.id_poule.1:
ORDER BY "vr"."points" DESC, "vr"."difference_score" DESC, "vr"."score_marque" DESC', [...], false)
 4 APPPATH\Controllers\PouleJController.php(108): CodeIgniter\Database\BaseBuilder->get()
 5 SYSTEMPATH\CodeIgniter.php(933): App\Controllers\PouleJController->get_classement_par_poule_choisi('3', '2')
 6 SYSTEMPATH\CodeIgniter.php(509): CodeIgniter\CodeIgniter->runController(Object(App\Controllers\PouleJController))
 7 SYSTEMPATH\CodeIgniter.php(355): CodeIgniter\CodeIgniter->handleRequest(null, Object(Config\Cache), false)
 8 SYSTEMPATH\Boot.php(312): CodeIgniter\CodeIgniter->run()
 9 SYSTEMPATH\Boot.php(67): CodeIgniter\Boot::runCodeIgniter(Object(CodeIgniter\CodeIgniter))
10 FCPATH\index.php(62): CodeIgniter\Boot::bootWeb(Object(Config\Paths))
11 SYSTEMPATH\Commands\Server\rewrite.php(49): require_once('C:\\Users\\Mialisoa\\ASA\\interprom\\interprom-back\\public\\index.php')
CRITICAL - 2025-05-15 20:18:45 --> [Caused by] ErrorException: pg_query(): Query failed: ERREUR:  droit refusé pour la vue v_resultat_par_equipe_tournoi_view_vaovao
in SYSTEMPATH\Database\Postgre\Connection.php on line 192.
 1 [internal function]: CodeIgniter\Debug\Exceptions->errorHandler(2, 'pg_query(): Query failed: ERREUR:  droit refusé pour la vue v_resultat_par_equipe_tournoi_view_vaovao', 'C:\\Users\\Mialisoa\\ASA\\interprom\\interprom-back\\system\\Database\\Postgre\\Connection.php', 192)
 2 SYSTEMPATH\Database\Postgre\Connection.php(192): pg_query(Object(PgSql\Connection), 'SELECT "vr".*, "e".*
FROM "v_resultat_par_equipe_tournoi_view_vaovao" "vr"
JOIN "equipe_tournoi" "et" ON "et"."id_equipe_tournoi" = "vr"."id_equipe_tournoi"
JOIN "equipe" "e" ON "e"."id_equipe" = "et"."id_equipe"
JOIN "poule" "p" ON "p"."id_poule" = "et"."id_poule"
WHERE "et"."id_tournoi" = \'2\'
AND "et"."id_poule" = \'3\'
AND "et"."id_poule" = \'3\'
ORDER BY "vr"."points" DESC, "vr"."difference_score" DESC, "vr"."score_marque" DESC')
 3 SYSTEMPATH\Database\BaseConnection.php(721): CodeIgniter\Database\Postgre\Connection->execute('SELECT "vr".*, "e".*
FROM "v_resultat_par_equipe_tournoi_view_vaovao" "vr"
JOIN "equipe_tournoi" "et" ON "et"."id_equipe_tournoi" = "vr"."id_equipe_tournoi"
JOIN "equipe" "e" ON "e"."id_equipe" = "et"."id_equipe"
JOIN "poule" "p" ON "p"."id_poule" = "et"."id_poule"
WHERE "et"."id_tournoi" = \'2\'
AND "et"."id_poule" = \'3\'
AND "et"."id_poule" = \'3\'
ORDER BY "vr"."points" DESC, "vr"."difference_score" DESC, "vr"."score_marque" DESC')
 4 SYSTEMPATH\Database\BaseConnection.php(635): CodeIgniter\Database\BaseConnection->simpleQuery('SELECT "vr".*, "e".*
FROM "v_resultat_par_equipe_tournoi_view_vaovao" "vr"
JOIN "equipe_tournoi" "et" ON "et"."id_equipe_tournoi" = "vr"."id_equipe_tournoi"
JOIN "equipe" "e" ON "e"."id_equipe" = "et"."id_equipe"
JOIN "poule" "p" ON "p"."id_poule" = "et"."id_poule"
WHERE "et"."id_tournoi" = \'2\'
AND "et"."id_poule" = \'3\'
AND "et"."id_poule" = \'3\'
ORDER BY "vr"."points" DESC, "vr"."difference_score" DESC, "vr"."score_marque" DESC')
 5 SYSTEMPATH\Database\BaseBuilder.php(1629): CodeIgniter\Database\BaseConnection->query('SELECT "vr".*, "e".*
FROM "v_resultat_par_equipe_tournoi_view_vaovao" "vr"
JOIN "equipe_tournoi" "et" ON "et"."id_equipe_tournoi" = "vr"."id_equipe_tournoi"
JOIN "equipe" "e" ON "e"."id_equipe" = "et"."id_equipe"
JOIN "poule" "p" ON "p"."id_poule" = "et"."id_poule"
WHERE "et"."id_tournoi" = :et.id_tournoi:
AND "et"."id_poule" = :et.id_poule:
AND "et"."id_poule" = :et.id_poule.1:
ORDER BY "vr"."points" DESC, "vr"."difference_score" DESC, "vr"."score_marque" DESC', [...], false)
 6 APPPATH\Controllers\PouleJController.php(108): CodeIgniter\Database\BaseBuilder->get()
 7 SYSTEMPATH\CodeIgniter.php(933): App\Controllers\PouleJController->get_classement_par_poule_choisi('3', '2')
 8 SYSTEMPATH\CodeIgniter.php(509): CodeIgniter\CodeIgniter->runController(Object(App\Controllers\PouleJController))
 9 SYSTEMPATH\CodeIgniter.php(355): CodeIgniter\CodeIgniter->handleRequest(null, Object(Config\Cache), false)
10 SYSTEMPATH\Boot.php(312): CodeIgniter\CodeIgniter->run()
11 SYSTEMPATH\Boot.php(67): CodeIgniter\Boot::runCodeIgniter(Object(CodeIgniter\CodeIgniter))
12 FCPATH\index.php(62): CodeIgniter\Boot::bootWeb(Object(Config\Paths))
13 SYSTEMPATH\Commands\Server\rewrite.php(49): require_once('C:\\Users\\Mialisoa\\ASA\\interprom\\interprom-back\\public\\index.php')
ERROR - 2025-05-15 20:18:47 --> ErrorException: pg_query(): Query failed: ERREUR:  droit refusé pour la vue v_resultat_par_equipe_tournoi_view_vaovao in C:\Users\Mialisoa\ASA\interprom\interprom-back\system\Database\Postgre\Connection.php:192
Stack trace:
#0 [internal function]: CodeIgniter\Debug\Exceptions->errorHandler(2, 'pg_query(): Que...', 'C:\\Users\\Mialis...', 192)
#1 C:\Users\Mialisoa\ASA\interprom\interprom-back\system\Database\Postgre\Connection.php(192): pg_query(Object(PgSql\Connection), 'SELECT "vr".*, ...')
#2 C:\Users\Mialisoa\ASA\interprom\interprom-back\system\Database\BaseConnection.php(721): CodeIgniter\Database\Postgre\Connection->execute('SELECT "vr".*, ...')
#3 C:\Users\Mialisoa\ASA\interprom\interprom-back\system\Database\BaseConnection.php(635): CodeIgniter\Database\BaseConnection->simpleQuery('SELECT "vr".*, ...')
#4 C:\Users\Mialisoa\ASA\interprom\interprom-back\system\Database\BaseBuilder.php(1629): CodeIgniter\Database\BaseConnection->query('SELECT "vr".*, ...', Array, false)
#5 C:\Users\Mialisoa\ASA\interprom\interprom-back\app\Controllers\PouleJController.php(108): CodeIgniter\Database\BaseBuilder->get()
#6 C:\Users\Mialisoa\ASA\interprom\interprom-back\system\CodeIgniter.php(933): App\Controllers\PouleJController->get_classement_par_poule_choisi('3', '2')
#7 C:\Users\Mialisoa\ASA\interprom\interprom-back\system\CodeIgniter.php(509): CodeIgniter\CodeIgniter->runController(Object(App\Controllers\PouleJController))
#8 C:\Users\Mialisoa\ASA\interprom\interprom-back\system\CodeIgniter.php(355): CodeIgniter\CodeIgniter->handleRequest(NULL, Object(Config\Cache), false)
#9 C:\Users\Mialisoa\ASA\interprom\interprom-back\system\Boot.php(312): CodeIgniter\CodeIgniter->run()
#10 C:\Users\Mialisoa\ASA\interprom\interprom-back\system\Boot.php(67): CodeIgniter\Boot::runCodeIgniter(Object(CodeIgniter\CodeIgniter))
#11 C:\Users\Mialisoa\ASA\interprom\interprom-back\public\index.php(62): CodeIgniter\Boot::bootWeb(Object(Config\Paths))
#12 C:\Users\Mialisoa\ASA\interprom\interprom-back\system\Commands\Server\rewrite.php(49): require_once('C:\\Users\\Mialis...')
#13 {main}
CRITICAL - 2025-05-15 20:18:47 --> CodeIgniter\Database\Exceptions\DatabaseException: pg_query(): Query failed: ERREUR:  droit refusé pour la vue v_resultat_par_equipe_tournoi_view_vaovao
[Method: GET, Route: api/classement/poule_3/tournoi_2]
in SYSTEMPATH\Database\BaseConnection.php on line 675.
 1 SYSTEMPATH\Database\BaseBuilder.php(1629): CodeIgniter\Database\BaseConnection->query('SELECT "vr".*, "e".*
FROM "v_resultat_par_equipe_tournoi_view_vaovao" "vr"
JOIN "equipe_tournoi" "et" ON "et"."id_equipe_tournoi" = "vr"."id_equipe_tournoi"
JOIN "equipe" "e" ON "e"."id_equipe" = "et"."id_equipe"
JOIN "poule" "p" ON "p"."id_poule" = "et"."id_poule"
WHERE "et"."id_tournoi" = :et.id_tournoi:
AND "et"."id_poule" = :et.id_poule:
AND "et"."id_poule" = :et.id_poule.1:
ORDER BY "vr"."points" DESC, "vr"."difference_score" DESC, "vr"."score_marque" DESC', [...], false)
 2 APPPATH\Controllers\PouleJController.php(108): CodeIgniter\Database\BaseBuilder->get()
 3 SYSTEMPATH\CodeIgniter.php(933): App\Controllers\PouleJController->get_classement_par_poule_choisi('3', '2')
 4 SYSTEMPATH\CodeIgniter.php(509): CodeIgniter\CodeIgniter->runController(Object(App\Controllers\PouleJController))
 5 SYSTEMPATH\CodeIgniter.php(355): CodeIgniter\CodeIgniter->handleRequest(null, Object(Config\Cache), false)
 6 SYSTEMPATH\Boot.php(312): CodeIgniter\CodeIgniter->run()
 7 SYSTEMPATH\Boot.php(67): CodeIgniter\Boot::runCodeIgniter(Object(CodeIgniter\CodeIgniter))
 8 FCPATH\index.php(62): CodeIgniter\Boot::bootWeb(Object(Config\Paths))
 9 SYSTEMPATH\Commands\Server\rewrite.php(49): require_once('C:\\Users\\Mialisoa\\ASA\\interprom\\interprom-back\\public\\index.php')
CRITICAL - 2025-05-15 20:18:47 --> [Caused by] CodeIgniter\Database\Exceptions\DatabaseException: pg_query(): Query failed: ERREUR:  droit refusé pour la vue v_resultat_par_equipe_tournoi_view_vaovao
in SYSTEMPATH\Database\Postgre\Connection.php on line 197.
 1 SYSTEMPATH\Database\BaseConnection.php(721): CodeIgniter\Database\Postgre\Connection->execute('SELECT "vr".*, "e".*
FROM "v_resultat_par_equipe_tournoi_view_vaovao" "vr"
JOIN "equipe_tournoi" "et" ON "et"."id_equipe_tournoi" = "vr"."id_equipe_tournoi"
JOIN "equipe" "e" ON "e"."id_equipe" = "et"."id_equipe"
JOIN "poule" "p" ON "p"."id_poule" = "et"."id_poule"
WHERE "et"."id_tournoi" = \'2\'
AND "et"."id_poule" = \'3\'
AND "et"."id_poule" = \'3\'
ORDER BY "vr"."points" DESC, "vr"."difference_score" DESC, "vr"."score_marque" DESC')
 2 SYSTEMPATH\Database\BaseConnection.php(635): CodeIgniter\Database\BaseConnection->simpleQuery('SELECT "vr".*, "e".*
FROM "v_resultat_par_equipe_tournoi_view_vaovao" "vr"
JOIN "equipe_tournoi" "et" ON "et"."id_equipe_tournoi" = "vr"."id_equipe_tournoi"
JOIN "equipe" "e" ON "e"."id_equipe" = "et"."id_equipe"
JOIN "poule" "p" ON "p"."id_poule" = "et"."id_poule"
WHERE "et"."id_tournoi" = \'2\'
AND "et"."id_poule" = \'3\'
AND "et"."id_poule" = \'3\'
ORDER BY "vr"."points" DESC, "vr"."difference_score" DESC, "vr"."score_marque" DESC')
 3 SYSTEMPATH\Database\BaseBuilder.php(1629): CodeIgniter\Database\BaseConnection->query('SELECT "vr".*, "e".*
FROM "v_resultat_par_equipe_tournoi_view_vaovao" "vr"
JOIN "equipe_tournoi" "et" ON "et"."id_equipe_tournoi" = "vr"."id_equipe_tournoi"
JOIN "equipe" "e" ON "e"."id_equipe" = "et"."id_equipe"
JOIN "poule" "p" ON "p"."id_poule" = "et"."id_poule"
WHERE "et"."id_tournoi" = :et.id_tournoi:
AND "et"."id_poule" = :et.id_poule:
AND "et"."id_poule" = :et.id_poule.1:
ORDER BY "vr"."points" DESC, "vr"."difference_score" DESC, "vr"."score_marque" DESC', [...], false)
 4 APPPATH\Controllers\PouleJController.php(108): CodeIgniter\Database\BaseBuilder->get()
 5 SYSTEMPATH\CodeIgniter.php(933): App\Controllers\PouleJController->get_classement_par_poule_choisi('3', '2')
 6 SYSTEMPATH\CodeIgniter.php(509): CodeIgniter\CodeIgniter->runController(Object(App\Controllers\PouleJController))
 7 SYSTEMPATH\CodeIgniter.php(355): CodeIgniter\CodeIgniter->handleRequest(null, Object(Config\Cache), false)
 8 SYSTEMPATH\Boot.php(312): CodeIgniter\CodeIgniter->run()
 9 SYSTEMPATH\Boot.php(67): CodeIgniter\Boot::runCodeIgniter(Object(CodeIgniter\CodeIgniter))
10 FCPATH\index.php(62): CodeIgniter\Boot::bootWeb(Object(Config\Paths))
11 SYSTEMPATH\Commands\Server\rewrite.php(49): require_once('C:\\Users\\Mialisoa\\ASA\\interprom\\interprom-back\\public\\index.php')
CRITICAL - 2025-05-15 20:18:47 --> [Caused by] ErrorException: pg_query(): Query failed: ERREUR:  droit refusé pour la vue v_resultat_par_equipe_tournoi_view_vaovao
in SYSTEMPATH\Database\Postgre\Connection.php on line 192.
 1 [internal function]: CodeIgniter\Debug\Exceptions->errorHandler(2, 'pg_query(): Query failed: ERREUR:  droit refusé pour la vue v_resultat_par_equipe_tournoi_view_vaovao', 'C:\\Users\\Mialisoa\\ASA\\interprom\\interprom-back\\system\\Database\\Postgre\\Connection.php', 192)
 2 SYSTEMPATH\Database\Postgre\Connection.php(192): pg_query(Object(PgSql\Connection), 'SELECT "vr".*, "e".*
FROM "v_resultat_par_equipe_tournoi_view_vaovao" "vr"
JOIN "equipe_tournoi" "et" ON "et"."id_equipe_tournoi" = "vr"."id_equipe_tournoi"
JOIN "equipe" "e" ON "e"."id_equipe" = "et"."id_equipe"
JOIN "poule" "p" ON "p"."id_poule" = "et"."id_poule"
WHERE "et"."id_tournoi" = \'2\'
AND "et"."id_poule" = \'3\'
AND "et"."id_poule" = \'3\'
ORDER BY "vr"."points" DESC, "vr"."difference_score" DESC, "vr"."score_marque" DESC')
 3 SYSTEMPATH\Database\BaseConnection.php(721): CodeIgniter\Database\Postgre\Connection->execute('SELECT "vr".*, "e".*
FROM "v_resultat_par_equipe_tournoi_view_vaovao" "vr"
JOIN "equipe_tournoi" "et" ON "et"."id_equipe_tournoi" = "vr"."id_equipe_tournoi"
JOIN "equipe" "e" ON "e"."id_equipe" = "et"."id_equipe"
JOIN "poule" "p" ON "p"."id_poule" = "et"."id_poule"
WHERE "et"."id_tournoi" = \'2\'
AND "et"."id_poule" = \'3\'
AND "et"."id_poule" = \'3\'
ORDER BY "vr"."points" DESC, "vr"."difference_score" DESC, "vr"."score_marque" DESC')
 4 SYSTEMPATH\Database\BaseConnection.php(635): CodeIgniter\Database\BaseConnection->simpleQuery('SELECT "vr".*, "e".*
FROM "v_resultat_par_equipe_tournoi_view_vaovao" "vr"
JOIN "equipe_tournoi" "et" ON "et"."id_equipe_tournoi" = "vr"."id_equipe_tournoi"
JOIN "equipe" "e" ON "e"."id_equipe" = "et"."id_equipe"
JOIN "poule" "p" ON "p"."id_poule" = "et"."id_poule"
WHERE "et"."id_tournoi" = \'2\'
AND "et"."id_poule" = \'3\'
AND "et"."id_poule" = \'3\'
ORDER BY "vr"."points" DESC, "vr"."difference_score" DESC, "vr"."score_marque" DESC')
 5 SYSTEMPATH\Database\BaseBuilder.php(1629): CodeIgniter\Database\BaseConnection->query('SELECT "vr".*, "e".*
FROM "v_resultat_par_equipe_tournoi_view_vaovao" "vr"
JOIN "equipe_tournoi" "et" ON "et"."id_equipe_tournoi" = "vr"."id_equipe_tournoi"
JOIN "equipe" "e" ON "e"."id_equipe" = "et"."id_equipe"
JOIN "poule" "p" ON "p"."id_poule" = "et"."id_poule"
WHERE "et"."id_tournoi" = :et.id_tournoi:
AND "et"."id_poule" = :et.id_poule:
AND "et"."id_poule" = :et.id_poule.1:
ORDER BY "vr"."points" DESC, "vr"."difference_score" DESC, "vr"."score_marque" DESC', [...], false)
 6 APPPATH\Controllers\PouleJController.php(108): CodeIgniter\Database\BaseBuilder->get()
 7 SYSTEMPATH\CodeIgniter.php(933): App\Controllers\PouleJController->get_classement_par_poule_choisi('3', '2')
 8 SYSTEMPATH\CodeIgniter.php(509): CodeIgniter\CodeIgniter->runController(Object(App\Controllers\PouleJController))
 9 SYSTEMPATH\CodeIgniter.php(355): CodeIgniter\CodeIgniter->handleRequest(null, Object(Config\Cache), false)
10 SYSTEMPATH\Boot.php(312): CodeIgniter\CodeIgniter->run()
11 SYSTEMPATH\Boot.php(67): CodeIgniter\Boot::runCodeIgniter(Object(CodeIgniter\CodeIgniter))
12 FCPATH\index.php(62): CodeIgniter\Boot::bootWeb(Object(Config\Paths))
13 SYSTEMPATH\Commands\Server\rewrite.php(49): require_once('C:\\Users\\Mialisoa\\ASA\\interprom\\interprom-back\\public\\index.php')
ERROR - 2025-05-15 20:18:51 --> ErrorException: pg_query(): Query failed: ERREUR:  droit refusé pour la vue v_resultat_par_equipe_tournoi_view_vaovao in C:\Users\Mialisoa\ASA\interprom\interprom-back\system\Database\Postgre\Connection.php:192
Stack trace:
#0 [internal function]: CodeIgniter\Debug\Exceptions->errorHandler(2, 'pg_query(): Que...', 'C:\\Users\\Mialis...', 192)
#1 C:\Users\Mialisoa\ASA\interprom\interprom-back\system\Database\Postgre\Connection.php(192): pg_query(Object(PgSql\Connection), 'SELECT "vr".*, ...')
#2 C:\Users\Mialisoa\ASA\interprom\interprom-back\system\Database\BaseConnection.php(721): CodeIgniter\Database\Postgre\Connection->execute('SELECT "vr".*, ...')
#3 C:\Users\Mialisoa\ASA\interprom\interprom-back\system\Database\BaseConnection.php(635): CodeIgniter\Database\BaseConnection->simpleQuery('SELECT "vr".*, ...')
#4 C:\Users\Mialisoa\ASA\interprom\interprom-back\system\Database\BaseBuilder.php(1629): CodeIgniter\Database\BaseConnection->query('SELECT "vr".*, ...', Array, false)
#5 C:\Users\Mialisoa\ASA\interprom\interprom-back\app\Controllers\PouleJController.php(108): CodeIgniter\Database\BaseBuilder->get()
#6 C:\Users\Mialisoa\ASA\interprom\interprom-back\system\CodeIgniter.php(933): App\Controllers\PouleJController->get_classement_par_poule_choisi('3', '2')
#7 C:\Users\Mialisoa\ASA\interprom\interprom-back\system\CodeIgniter.php(509): CodeIgniter\CodeIgniter->runController(Object(App\Controllers\PouleJController))
#8 C:\Users\Mialisoa\ASA\interprom\interprom-back\system\CodeIgniter.php(355): CodeIgniter\CodeIgniter->handleRequest(NULL, Object(Config\Cache), false)
#9 C:\Users\Mialisoa\ASA\interprom\interprom-back\system\Boot.php(312): CodeIgniter\CodeIgniter->run()
#10 C:\Users\Mialisoa\ASA\interprom\interprom-back\system\Boot.php(67): CodeIgniter\Boot::runCodeIgniter(Object(CodeIgniter\CodeIgniter))
#11 C:\Users\Mialisoa\ASA\interprom\interprom-back\public\index.php(62): CodeIgniter\Boot::bootWeb(Object(Config\Paths))
#12 C:\Users\Mialisoa\ASA\interprom\interprom-back\system\Commands\Server\rewrite.php(49): require_once('C:\\Users\\Mialis...')
#13 {main}
CRITICAL - 2025-05-15 20:18:51 --> CodeIgniter\Database\Exceptions\DatabaseException: pg_query(): Query failed: ERREUR:  droit refusé pour la vue v_resultat_par_equipe_tournoi_view_vaovao
[Method: GET, Route: api/classement/poule_3/tournoi_2]
in SYSTEMPATH\Database\BaseConnection.php on line 675.
 1 SYSTEMPATH\Database\BaseBuilder.php(1629): CodeIgniter\Database\BaseConnection->query('SELECT "vr".*, "e".*
FROM "v_resultat_par_equipe_tournoi_view_vaovao" "vr"
JOIN "equipe_tournoi" "et" ON "et"."id_equipe_tournoi" = "vr"."id_equipe_tournoi"
JOIN "equipe" "e" ON "e"."id_equipe" = "et"."id_equipe"
JOIN "poule" "p" ON "p"."id_poule" = "et"."id_poule"
WHERE "et"."id_tournoi" = :et.id_tournoi:
AND "et"."id_poule" = :et.id_poule:
AND "et"."id_poule" = :et.id_poule.1:
ORDER BY "vr"."points" DESC, "vr"."difference_score" DESC, "vr"."score_marque" DESC', [...], false)
 2 APPPATH\Controllers\PouleJController.php(108): CodeIgniter\Database\BaseBuilder->get()
 3 SYSTEMPATH\CodeIgniter.php(933): App\Controllers\PouleJController->get_classement_par_poule_choisi('3', '2')
 4 SYSTEMPATH\CodeIgniter.php(509): CodeIgniter\CodeIgniter->runController(Object(App\Controllers\PouleJController))
 5 SYSTEMPATH\CodeIgniter.php(355): CodeIgniter\CodeIgniter->handleRequest(null, Object(Config\Cache), false)
 6 SYSTEMPATH\Boot.php(312): CodeIgniter\CodeIgniter->run()
 7 SYSTEMPATH\Boot.php(67): CodeIgniter\Boot::runCodeIgniter(Object(CodeIgniter\CodeIgniter))
 8 FCPATH\index.php(62): CodeIgniter\Boot::bootWeb(Object(Config\Paths))
 9 SYSTEMPATH\Commands\Server\rewrite.php(49): require_once('C:\\Users\\Mialisoa\\ASA\\interprom\\interprom-back\\public\\index.php')
CRITICAL - 2025-05-15 20:18:51 --> [Caused by] CodeIgniter\Database\Exceptions\DatabaseException: pg_query(): Query failed: ERREUR:  droit refusé pour la vue v_resultat_par_equipe_tournoi_view_vaovao
in SYSTEMPATH\Database\Postgre\Connection.php on line 197.
 1 SYSTEMPATH\Database\BaseConnection.php(721): CodeIgniter\Database\Postgre\Connection->execute('SELECT "vr".*, "e".*
FROM "v_resultat_par_equipe_tournoi_view_vaovao" "vr"
JOIN "equipe_tournoi" "et" ON "et"."id_equipe_tournoi" = "vr"."id_equipe_tournoi"
JOIN "equipe" "e" ON "e"."id_equipe" = "et"."id_equipe"
JOIN "poule" "p" ON "p"."id_poule" = "et"."id_poule"
WHERE "et"."id_tournoi" = \'2\'
AND "et"."id_poule" = \'3\'
AND "et"."id_poule" = \'3\'
ORDER BY "vr"."points" DESC, "vr"."difference_score" DESC, "vr"."score_marque" DESC')
 2 SYSTEMPATH\Database\BaseConnection.php(635): CodeIgniter\Database\BaseConnection->simpleQuery('SELECT "vr".*, "e".*
FROM "v_resultat_par_equipe_tournoi_view_vaovao" "vr"
JOIN "equipe_tournoi" "et" ON "et"."id_equipe_tournoi" = "vr"."id_equipe_tournoi"
JOIN "equipe" "e" ON "e"."id_equipe" = "et"."id_equipe"
JOIN "poule" "p" ON "p"."id_poule" = "et"."id_poule"
WHERE "et"."id_tournoi" = \'2\'
AND "et"."id_poule" = \'3\'
AND "et"."id_poule" = \'3\'
ORDER BY "vr"."points" DESC, "vr"."difference_score" DESC, "vr"."score_marque" DESC')
 3 SYSTEMPATH\Database\BaseBuilder.php(1629): CodeIgniter\Database\BaseConnection->query('SELECT "vr".*, "e".*
FROM "v_resultat_par_equipe_tournoi_view_vaovao" "vr"
JOIN "equipe_tournoi" "et" ON "et"."id_equipe_tournoi" = "vr"."id_equipe_tournoi"
JOIN "equipe" "e" ON "e"."id_equipe" = "et"."id_equipe"
JOIN "poule" "p" ON "p"."id_poule" = "et"."id_poule"
WHERE "et"."id_tournoi" = :et.id_tournoi:
AND "et"."id_poule" = :et.id_poule:
AND "et"."id_poule" = :et.id_poule.1:
ORDER BY "vr"."points" DESC, "vr"."difference_score" DESC, "vr"."score_marque" DESC', [...], false)
 4 APPPATH\Controllers\PouleJController.php(108): CodeIgniter\Database\BaseBuilder->get()
 5 SYSTEMPATH\CodeIgniter.php(933): App\Controllers\PouleJController->get_classement_par_poule_choisi('3', '2')
 6 SYSTEMPATH\CodeIgniter.php(509): CodeIgniter\CodeIgniter->runController(Object(App\Controllers\PouleJController))
 7 SYSTEMPATH\CodeIgniter.php(355): CodeIgniter\CodeIgniter->handleRequest(null, Object(Config\Cache), false)
 8 SYSTEMPATH\Boot.php(312): CodeIgniter\CodeIgniter->run()
 9 SYSTEMPATH\Boot.php(67): CodeIgniter\Boot::runCodeIgniter(Object(CodeIgniter\CodeIgniter))
10 FCPATH\index.php(62): CodeIgniter\Boot::bootWeb(Object(Config\Paths))
11 SYSTEMPATH\Commands\Server\rewrite.php(49): require_once('C:\\Users\\Mialisoa\\ASA\\interprom\\interprom-back\\public\\index.php')
CRITICAL - 2025-05-15 20:18:51 --> [Caused by] ErrorException: pg_query(): Query failed: ERREUR:  droit refusé pour la vue v_resultat_par_equipe_tournoi_view_vaovao
in SYSTEMPATH\Database\Postgre\Connection.php on line 192.
 1 [internal function]: CodeIgniter\Debug\Exceptions->errorHandler(2, 'pg_query(): Query failed: ERREUR:  droit refusé pour la vue v_resultat_par_equipe_tournoi_view_vaovao', 'C:\\Users\\Mialisoa\\ASA\\interprom\\interprom-back\\system\\Database\\Postgre\\Connection.php', 192)
 2 SYSTEMPATH\Database\Postgre\Connection.php(192): pg_query(Object(PgSql\Connection), 'SELECT "vr".*, "e".*
FROM "v_resultat_par_equipe_tournoi_view_vaovao" "vr"
JOIN "equipe_tournoi" "et" ON "et"."id_equipe_tournoi" = "vr"."id_equipe_tournoi"
JOIN "equipe" "e" ON "e"."id_equipe" = "et"."id_equipe"
JOIN "poule" "p" ON "p"."id_poule" = "et"."id_poule"
WHERE "et"."id_tournoi" = \'2\'
AND "et"."id_poule" = \'3\'
AND "et"."id_poule" = \'3\'
ORDER BY "vr"."points" DESC, "vr"."difference_score" DESC, "vr"."score_marque" DESC')
 3 SYSTEMPATH\Database\BaseConnection.php(721): CodeIgniter\Database\Postgre\Connection->execute('SELECT "vr".*, "e".*
FROM "v_resultat_par_equipe_tournoi_view_vaovao" "vr"
JOIN "equipe_tournoi" "et" ON "et"."id_equipe_tournoi" = "vr"."id_equipe_tournoi"
JOIN "equipe" "e" ON "e"."id_equipe" = "et"."id_equipe"
JOIN "poule" "p" ON "p"."id_poule" = "et"."id_poule"
WHERE "et"."id_tournoi" = \'2\'
AND "et"."id_poule" = \'3\'
AND "et"."id_poule" = \'3\'
ORDER BY "vr"."points" DESC, "vr"."difference_score" DESC, "vr"."score_marque" DESC')
 4 SYSTEMPATH\Database\BaseConnection.php(635): CodeIgniter\Database\BaseConnection->simpleQuery('SELECT "vr".*, "e".*
FROM "v_resultat_par_equipe_tournoi_view_vaovao" "vr"
JOIN "equipe_tournoi" "et" ON "et"."id_equipe_tournoi" = "vr"."id_equipe_tournoi"
JOIN "equipe" "e" ON "e"."id_equipe" = "et"."id_equipe"
JOIN "poule" "p" ON "p"."id_poule" = "et"."id_poule"
WHERE "et"."id_tournoi" = \'2\'
AND "et"."id_poule" = \'3\'
AND "et"."id_poule" = \'3\'
ORDER BY "vr"."points" DESC, "vr"."difference_score" DESC, "vr"."score_marque" DESC')
 5 SYSTEMPATH\Database\BaseBuilder.php(1629): CodeIgniter\Database\BaseConnection->query('SELECT "vr".*, "e".*
FROM "v_resultat_par_equipe_tournoi_view_vaovao" "vr"
JOIN "equipe_tournoi" "et" ON "et"."id_equipe_tournoi" = "vr"."id_equipe_tournoi"
JOIN "equipe" "e" ON "e"."id_equipe" = "et"."id_equipe"
JOIN "poule" "p" ON "p"."id_poule" = "et"."id_poule"
WHERE "et"."id_tournoi" = :et.id_tournoi:
AND "et"."id_poule" = :et.id_poule:
AND "et"."id_poule" = :et.id_poule.1:
ORDER BY "vr"."points" DESC, "vr"."difference_score" DESC, "vr"."score_marque" DESC', [...], false)
 6 APPPATH\Controllers\PouleJController.php(108): CodeIgniter\Database\BaseBuilder->get()
 7 SYSTEMPATH\CodeIgniter.php(933): App\Controllers\PouleJController->get_classement_par_poule_choisi('3', '2')
 8 SYSTEMPATH\CodeIgniter.php(509): CodeIgniter\CodeIgniter->runController(Object(App\Controllers\PouleJController))
 9 SYSTEMPATH\CodeIgniter.php(355): CodeIgniter\CodeIgniter->handleRequest(null, Object(Config\Cache), false)
10 SYSTEMPATH\Boot.php(312): CodeIgniter\CodeIgniter->run()
11 SYSTEMPATH\Boot.php(67): CodeIgniter\Boot::runCodeIgniter(Object(CodeIgniter\CodeIgniter))
12 FCPATH\index.php(62): CodeIgniter\Boot::bootWeb(Object(Config\Paths))
13 SYSTEMPATH\Commands\Server\rewrite.php(49): require_once('C:\\Users\\Mialisoa\\ASA\\interprom\\interprom-back\\public\\index.php')
WARNING - 2025-05-15 20:20:13 --> [DEPRECATED] Optional parameter $id_discipline declared before required parameter $id_tournoi is implicitly treated as a required parameter in APPPATH\Controllers\MatchJController.php on line 164.
 1 SYSTEMPATH\Autoloader\Autoloader.php(317): include_once('C:\\Users\\Mialisoa\\ASA\\interprom\\interprom-back\\system\\Debug\\Exceptions.php')
 2 SYSTEMPATH\Autoloader\Autoloader.php(296): CodeIgniter\Autoloader\Autoloader->includeFile('C:\\Users\\Mialisoa\\ASA\\interprom\\interprom-back\\app\\Controllers\\MatchJController.php')
 3 SYSTEMPATH\Autoloader\Autoloader.php(272): CodeIgniter\Autoloader\Autoloader->loadInNamespace('App\\Controllers\\MatchJController')
 4 [internal function]: CodeIgniter\Autoloader\Autoloader->loadClass('App\\Controllers\\MatchJController')
 5 SYSTEMPATH\CodeIgniter.php(887): class_exists('\\App\\Controllers\\MatchJController', true)
 6 SYSTEMPATH\CodeIgniter.php(496): CodeIgniter\CodeIgniter->startController()
 7 SYSTEMPATH\CodeIgniter.php(355): CodeIgniter\CodeIgniter->handleRequest(null, Object(Config\Cache), false)
 8 SYSTEMPATH\Boot.php(312): CodeIgniter\CodeIgniter->run()
 9 SYSTEMPATH\Boot.php(67): CodeIgniter\Boot::runCodeIgniter(Object(CodeIgniter\CodeIgniter))
10 FCPATH\index.php(62): CodeIgniter\Boot::bootWeb(Object(Config\Paths))
11 SYSTEMPATH\Commands\Server\rewrite.php(49): require_once('C:\\Users\\Mialisoa\\ASA\\interprom\\interprom-back\\public\\index.php')
WARNING - 2025-05-15 20:20:13 --> [DEPRECATED] Optional parameter $id_discipline declared before required parameter $id_tournoi is implicitly treated as a required parameter in APPPATH\Controllers\MatchJController.php on line 164.
 1 SYSTEMPATH\Autoloader\Autoloader.php(317): include_once('C:\\Users\\Mialisoa\\ASA\\interprom\\interprom-back\\system\\Debug\\Exceptions.php')
 2 SYSTEMPATH\Autoloader\Autoloader.php(296): CodeIgniter\Autoloader\Autoloader->includeFile('C:\\Users\\Mialisoa\\ASA\\interprom\\interprom-back\\app\\Controllers\\MatchJController.php')
 3 SYSTEMPATH\Autoloader\Autoloader.php(272): CodeIgniter\Autoloader\Autoloader->loadInNamespace('App\\Controllers\\MatchJController')
 4 [internal function]: CodeIgniter\Autoloader\Autoloader->loadClass('App\\Controllers\\MatchJController')
 5 SYSTEMPATH\CodeIgniter.php(887): class_exists('\\App\\Controllers\\MatchJController', true)
 6 SYSTEMPATH\CodeIgniter.php(496): CodeIgniter\CodeIgniter->startController()
 7 SYSTEMPATH\CodeIgniter.php(355): CodeIgniter\CodeIgniter->handleRequest(null, Object(Config\Cache), false)
 8 SYSTEMPATH\Boot.php(312): CodeIgniter\CodeIgniter->run()
 9 SYSTEMPATH\Boot.php(67): CodeIgniter\Boot::runCodeIgniter(Object(CodeIgniter\CodeIgniter))
10 FCPATH\index.php(62): CodeIgniter\Boot::bootWeb(Object(Config\Paths))
11 SYSTEMPATH\Commands\Server\rewrite.php(49): require_once('C:\\Users\\Mialisoa\\ASA\\interprom\\interprom-back\\public\\index.php')
WARNING - 2025-05-15 20:20:13 --> [DEPRECATED] Optional parameter $id_discipline declared before required parameter $id_tournoi is implicitly treated as a required parameter in APPPATH\Controllers\MatchJController.php on line 164.
 1 SYSTEMPATH\Autoloader\Autoloader.php(317): include_once('C:\\Users\\Mialisoa\\ASA\\interprom\\interprom-back\\system\\Debug\\Exceptions.php')
 2 SYSTEMPATH\Autoloader\Autoloader.php(296): CodeIgniter\Autoloader\Autoloader->includeFile('C:\\Users\\Mialisoa\\ASA\\interprom\\interprom-back\\app\\Controllers\\MatchJController.php')
 3 SYSTEMPATH\Autoloader\Autoloader.php(272): CodeIgniter\Autoloader\Autoloader->loadInNamespace('App\\Controllers\\MatchJController')
 4 [internal function]: CodeIgniter\Autoloader\Autoloader->loadClass('App\\Controllers\\MatchJController')
 5 SYSTEMPATH\CodeIgniter.php(887): class_exists('\\App\\Controllers\\MatchJController', true)
 6 SYSTEMPATH\CodeIgniter.php(496): CodeIgniter\CodeIgniter->startController()
 7 SYSTEMPATH\CodeIgniter.php(355): CodeIgniter\CodeIgniter->handleRequest(null, Object(Config\Cache), false)
 8 SYSTEMPATH\Boot.php(312): CodeIgniter\CodeIgniter->run()
 9 SYSTEMPATH\Boot.php(67): CodeIgniter\Boot::runCodeIgniter(Object(CodeIgniter\CodeIgniter))
10 FCPATH\index.php(62): CodeIgniter\Boot::bootWeb(Object(Config\Paths))
11 SYSTEMPATH\Commands\Server\rewrite.php(49): require_once('C:\\Users\\Mialisoa\\ASA\\interprom\\interprom-back\\public\\index.php')
WARNING - 2025-05-15 20:20:14 --> [DEPRECATED] Optional parameter $id_discipline declared before required parameter $id_tournoi is implicitly treated as a required parameter in APPPATH\Controllers\MatchJController.php on line 164.
 1 SYSTEMPATH\Autoloader\Autoloader.php(317): include_once('C:\\Users\\Mialisoa\\ASA\\interprom\\interprom-back\\system\\Debug\\Exceptions.php')
 2 SYSTEMPATH\Autoloader\Autoloader.php(296): CodeIgniter\Autoloader\Autoloader->includeFile('C:\\Users\\Mialisoa\\ASA\\interprom\\interprom-back\\app\\Controllers\\MatchJController.php')
 3 SYSTEMPATH\Autoloader\Autoloader.php(272): CodeIgniter\Autoloader\Autoloader->loadInNamespace('App\\Controllers\\MatchJController')
 4 [internal function]: CodeIgniter\Autoloader\Autoloader->loadClass('App\\Controllers\\MatchJController')
 5 SYSTEMPATH\CodeIgniter.php(887): class_exists('\\App\\Controllers\\MatchJController', true)
 6 SYSTEMPATH\CodeIgniter.php(496): CodeIgniter\CodeIgniter->startController()
 7 SYSTEMPATH\CodeIgniter.php(355): CodeIgniter\CodeIgniter->handleRequest(null, Object(Config\Cache), false)
 8 SYSTEMPATH\Boot.php(312): CodeIgniter\CodeIgniter->run()
 9 SYSTEMPATH\Boot.php(67): CodeIgniter\Boot::runCodeIgniter(Object(CodeIgniter\CodeIgniter))
10 FCPATH\index.php(62): CodeIgniter\Boot::bootWeb(Object(Config\Paths))
11 SYSTEMPATH\Commands\Server\rewrite.php(49): require_once('C:\\Users\\Mialisoa\\ASA\\interprom\\interprom-back\\public\\index.php')
WARNING - 2025-05-15 20:24:19 --> [DEPRECATED] Optional parameter $id_discipline declared before required parameter $id_tournoi is implicitly treated as a required parameter in APPPATH\Controllers\MatchJController.php on line 164.
 1 SYSTEMPATH\Autoloader\Autoloader.php(317): include_once('C:\\Users\\Mialisoa\\ASA\\interprom\\interprom-back\\system\\Debug\\Exceptions.php')
 2 SYSTEMPATH\Autoloader\Autoloader.php(296): CodeIgniter\Autoloader\Autoloader->includeFile('C:\\Users\\Mialisoa\\ASA\\interprom\\interprom-back\\app\\Controllers\\MatchJController.php')
 3 SYSTEMPATH\Autoloader\Autoloader.php(272): CodeIgniter\Autoloader\Autoloader->loadInNamespace('App\\Controllers\\MatchJController')
 4 [internal function]: CodeIgniter\Autoloader\Autoloader->loadClass('App\\Controllers\\MatchJController')
 5 SYSTEMPATH\CodeIgniter.php(887): class_exists('\\App\\Controllers\\MatchJController', true)
 6 SYSTEMPATH\CodeIgniter.php(496): CodeIgniter\CodeIgniter->startController()
 7 SYSTEMPATH\CodeIgniter.php(355): CodeIgniter\CodeIgniter->handleRequest(null, Object(Config\Cache), false)
 8 SYSTEMPATH\Boot.php(312): CodeIgniter\CodeIgniter->run()
 9 SYSTEMPATH\Boot.php(67): CodeIgniter\Boot::runCodeIgniter(Object(CodeIgniter\CodeIgniter))
10 FCPATH\index.php(62): CodeIgniter\Boot::bootWeb(Object(Config\Paths))
11 SYSTEMPATH\Commands\Server\rewrite.php(49): require_once('C:\\Users\\Mialisoa\\ASA\\interprom\\interprom-back\\public\\index.php')
WARNING - 2025-05-15 20:24:39 --> [DEPRECATED] Optional parameter $id_discipline declared before required parameter $id_tournoi is implicitly treated as a required parameter in APPPATH\Controllers\MatchJController.php on line 164.
 1 SYSTEMPATH\Autoloader\Autoloader.php(317): include_once('C:\\Users\\Mialisoa\\ASA\\interprom\\interprom-back\\system\\Debug\\Exceptions.php')
 2 SYSTEMPATH\Autoloader\Autoloader.php(296): CodeIgniter\Autoloader\Autoloader->includeFile('C:\\Users\\Mialisoa\\ASA\\interprom\\interprom-back\\app\\Controllers\\MatchJController.php')
 3 SYSTEMPATH\Autoloader\Autoloader.php(272): CodeIgniter\Autoloader\Autoloader->loadInNamespace('App\\Controllers\\MatchJController')
 4 [internal function]: CodeIgniter\Autoloader\Autoloader->loadClass('App\\Controllers\\MatchJController')
 5 SYSTEMPATH\CodeIgniter.php(887): class_exists('\\App\\Controllers\\MatchJController', true)
 6 SYSTEMPATH\CodeIgniter.php(496): CodeIgniter\CodeIgniter->startController()
 7 SYSTEMPATH\CodeIgniter.php(355): CodeIgniter\CodeIgniter->handleRequest(null, Object(Config\Cache), false)
 8 SYSTEMPATH\Boot.php(312): CodeIgniter\CodeIgniter->run()
 9 SYSTEMPATH\Boot.php(67): CodeIgniter\Boot::runCodeIgniter(Object(CodeIgniter\CodeIgniter))
10 FCPATH\index.php(62): CodeIgniter\Boot::bootWeb(Object(Config\Paths))
11 SYSTEMPATH\Commands\Server\rewrite.php(49): require_once('C:\\Users\\Mialisoa\\ASA\\interprom\\interprom-back\\public\\index.php')
WARNING - 2025-05-15 20:24:40 --> [DEPRECATED] Optional parameter $id_discipline declared before required parameter $id_tournoi is implicitly treated as a required parameter in APPPATH\Controllers\MatchJController.php on line 164.
 1 SYSTEMPATH\Autoloader\Autoloader.php(317): include_once('C:\\Users\\Mialisoa\\ASA\\interprom\\interprom-back\\system\\Debug\\Exceptions.php')
 2 SYSTEMPATH\Autoloader\Autoloader.php(296): CodeIgniter\Autoloader\Autoloader->includeFile('C:\\Users\\Mialisoa\\ASA\\interprom\\interprom-back\\app\\Controllers\\MatchJController.php')
 3 SYSTEMPATH\Autoloader\Autoloader.php(272): CodeIgniter\Autoloader\Autoloader->loadInNamespace('App\\Controllers\\MatchJController')
 4 [internal function]: CodeIgniter\Autoloader\Autoloader->loadClass('App\\Controllers\\MatchJController')
 5 SYSTEMPATH\CodeIgniter.php(887): class_exists('\\App\\Controllers\\MatchJController', true)
 6 SYSTEMPATH\CodeIgniter.php(496): CodeIgniter\CodeIgniter->startController()
 7 SYSTEMPATH\CodeIgniter.php(355): CodeIgniter\CodeIgniter->handleRequest(null, Object(Config\Cache), false)
 8 SYSTEMPATH\Boot.php(312): CodeIgniter\CodeIgniter->run()
 9 SYSTEMPATH\Boot.php(67): CodeIgniter\Boot::runCodeIgniter(Object(CodeIgniter\CodeIgniter))
10 FCPATH\index.php(62): CodeIgniter\Boot::bootWeb(Object(Config\Paths))
11 SYSTEMPATH\Commands\Server\rewrite.php(49): require_once('C:\\Users\\Mialisoa\\ASA\\interprom\\interprom-back\\public\\index.php')
WARNING - 2025-05-15 20:24:40 --> [DEPRECATED] Optional parameter $id_discipline declared before required parameter $id_tournoi is implicitly treated as a required parameter in APPPATH\Controllers\MatchJController.php on line 164.
 1 SYSTEMPATH\Autoloader\Autoloader.php(317): include_once('C:\\Users\\Mialisoa\\ASA\\interprom\\interprom-back\\system\\Debug\\Exceptions.php')
 2 SYSTEMPATH\Autoloader\Autoloader.php(296): CodeIgniter\Autoloader\Autoloader->includeFile('C:\\Users\\Mialisoa\\ASA\\interprom\\interprom-back\\app\\Controllers\\MatchJController.php')
 3 SYSTEMPATH\Autoloader\Autoloader.php(272): CodeIgniter\Autoloader\Autoloader->loadInNamespace('App\\Controllers\\MatchJController')
 4 [internal function]: CodeIgniter\Autoloader\Autoloader->loadClass('App\\Controllers\\MatchJController')
 5 SYSTEMPATH\CodeIgniter.php(887): class_exists('\\App\\Controllers\\MatchJController', true)
 6 SYSTEMPATH\CodeIgniter.php(496): CodeIgniter\CodeIgniter->startController()
 7 SYSTEMPATH\CodeIgniter.php(355): CodeIgniter\CodeIgniter->handleRequest(null, Object(Config\Cache), false)
 8 SYSTEMPATH\Boot.php(312): CodeIgniter\CodeIgniter->run()
 9 SYSTEMPATH\Boot.php(67): CodeIgniter\Boot::runCodeIgniter(Object(CodeIgniter\CodeIgniter))
10 FCPATH\index.php(62): CodeIgniter\Boot::bootWeb(Object(Config\Paths))
11 SYSTEMPATH\Commands\Server\rewrite.php(49): require_once('C:\\Users\\Mialisoa\\ASA\\interprom\\interprom-back\\public\\index.php')
WARNING - 2025-05-15 20:24:40 --> [DEPRECATED] Optional parameter $id_discipline declared before required parameter $id_tournoi is implicitly treated as a required parameter in APPPATH\Controllers\MatchJController.php on line 164.
 1 SYSTEMPATH\Autoloader\Autoloader.php(317): include_once('C:\\Users\\Mialisoa\\ASA\\interprom\\interprom-back\\system\\Debug\\Exceptions.php')
 2 SYSTEMPATH\Autoloader\Autoloader.php(296): CodeIgniter\Autoloader\Autoloader->includeFile('C:\\Users\\Mialisoa\\ASA\\interprom\\interprom-back\\app\\Controllers\\MatchJController.php')
 3 SYSTEMPATH\Autoloader\Autoloader.php(272): CodeIgniter\Autoloader\Autoloader->loadInNamespace('App\\Controllers\\MatchJController')
 4 [internal function]: CodeIgniter\Autoloader\Autoloader->loadClass('App\\Controllers\\MatchJController')
 5 SYSTEMPATH\CodeIgniter.php(887): class_exists('\\App\\Controllers\\MatchJController', true)
 6 SYSTEMPATH\CodeIgniter.php(496): CodeIgniter\CodeIgniter->startController()
 7 SYSTEMPATH\CodeIgniter.php(355): CodeIgniter\CodeIgniter->handleRequest(null, Object(Config\Cache), false)
 8 SYSTEMPATH\Boot.php(312): CodeIgniter\CodeIgniter->run()
 9 SYSTEMPATH\Boot.php(67): CodeIgniter\Boot::runCodeIgniter(Object(CodeIgniter\CodeIgniter))
10 FCPATH\index.php(62): CodeIgniter\Boot::bootWeb(Object(Config\Paths))
11 SYSTEMPATH\Commands\Server\rewrite.php(49): require_once('C:\\Users\\Mialisoa\\ASA\\interprom\\interprom-back\\public\\index.php')
WARNING - 2025-05-15 20:24:41 --> [DEPRECATED] Optional parameter $id_discipline declared before required parameter $id_tournoi is implicitly treated as a required parameter in APPPATH\Controllers\MatchJController.php on line 164.
 1 SYSTEMPATH\Autoloader\Autoloader.php(317): include_once('C:\\Users\\Mialisoa\\ASA\\interprom\\interprom-back\\system\\Debug\\Exceptions.php')
 2 SYSTEMPATH\Autoloader\Autoloader.php(296): CodeIgniter\Autoloader\Autoloader->includeFile('C:\\Users\\Mialisoa\\ASA\\interprom\\interprom-back\\app\\Controllers\\MatchJController.php')
 3 SYSTEMPATH\Autoloader\Autoloader.php(272): CodeIgniter\Autoloader\Autoloader->loadInNamespace('App\\Controllers\\MatchJController')
 4 [internal function]: CodeIgniter\Autoloader\Autoloader->loadClass('App\\Controllers\\MatchJController')
 5 SYSTEMPATH\CodeIgniter.php(887): class_exists('\\App\\Controllers\\MatchJController', true)
 6 SYSTEMPATH\CodeIgniter.php(496): CodeIgniter\CodeIgniter->startController()
 7 SYSTEMPATH\CodeIgniter.php(355): CodeIgniter\CodeIgniter->handleRequest(null, Object(Config\Cache), false)
 8 SYSTEMPATH\Boot.php(312): CodeIgniter\CodeIgniter->run()
 9 SYSTEMPATH\Boot.php(67): CodeIgniter\Boot::runCodeIgniter(Object(CodeIgniter\CodeIgniter))
10 FCPATH\index.php(62): CodeIgniter\Boot::bootWeb(Object(Config\Paths))
11 SYSTEMPATH\Commands\Server\rewrite.php(49): require_once('C:\\Users\\Mialisoa\\ASA\\interprom\\interprom-back\\public\\index.php')
WARNING - 2025-05-15 20:24:41 --> [DEPRECATED] Optional parameter $id_discipline declared before required parameter $id_tournoi is implicitly treated as a required parameter in APPPATH\Controllers\MatchJController.php on line 164.
 1 SYSTEMPATH\Autoloader\Autoloader.php(317): include_once('C:\\Users\\Mialisoa\\ASA\\interprom\\interprom-back\\system\\Debug\\Exceptions.php')
 2 SYSTEMPATH\Autoloader\Autoloader.php(296): CodeIgniter\Autoloader\Autoloader->includeFile('C:\\Users\\Mialisoa\\ASA\\interprom\\interprom-back\\app\\Controllers\\MatchJController.php')
 3 SYSTEMPATH\Autoloader\Autoloader.php(272): CodeIgniter\Autoloader\Autoloader->loadInNamespace('App\\Controllers\\MatchJController')
 4 [internal function]: CodeIgniter\Autoloader\Autoloader->loadClass('App\\Controllers\\MatchJController')
 5 SYSTEMPATH\CodeIgniter.php(887): class_exists('\\App\\Controllers\\MatchJController', true)
 6 SYSTEMPATH\CodeIgniter.php(496): CodeIgniter\CodeIgniter->startController()
 7 SYSTEMPATH\CodeIgniter.php(355): CodeIgniter\CodeIgniter->handleRequest(null, Object(Config\Cache), false)
 8 SYSTEMPATH\Boot.php(312): CodeIgniter\CodeIgniter->run()
 9 SYSTEMPATH\Boot.php(67): CodeIgniter\Boot::runCodeIgniter(Object(CodeIgniter\CodeIgniter))
10 FCPATH\index.php(62): CodeIgniter\Boot::bootWeb(Object(Config\Paths))
11 SYSTEMPATH\Commands\Server\rewrite.php(49): require_once('C:\\Users\\Mialisoa\\ASA\\interprom\\interprom-back\\public\\index.php')
WARNING - 2025-05-15 20:24:45 --> [DEPRECATED] Optional parameter $id_discipline declared before required parameter $id_tournoi is implicitly treated as a required parameter in APPPATH\Controllers\MatchJController.php on line 164.
 1 SYSTEMPATH\Autoloader\Autoloader.php(317): include_once('C:\\Users\\Mialisoa\\ASA\\interprom\\interprom-back\\system\\Debug\\Exceptions.php')
 2 SYSTEMPATH\Autoloader\Autoloader.php(296): CodeIgniter\Autoloader\Autoloader->includeFile('C:\\Users\\Mialisoa\\ASA\\interprom\\interprom-back\\app\\Controllers\\MatchJController.php')
 3 SYSTEMPATH\Autoloader\Autoloader.php(272): CodeIgniter\Autoloader\Autoloader->loadInNamespace('App\\Controllers\\MatchJController')
 4 [internal function]: CodeIgniter\Autoloader\Autoloader->loadClass('App\\Controllers\\MatchJController')
 5 SYSTEMPATH\CodeIgniter.php(887): class_exists('\\App\\Controllers\\MatchJController', true)
 6 SYSTEMPATH\CodeIgniter.php(496): CodeIgniter\CodeIgniter->startController()
 7 SYSTEMPATH\CodeIgniter.php(355): CodeIgniter\CodeIgniter->handleRequest(null, Object(Config\Cache), false)
 8 SYSTEMPATH\Boot.php(312): CodeIgniter\CodeIgniter->run()
 9 SYSTEMPATH\Boot.php(67): CodeIgniter\Boot::runCodeIgniter(Object(CodeIgniter\CodeIgniter))
10 FCPATH\index.php(62): CodeIgniter\Boot::bootWeb(Object(Config\Paths))
11 SYSTEMPATH\Commands\Server\rewrite.php(49): require_once('C:\\Users\\Mialisoa\\ASA\\interprom\\interprom-back\\public\\index.php')
WARNING - 2025-05-15 20:29:16 --> [DEPRECATED] Optional parameter $id_discipline declared before required parameter $id_tournoi is implicitly treated as a required parameter in APPPATH\Controllers\MatchJController.php on line 164.
 1 SYSTEMPATH\Autoloader\Autoloader.php(317): include_once('C:\\Users\\Mialisoa\\ASA\\interprom\\interprom-back\\system\\Debug\\Exceptions.php')
 2 SYSTEMPATH\Autoloader\Autoloader.php(296): CodeIgniter\Autoloader\Autoloader->includeFile('C:\\Users\\Mialisoa\\ASA\\interprom\\interprom-back\\app\\Controllers\\MatchJController.php')
 3 SYSTEMPATH\Autoloader\Autoloader.php(272): CodeIgniter\Autoloader\Autoloader->loadInNamespace('App\\Controllers\\MatchJController')
 4 [internal function]: CodeIgniter\Autoloader\Autoloader->loadClass('App\\Controllers\\MatchJController')
 5 SYSTEMPATH\CodeIgniter.php(887): class_exists('\\App\\Controllers\\MatchJController', true)
 6 SYSTEMPATH\CodeIgniter.php(496): CodeIgniter\CodeIgniter->startController()
 7 SYSTEMPATH\CodeIgniter.php(355): CodeIgniter\CodeIgniter->handleRequest(null, Object(Config\Cache), false)
 8 SYSTEMPATH\Boot.php(312): CodeIgniter\CodeIgniter->run()
 9 SYSTEMPATH\Boot.php(67): CodeIgniter\Boot::runCodeIgniter(Object(CodeIgniter\CodeIgniter))
10 FCPATH\index.php(62): CodeIgniter\Boot::bootWeb(Object(Config\Paths))
11 SYSTEMPATH\Commands\Server\rewrite.php(49): require_once('C:\\Users\\Mialisoa\\ASA\\interprom\\interprom-back\\public\\index.php')
WARNING - 2025-05-15 20:29:17 --> [DEPRECATED] Optional parameter $id_discipline declared before required parameter $id_tournoi is implicitly treated as a required parameter in APPPATH\Controllers\MatchJController.php on line 164.
 1 SYSTEMPATH\Autoloader\Autoloader.php(317): include_once('C:\\Users\\Mialisoa\\ASA\\interprom\\interprom-back\\system\\Debug\\Exceptions.php')
 2 SYSTEMPATH\Autoloader\Autoloader.php(296): CodeIgniter\Autoloader\Autoloader->includeFile('C:\\Users\\Mialisoa\\ASA\\interprom\\interprom-back\\app\\Controllers\\MatchJController.php')
 3 SYSTEMPATH\Autoloader\Autoloader.php(272): CodeIgniter\Autoloader\Autoloader->loadInNamespace('App\\Controllers\\MatchJController')
 4 [internal function]: CodeIgniter\Autoloader\Autoloader->loadClass('App\\Controllers\\MatchJController')
 5 SYSTEMPATH\CodeIgniter.php(887): class_exists('\\App\\Controllers\\MatchJController', true)
 6 SYSTEMPATH\CodeIgniter.php(496): CodeIgniter\CodeIgniter->startController()
 7 SYSTEMPATH\CodeIgniter.php(355): CodeIgniter\CodeIgniter->handleRequest(null, Object(Config\Cache), false)
 8 SYSTEMPATH\Boot.php(312): CodeIgniter\CodeIgniter->run()
 9 SYSTEMPATH\Boot.php(67): CodeIgniter\Boot::runCodeIgniter(Object(CodeIgniter\CodeIgniter))
10 FCPATH\index.php(62): CodeIgniter\Boot::bootWeb(Object(Config\Paths))
11 SYSTEMPATH\Commands\Server\rewrite.php(49): require_once('C:\\Users\\Mialisoa\\ASA\\interprom\\interprom-back\\public\\index.php')
WARNING - 2025-05-15 20:29:17 --> [DEPRECATED] Optional parameter $id_discipline declared before required parameter $id_tournoi is implicitly treated as a required parameter in APPPATH\Controllers\MatchJController.php on line 164.
 1 SYSTEMPATH\Autoloader\Autoloader.php(317): include_once('C:\\Users\\Mialisoa\\ASA\\interprom\\interprom-back\\system\\Debug\\Exceptions.php')
 2 SYSTEMPATH\Autoloader\Autoloader.php(296): CodeIgniter\Autoloader\Autoloader->includeFile('C:\\Users\\Mialisoa\\ASA\\interprom\\interprom-back\\app\\Controllers\\MatchJController.php')
 3 SYSTEMPATH\Autoloader\Autoloader.php(272): CodeIgniter\Autoloader\Autoloader->loadInNamespace('App\\Controllers\\MatchJController')
 4 [internal function]: CodeIgniter\Autoloader\Autoloader->loadClass('App\\Controllers\\MatchJController')
 5 SYSTEMPATH\CodeIgniter.php(887): class_exists('\\App\\Controllers\\MatchJController', true)
 6 SYSTEMPATH\CodeIgniter.php(496): CodeIgniter\CodeIgniter->startController()
 7 SYSTEMPATH\CodeIgniter.php(355): CodeIgniter\CodeIgniter->handleRequest(null, Object(Config\Cache), false)
 8 SYSTEMPATH\Boot.php(312): CodeIgniter\CodeIgniter->run()
 9 SYSTEMPATH\Boot.php(67): CodeIgniter\Boot::runCodeIgniter(Object(CodeIgniter\CodeIgniter))
10 FCPATH\index.php(62): CodeIgniter\Boot::bootWeb(Object(Config\Paths))
11 SYSTEMPATH\Commands\Server\rewrite.php(49): require_once('C:\\Users\\Mialisoa\\ASA\\interprom\\interprom-back\\public\\index.php')
WARNING - 2025-05-15 20:29:17 --> [DEPRECATED] Optional parameter $id_discipline declared before required parameter $id_tournoi is implicitly treated as a required parameter in APPPATH\Controllers\MatchJController.php on line 164.
 1 SYSTEMPATH\Autoloader\Autoloader.php(317): include_once('C:\\Users\\Mialisoa\\ASA\\interprom\\interprom-back\\system\\Debug\\Exceptions.php')
 2 SYSTEMPATH\Autoloader\Autoloader.php(296): CodeIgniter\Autoloader\Autoloader->includeFile('C:\\Users\\Mialisoa\\ASA\\interprom\\interprom-back\\app\\Controllers\\MatchJController.php')
 3 SYSTEMPATH\Autoloader\Autoloader.php(272): CodeIgniter\Autoloader\Autoloader->loadInNamespace('App\\Controllers\\MatchJController')
 4 [internal function]: CodeIgniter\Autoloader\Autoloader->loadClass('App\\Controllers\\MatchJController')
 5 SYSTEMPATH\CodeIgniter.php(887): class_exists('\\App\\Controllers\\MatchJController', true)
 6 SYSTEMPATH\CodeIgniter.php(496): CodeIgniter\CodeIgniter->startController()
 7 SYSTEMPATH\CodeIgniter.php(355): CodeIgniter\CodeIgniter->handleRequest(null, Object(Config\Cache), false)
 8 SYSTEMPATH\Boot.php(312): CodeIgniter\CodeIgniter->run()
 9 SYSTEMPATH\Boot.php(67): CodeIgniter\Boot::runCodeIgniter(Object(CodeIgniter\CodeIgniter))
10 FCPATH\index.php(62): CodeIgniter\Boot::bootWeb(Object(Config\Paths))
11 SYSTEMPATH\Commands\Server\rewrite.php(49): require_once('C:\\Users\\Mialisoa\\ASA\\interprom\\interprom-back\\public\\index.php')
WARNING - 2025-05-15 20:29:18 --> [DEPRECATED] Optional parameter $id_discipline declared before required parameter $id_tournoi is implicitly treated as a required parameter in APPPATH\Controllers\MatchJController.php on line 164.
 1 SYSTEMPATH\Autoloader\Autoloader.php(317): include_once('C:\\Users\\Mialisoa\\ASA\\interprom\\interprom-back\\system\\Debug\\Exceptions.php')
 2 SYSTEMPATH\Autoloader\Autoloader.php(296): CodeIgniter\Autoloader\Autoloader->includeFile('C:\\Users\\Mialisoa\\ASA\\interprom\\interprom-back\\app\\Controllers\\MatchJController.php')
 3 SYSTEMPATH\Autoloader\Autoloader.php(272): CodeIgniter\Autoloader\Autoloader->loadInNamespace('App\\Controllers\\MatchJController')
 4 [internal function]: CodeIgniter\Autoloader\Autoloader->loadClass('App\\Controllers\\MatchJController')
 5 SYSTEMPATH\CodeIgniter.php(887): class_exists('\\App\\Controllers\\MatchJController', true)
 6 SYSTEMPATH\CodeIgniter.php(496): CodeIgniter\CodeIgniter->startController()
 7 SYSTEMPATH\CodeIgniter.php(355): CodeIgniter\CodeIgniter->handleRequest(null, Object(Config\Cache), false)
 8 SYSTEMPATH\Boot.php(312): CodeIgniter\CodeIgniter->run()
 9 SYSTEMPATH\Boot.php(67): CodeIgniter\Boot::runCodeIgniter(Object(CodeIgniter\CodeIgniter))
10 FCPATH\index.php(62): CodeIgniter\Boot::bootWeb(Object(Config\Paths))
11 SYSTEMPATH\Commands\Server\rewrite.php(49): require_once('C:\\Users\\Mialisoa\\ASA\\interprom\\interprom-back\\public\\index.php')
WARNING - 2025-05-15 20:29:18 --> [DEPRECATED] Optional parameter $id_discipline declared before required parameter $id_tournoi is implicitly treated as a required parameter in APPPATH\Controllers\MatchJController.php on line 164.
 1 SYSTEMPATH\Autoloader\Autoloader.php(317): include_once('C:\\Users\\Mialisoa\\ASA\\interprom\\interprom-back\\system\\Debug\\Exceptions.php')
 2 SYSTEMPATH\Autoloader\Autoloader.php(296): CodeIgniter\Autoloader\Autoloader->includeFile('C:\\Users\\Mialisoa\\ASA\\interprom\\interprom-back\\app\\Controllers\\MatchJController.php')
 3 SYSTEMPATH\Autoloader\Autoloader.php(272): CodeIgniter\Autoloader\Autoloader->loadInNamespace('App\\Controllers\\MatchJController')
 4 [internal function]: CodeIgniter\Autoloader\Autoloader->loadClass('App\\Controllers\\MatchJController')
 5 SYSTEMPATH\CodeIgniter.php(887): class_exists('\\App\\Controllers\\MatchJController', true)
 6 SYSTEMPATH\CodeIgniter.php(496): CodeIgniter\CodeIgniter->startController()
 7 SYSTEMPATH\CodeIgniter.php(355): CodeIgniter\CodeIgniter->handleRequest(null, Object(Config\Cache), false)
 8 SYSTEMPATH\Boot.php(312): CodeIgniter\CodeIgniter->run()
 9 SYSTEMPATH\Boot.php(67): CodeIgniter\Boot::runCodeIgniter(Object(CodeIgniter\CodeIgniter))
10 FCPATH\index.php(62): CodeIgniter\Boot::bootWeb(Object(Config\Paths))
11 SYSTEMPATH\Commands\Server\rewrite.php(49): require_once('C:\\Users\\Mialisoa\\ASA\\interprom\\interprom-back\\public\\index.php')
WARNING - 2025-05-15 20:29:20 --> [DEPRECATED] Optional parameter $id_discipline declared before required parameter $id_tournoi is implicitly treated as a required parameter in APPPATH\Controllers\MatchJController.php on line 164.
 1 SYSTEMPATH\Autoloader\Autoloader.php(317): include_once('C:\\Users\\Mialisoa\\ASA\\interprom\\interprom-back\\system\\Debug\\Exceptions.php')
 2 SYSTEMPATH\Autoloader\Autoloader.php(296): CodeIgniter\Autoloader\Autoloader->includeFile('C:\\Users\\Mialisoa\\ASA\\interprom\\interprom-back\\app\\Controllers\\MatchJController.php')
 3 SYSTEMPATH\Autoloader\Autoloader.php(272): CodeIgniter\Autoloader\Autoloader->loadInNamespace('App\\Controllers\\MatchJController')
 4 [internal function]: CodeIgniter\Autoloader\Autoloader->loadClass('App\\Controllers\\MatchJController')
 5 SYSTEMPATH\CodeIgniter.php(887): class_exists('\\App\\Controllers\\MatchJController', true)
 6 SYSTEMPATH\CodeIgniter.php(496): CodeIgniter\CodeIgniter->startController()
 7 SYSTEMPATH\CodeIgniter.php(355): CodeIgniter\CodeIgniter->handleRequest(null, Object(Config\Cache), false)
 8 SYSTEMPATH\Boot.php(312): CodeIgniter\CodeIgniter->run()
 9 SYSTEMPATH\Boot.php(67): CodeIgniter\Boot::runCodeIgniter(Object(CodeIgniter\CodeIgniter))
10 FCPATH\index.php(62): CodeIgniter\Boot::bootWeb(Object(Config\Paths))
11 SYSTEMPATH\Commands\Server\rewrite.php(49): require_once('C:\\Users\\Mialisoa\\ASA\\interprom\\interprom-back\\public\\index.php')
WARNING - 2025-05-15 20:29:20 --> [DEPRECATED] Optional parameter $id_discipline declared before required parameter $id_tournoi is implicitly treated as a required parameter in APPPATH\Controllers\MatchJController.php on line 164.
 1 SYSTEMPATH\Autoloader\Autoloader.php(317): include_once('C:\\Users\\Mialisoa\\ASA\\interprom\\interprom-back\\system\\Debug\\Exceptions.php')
 2 SYSTEMPATH\Autoloader\Autoloader.php(296): CodeIgniter\Autoloader\Autoloader->includeFile('C:\\Users\\Mialisoa\\ASA\\interprom\\interprom-back\\app\\Controllers\\MatchJController.php')
 3 SYSTEMPATH\Autoloader\Autoloader.php(272): CodeIgniter\Autoloader\Autoloader->loadInNamespace('App\\Controllers\\MatchJController')
 4 [internal function]: CodeIgniter\Autoloader\Autoloader->loadClass('App\\Controllers\\MatchJController')
 5 SYSTEMPATH\CodeIgniter.php(887): class_exists('\\App\\Controllers\\MatchJController', true)
 6 SYSTEMPATH\CodeIgniter.php(496): CodeIgniter\CodeIgniter->startController()
 7 SYSTEMPATH\CodeIgniter.php(355): CodeIgniter\CodeIgniter->handleRequest(null, Object(Config\Cache), false)
 8 SYSTEMPATH\Boot.php(312): CodeIgniter\CodeIgniter->run()
 9 SYSTEMPATH\Boot.php(67): CodeIgniter\Boot::runCodeIgniter(Object(CodeIgniter\CodeIgniter))
10 FCPATH\index.php(62): CodeIgniter\Boot::bootWeb(Object(Config\Paths))
11 SYSTEMPATH\Commands\Server\rewrite.php(49): require_once('C:\\Users\\Mialisoa\\ASA\\interprom\\interprom-back\\public\\index.php')
WARNING - 2025-05-15 20:29:20 --> [DEPRECATED] Optional parameter $id_discipline declared before required parameter $id_tournoi is implicitly treated as a required parameter in APPPATH\Controllers\MatchJController.php on line 164.
 1 SYSTEMPATH\Autoloader\Autoloader.php(317): include_once('C:\\Users\\Mialisoa\\ASA\\interprom\\interprom-back\\system\\Debug\\Exceptions.php')
 2 SYSTEMPATH\Autoloader\Autoloader.php(296): CodeIgniter\Autoloader\Autoloader->includeFile('C:\\Users\\Mialisoa\\ASA\\interprom\\interprom-back\\app\\Controllers\\MatchJController.php')
 3 SYSTEMPATH\Autoloader\Autoloader.php(272): CodeIgniter\Autoloader\Autoloader->loadInNamespace('App\\Controllers\\MatchJController')
 4 [internal function]: CodeIgniter\Autoloader\Autoloader->loadClass('App\\Controllers\\MatchJController')
 5 SYSTEMPATH\CodeIgniter.php(887): class_exists('\\App\\Controllers\\MatchJController', true)
 6 SYSTEMPATH\CodeIgniter.php(496): CodeIgniter\CodeIgniter->startController()
 7 SYSTEMPATH\CodeIgniter.php(355): CodeIgniter\CodeIgniter->handleRequest(null, Object(Config\Cache), false)
 8 SYSTEMPATH\Boot.php(312): CodeIgniter\CodeIgniter->run()
 9 SYSTEMPATH\Boot.php(67): CodeIgniter\Boot::runCodeIgniter(Object(CodeIgniter\CodeIgniter))
10 FCPATH\index.php(62): CodeIgniter\Boot::bootWeb(Object(Config\Paths))
11 SYSTEMPATH\Commands\Server\rewrite.php(49): require_once('C:\\Users\\Mialisoa\\ASA\\interprom\\interprom-back\\public\\index.php')
WARNING - 2025-05-15 20:29:21 --> [DEPRECATED] Optional parameter $id_discipline declared before required parameter $id_tournoi is implicitly treated as a required parameter in APPPATH\Controllers\MatchJController.php on line 164.
 1 SYSTEMPATH\Autoloader\Autoloader.php(317): include_once('C:\\Users\\Mialisoa\\ASA\\interprom\\interprom-back\\system\\Debug\\Exceptions.php')
 2 SYSTEMPATH\Autoloader\Autoloader.php(296): CodeIgniter\Autoloader\Autoloader->includeFile('C:\\Users\\Mialisoa\\ASA\\interprom\\interprom-back\\app\\Controllers\\MatchJController.php')
 3 SYSTEMPATH\Autoloader\Autoloader.php(272): CodeIgniter\Autoloader\Autoloader->loadInNamespace('App\\Controllers\\MatchJController')
 4 [internal function]: CodeIgniter\Autoloader\Autoloader->loadClass('App\\Controllers\\MatchJController')
 5 SYSTEMPATH\CodeIgniter.php(887): class_exists('\\App\\Controllers\\MatchJController', true)
 6 SYSTEMPATH\CodeIgniter.php(496): CodeIgniter\CodeIgniter->startController()
 7 SYSTEMPATH\CodeIgniter.php(355): CodeIgniter\CodeIgniter->handleRequest(null, Object(Config\Cache), false)
 8 SYSTEMPATH\Boot.php(312): CodeIgniter\CodeIgniter->run()
 9 SYSTEMPATH\Boot.php(67): CodeIgniter\Boot::runCodeIgniter(Object(CodeIgniter\CodeIgniter))
10 FCPATH\index.php(62): CodeIgniter\Boot::bootWeb(Object(Config\Paths))
11 SYSTEMPATH\Commands\Server\rewrite.php(49): require_once('C:\\Users\\Mialisoa\\ASA\\interprom\\interprom-back\\public\\index.php')
WARNING - 2025-05-15 20:29:27 --> [DEPRECATED] Optional parameter $id_discipline declared before required parameter $id_tournoi is implicitly treated as a required parameter in APPPATH\Controllers\MatchJController.php on line 164.
 1 SYSTEMPATH\Autoloader\Autoloader.php(317): include_once('C:\\Users\\Mialisoa\\ASA\\interprom\\interprom-back\\system\\Debug\\Exceptions.php')
 2 SYSTEMPATH\Autoloader\Autoloader.php(296): CodeIgniter\Autoloader\Autoloader->includeFile('C:\\Users\\Mialisoa\\ASA\\interprom\\interprom-back\\app\\Controllers\\MatchJController.php')
 3 SYSTEMPATH\Autoloader\Autoloader.php(272): CodeIgniter\Autoloader\Autoloader->loadInNamespace('App\\Controllers\\MatchJController')
 4 [internal function]: CodeIgniter\Autoloader\Autoloader->loadClass('App\\Controllers\\MatchJController')
 5 SYSTEMPATH\CodeIgniter.php(887): class_exists('\\App\\Controllers\\MatchJController', true)
 6 SYSTEMPATH\CodeIgniter.php(496): CodeIgniter\CodeIgniter->startController()
 7 SYSTEMPATH\CodeIgniter.php(355): CodeIgniter\CodeIgniter->handleRequest(null, Object(Config\Cache), false)
 8 SYSTEMPATH\Boot.php(312): CodeIgniter\CodeIgniter->run()
 9 SYSTEMPATH\Boot.php(67): CodeIgniter\Boot::runCodeIgniter(Object(CodeIgniter\CodeIgniter))
10 FCPATH\index.php(62): CodeIgniter\Boot::bootWeb(Object(Config\Paths))
11 SYSTEMPATH\Commands\Server\rewrite.php(49): require_once('C:\\Users\\Mialisoa\\ASA\\interprom\\interprom-back\\public\\index.php')
WARNING - 2025-05-15 20:29:27 --> [DEPRECATED] Optional parameter $id_discipline declared before required parameter $id_tournoi is implicitly treated as a required parameter in APPPATH\Controllers\MatchJController.php on line 164.
 1 SYSTEMPATH\Autoloader\Autoloader.php(317): include_once('C:\\Users\\Mialisoa\\ASA\\interprom\\interprom-back\\system\\Debug\\Exceptions.php')
 2 SYSTEMPATH\Autoloader\Autoloader.php(296): CodeIgniter\Autoloader\Autoloader->includeFile('C:\\Users\\Mialisoa\\ASA\\interprom\\interprom-back\\app\\Controllers\\MatchJController.php')
 3 SYSTEMPATH\Autoloader\Autoloader.php(272): CodeIgniter\Autoloader\Autoloader->loadInNamespace('App\\Controllers\\MatchJController')
 4 [internal function]: CodeIgniter\Autoloader\Autoloader->loadClass('App\\Controllers\\MatchJController')
 5 SYSTEMPATH\CodeIgniter.php(887): class_exists('\\App\\Controllers\\MatchJController', true)
 6 SYSTEMPATH\CodeIgniter.php(496): CodeIgniter\CodeIgniter->startController()
 7 SYSTEMPATH\CodeIgniter.php(355): CodeIgniter\CodeIgniter->handleRequest(null, Object(Config\Cache), false)
 8 SYSTEMPATH\Boot.php(312): CodeIgniter\CodeIgniter->run()
 9 SYSTEMPATH\Boot.php(67): CodeIgniter\Boot::runCodeIgniter(Object(CodeIgniter\CodeIgniter))
10 FCPATH\index.php(62): CodeIgniter\Boot::bootWeb(Object(Config\Paths))
11 SYSTEMPATH\Commands\Server\rewrite.php(49): require_once('C:\\Users\\Mialisoa\\ASA\\interprom\\interprom-back\\public\\index.php')
WARNING - 2025-05-15 20:29:46 --> [DEPRECATED] Optional parameter $id_discipline declared before required parameter $id_tournoi is implicitly treated as a required parameter in APPPATH\Controllers\MatchJController.php on line 164.
 1 SYSTEMPATH\Autoloader\Autoloader.php(317): include_once('C:\\Users\\Mialisoa\\ASA\\interprom\\interprom-back\\system\\Debug\\Exceptions.php')
 2 SYSTEMPATH\Autoloader\Autoloader.php(296): CodeIgniter\Autoloader\Autoloader->includeFile('C:\\Users\\Mialisoa\\ASA\\interprom\\interprom-back\\app\\Controllers\\MatchJController.php')
 3 SYSTEMPATH\Autoloader\Autoloader.php(272): CodeIgniter\Autoloader\Autoloader->loadInNamespace('App\\Controllers\\MatchJController')
 4 [internal function]: CodeIgniter\Autoloader\Autoloader->loadClass('App\\Controllers\\MatchJController')
 5 SYSTEMPATH\CodeIgniter.php(887): class_exists('\\App\\Controllers\\MatchJController', true)
 6 SYSTEMPATH\CodeIgniter.php(496): CodeIgniter\CodeIgniter->startController()
 7 SYSTEMPATH\CodeIgniter.php(355): CodeIgniter\CodeIgniter->handleRequest(null, Object(Config\Cache), false)
 8 SYSTEMPATH\Boot.php(312): CodeIgniter\CodeIgniter->run()
 9 SYSTEMPATH\Boot.php(67): CodeIgniter\Boot::runCodeIgniter(Object(CodeIgniter\CodeIgniter))
10 FCPATH\index.php(62): CodeIgniter\Boot::bootWeb(Object(Config\Paths))
11 SYSTEMPATH\Commands\Server\rewrite.php(49): require_once('C:\\Users\\Mialisoa\\ASA\\interprom\\interprom-back\\public\\index.php')
WARNING - 2025-05-15 20:29:47 --> [DEPRECATED] Optional parameter $id_discipline declared before required parameter $id_tournoi is implicitly treated as a required parameter in APPPATH\Controllers\MatchJController.php on line 164.
 1 SYSTEMPATH\Autoloader\Autoloader.php(317): include_once('C:\\Users\\Mialisoa\\ASA\\interprom\\interprom-back\\system\\Debug\\Exceptions.php')
 2 SYSTEMPATH\Autoloader\Autoloader.php(296): CodeIgniter\Autoloader\Autoloader->includeFile('C:\\Users\\Mialisoa\\ASA\\interprom\\interprom-back\\app\\Controllers\\MatchJController.php')
 3 SYSTEMPATH\Autoloader\Autoloader.php(272): CodeIgniter\Autoloader\Autoloader->loadInNamespace('App\\Controllers\\MatchJController')
 4 [internal function]: CodeIgniter\Autoloader\Autoloader->loadClass('App\\Controllers\\MatchJController')
 5 SYSTEMPATH\CodeIgniter.php(887): class_exists('\\App\\Controllers\\MatchJController', true)
 6 SYSTEMPATH\CodeIgniter.php(496): CodeIgniter\CodeIgniter->startController()
 7 SYSTEMPATH\CodeIgniter.php(355): CodeIgniter\CodeIgniter->handleRequest(null, Object(Config\Cache), false)
 8 SYSTEMPATH\Boot.php(312): CodeIgniter\CodeIgniter->run()
 9 SYSTEMPATH\Boot.php(67): CodeIgniter\Boot::runCodeIgniter(Object(CodeIgniter\CodeIgniter))
10 FCPATH\index.php(62): CodeIgniter\Boot::bootWeb(Object(Config\Paths))
11 SYSTEMPATH\Commands\Server\rewrite.php(49): require_once('C:\\Users\\Mialisoa\\ASA\\interprom\\interprom-back\\public\\index.php')
WARNING - 2025-05-15 20:29:47 --> [DEPRECATED] Optional parameter $id_discipline declared before required parameter $id_tournoi is implicitly treated as a required parameter in APPPATH\Controllers\MatchJController.php on line 164.
 1 SYSTEMPATH\Autoloader\Autoloader.php(317): include_once('C:\\Users\\Mialisoa\\ASA\\interprom\\interprom-back\\system\\Debug\\Exceptions.php')
 2 SYSTEMPATH\Autoloader\Autoloader.php(296): CodeIgniter\Autoloader\Autoloader->includeFile('C:\\Users\\Mialisoa\\ASA\\interprom\\interprom-back\\app\\Controllers\\MatchJController.php')
 3 SYSTEMPATH\Autoloader\Autoloader.php(272): CodeIgniter\Autoloader\Autoloader->loadInNamespace('App\\Controllers\\MatchJController')
 4 [internal function]: CodeIgniter\Autoloader\Autoloader->loadClass('App\\Controllers\\MatchJController')
 5 SYSTEMPATH\CodeIgniter.php(887): class_exists('\\App\\Controllers\\MatchJController', true)
 6 SYSTEMPATH\CodeIgniter.php(496): CodeIgniter\CodeIgniter->startController()
 7 SYSTEMPATH\CodeIgniter.php(355): CodeIgniter\CodeIgniter->handleRequest(null, Object(Config\Cache), false)
 8 SYSTEMPATH\Boot.php(312): CodeIgniter\CodeIgniter->run()
 9 SYSTEMPATH\Boot.php(67): CodeIgniter\Boot::runCodeIgniter(Object(CodeIgniter\CodeIgniter))
10 FCPATH\index.php(62): CodeIgniter\Boot::bootWeb(Object(Config\Paths))
11 SYSTEMPATH\Commands\Server\rewrite.php(49): require_once('C:\\Users\\Mialisoa\\ASA\\interprom\\interprom-back\\public\\index.php')
WARNING - 2025-05-15 20:29:50 --> [DEPRECATED] Optional parameter $id_discipline declared before required parameter $id_tournoi is implicitly treated as a required parameter in APPPATH\Controllers\MatchJController.php on line 164.
 1 SYSTEMPATH\Autoloader\Autoloader.php(317): include_once('C:\\Users\\Mialisoa\\ASA\\interprom\\interprom-back\\system\\Debug\\Exceptions.php')
 2 SYSTEMPATH\Autoloader\Autoloader.php(296): CodeIgniter\Autoloader\Autoloader->includeFile('C:\\Users\\Mialisoa\\ASA\\interprom\\interprom-back\\app\\Controllers\\MatchJController.php')
 3 SYSTEMPATH\Autoloader\Autoloader.php(272): CodeIgniter\Autoloader\Autoloader->loadInNamespace('App\\Controllers\\MatchJController')
 4 [internal function]: CodeIgniter\Autoloader\Autoloader->loadClass('App\\Controllers\\MatchJController')
 5 SYSTEMPATH\CodeIgniter.php(887): class_exists('\\App\\Controllers\\MatchJController', true)
 6 SYSTEMPATH\CodeIgniter.php(496): CodeIgniter\CodeIgniter->startController()
 7 SYSTEMPATH\CodeIgniter.php(355): CodeIgniter\CodeIgniter->handleRequest(null, Object(Config\Cache), false)
 8 SYSTEMPATH\Boot.php(312): CodeIgniter\CodeIgniter->run()
 9 SYSTEMPATH\Boot.php(67): CodeIgniter\Boot::runCodeIgniter(Object(CodeIgniter\CodeIgniter))
10 FCPATH\index.php(62): CodeIgniter\Boot::bootWeb(Object(Config\Paths))
11 SYSTEMPATH\Commands\Server\rewrite.php(49): require_once('C:\\Users\\Mialisoa\\ASA\\interprom\\interprom-back\\public\\index.php')
WARNING - 2025-05-15 20:29:51 --> [DEPRECATED] Optional parameter $id_discipline declared before required parameter $id_tournoi is implicitly treated as a required parameter in APPPATH\Controllers\MatchJController.php on line 164.
 1 SYSTEMPATH\Autoloader\Autoloader.php(317): include_once('C:\\Users\\Mialisoa\\ASA\\interprom\\interprom-back\\system\\Debug\\Exceptions.php')
 2 SYSTEMPATH\Autoloader\Autoloader.php(296): CodeIgniter\Autoloader\Autoloader->includeFile('C:\\Users\\Mialisoa\\ASA\\interprom\\interprom-back\\app\\Controllers\\MatchJController.php')
 3 SYSTEMPATH\Autoloader\Autoloader.php(272): CodeIgniter\Autoloader\Autoloader->loadInNamespace('App\\Controllers\\MatchJController')
 4 [internal function]: CodeIgniter\Autoloader\Autoloader->loadClass('App\\Controllers\\MatchJController')
 5 SYSTEMPATH\CodeIgniter.php(887): class_exists('\\App\\Controllers\\MatchJController', true)
 6 SYSTEMPATH\CodeIgniter.php(496): CodeIgniter\CodeIgniter->startController()
 7 SYSTEMPATH\CodeIgniter.php(355): CodeIgniter\CodeIgniter->handleRequest(null, Object(Config\Cache), false)
 8 SYSTEMPATH\Boot.php(312): CodeIgniter\CodeIgniter->run()
 9 SYSTEMPATH\Boot.php(67): CodeIgniter\Boot::runCodeIgniter(Object(CodeIgniter\CodeIgniter))
10 FCPATH\index.php(62): CodeIgniter\Boot::bootWeb(Object(Config\Paths))
11 SYSTEMPATH\Commands\Server\rewrite.php(49): require_once('C:\\Users\\Mialisoa\\ASA\\interprom\\interprom-back\\public\\index.php')
WARNING - 2025-05-15 20:29:51 --> [DEPRECATED] Optional parameter $id_discipline declared before required parameter $id_tournoi is implicitly treated as a required parameter in APPPATH\Controllers\MatchJController.php on line 164.
 1 SYSTEMPATH\Autoloader\Autoloader.php(317): include_once('C:\\Users\\Mialisoa\\ASA\\interprom\\interprom-back\\system\\Debug\\Exceptions.php')
 2 SYSTEMPATH\Autoloader\Autoloader.php(296): CodeIgniter\Autoloader\Autoloader->includeFile('C:\\Users\\Mialisoa\\ASA\\interprom\\interprom-back\\app\\Controllers\\MatchJController.php')
 3 SYSTEMPATH\Autoloader\Autoloader.php(272): CodeIgniter\Autoloader\Autoloader->loadInNamespace('App\\Controllers\\MatchJController')
 4 [internal function]: CodeIgniter\Autoloader\Autoloader->loadClass('App\\Controllers\\MatchJController')
 5 SYSTEMPATH\CodeIgniter.php(887): class_exists('\\App\\Controllers\\MatchJController', true)
 6 SYSTEMPATH\CodeIgniter.php(496): CodeIgniter\CodeIgniter->startController()
 7 SYSTEMPATH\CodeIgniter.php(355): CodeIgniter\CodeIgniter->handleRequest(null, Object(Config\Cache), false)
 8 SYSTEMPATH\Boot.php(312): CodeIgniter\CodeIgniter->run()
 9 SYSTEMPATH\Boot.php(67): CodeIgniter\Boot::runCodeIgniter(Object(CodeIgniter\CodeIgniter))
10 FCPATH\index.php(62): CodeIgniter\Boot::bootWeb(Object(Config\Paths))
11 SYSTEMPATH\Commands\Server\rewrite.php(49): require_once('C:\\Users\\Mialisoa\\ASA\\interprom\\interprom-back\\public\\index.php')
WARNING - 2025-05-15 20:29:51 --> [DEPRECATED] Optional parameter $id_discipline declared before required parameter $id_tournoi is implicitly treated as a required parameter in APPPATH\Controllers\MatchJController.php on line 164.
 1 SYSTEMPATH\Autoloader\Autoloader.php(317): include_once('C:\\Users\\Mialisoa\\ASA\\interprom\\interprom-back\\system\\Debug\\Exceptions.php')
 2 SYSTEMPATH\Autoloader\Autoloader.php(296): CodeIgniter\Autoloader\Autoloader->includeFile('C:\\Users\\Mialisoa\\ASA\\interprom\\interprom-back\\app\\Controllers\\MatchJController.php')
 3 SYSTEMPATH\Autoloader\Autoloader.php(272): CodeIgniter\Autoloader\Autoloader->loadInNamespace('App\\Controllers\\MatchJController')
 4 [internal function]: CodeIgniter\Autoloader\Autoloader->loadClass('App\\Controllers\\MatchJController')
 5 SYSTEMPATH\CodeIgniter.php(887): class_exists('\\App\\Controllers\\MatchJController', true)
 6 SYSTEMPATH\CodeIgniter.php(496): CodeIgniter\CodeIgniter->startController()
 7 SYSTEMPATH\CodeIgniter.php(355): CodeIgniter\CodeIgniter->handleRequest(null, Object(Config\Cache), false)
 8 SYSTEMPATH\Boot.php(312): CodeIgniter\CodeIgniter->run()
 9 SYSTEMPATH\Boot.php(67): CodeIgniter\Boot::runCodeIgniter(Object(CodeIgniter\CodeIgniter))
10 FCPATH\index.php(62): CodeIgniter\Boot::bootWeb(Object(Config\Paths))
11 SYSTEMPATH\Commands\Server\rewrite.php(49): require_once('C:\\Users\\Mialisoa\\ASA\\interprom\\interprom-back\\public\\index.php')
WARNING - 2025-05-15 20:30:03 --> [DEPRECATED] Optional parameter $id_discipline declared before required parameter $id_tournoi is implicitly treated as a required parameter in APPPATH\Controllers\MatchJController.php on line 164.
 1 SYSTEMPATH\Autoloader\Autoloader.php(317): include_once('C:\\Users\\Mialisoa\\ASA\\interprom\\interprom-back\\system\\Debug\\Exceptions.php')
 2 SYSTEMPATH\Autoloader\Autoloader.php(296): CodeIgniter\Autoloader\Autoloader->includeFile('C:\\Users\\Mialisoa\\ASA\\interprom\\interprom-back\\app\\Controllers\\MatchJController.php')
 3 SYSTEMPATH\Autoloader\Autoloader.php(272): CodeIgniter\Autoloader\Autoloader->loadInNamespace('App\\Controllers\\MatchJController')
 4 [internal function]: CodeIgniter\Autoloader\Autoloader->loadClass('App\\Controllers\\MatchJController')
 5 SYSTEMPATH\CodeIgniter.php(887): class_exists('\\App\\Controllers\\MatchJController', true)
 6 SYSTEMPATH\CodeIgniter.php(496): CodeIgniter\CodeIgniter->startController()
 7 SYSTEMPATH\CodeIgniter.php(355): CodeIgniter\CodeIgniter->handleRequest(null, Object(Config\Cache), false)
 8 SYSTEMPATH\Boot.php(312): CodeIgniter\CodeIgniter->run()
 9 SYSTEMPATH\Boot.php(67): CodeIgniter\Boot::runCodeIgniter(Object(CodeIgniter\CodeIgniter))
10 FCPATH\index.php(62): CodeIgniter\Boot::bootWeb(Object(Config\Paths))
11 SYSTEMPATH\Commands\Server\rewrite.php(49): require_once('C:\\Users\\Mialisoa\\ASA\\interprom\\interprom-back\\public\\index.php')
WARNING - 2025-05-15 20:30:03 --> [DEPRECATED] Optional parameter $id_discipline declared before required parameter $id_tournoi is implicitly treated as a required parameter in APPPATH\Controllers\MatchJController.php on line 164.
 1 SYSTEMPATH\Autoloader\Autoloader.php(317): include_once('C:\\Users\\Mialisoa\\ASA\\interprom\\interprom-back\\system\\Debug\\Exceptions.php')
 2 SYSTEMPATH\Autoloader\Autoloader.php(296): CodeIgniter\Autoloader\Autoloader->includeFile('C:\\Users\\Mialisoa\\ASA\\interprom\\interprom-back\\app\\Controllers\\MatchJController.php')
 3 SYSTEMPATH\Autoloader\Autoloader.php(272): CodeIgniter\Autoloader\Autoloader->loadInNamespace('App\\Controllers\\MatchJController')
 4 [internal function]: CodeIgniter\Autoloader\Autoloader->loadClass('App\\Controllers\\MatchJController')
 5 SYSTEMPATH\CodeIgniter.php(887): class_exists('\\App\\Controllers\\MatchJController', true)
 6 SYSTEMPATH\CodeIgniter.php(496): CodeIgniter\CodeIgniter->startController()
 7 SYSTEMPATH\CodeIgniter.php(355): CodeIgniter\CodeIgniter->handleRequest(null, Object(Config\Cache), false)
 8 SYSTEMPATH\Boot.php(312): CodeIgniter\CodeIgniter->run()
 9 SYSTEMPATH\Boot.php(67): CodeIgniter\Boot::runCodeIgniter(Object(CodeIgniter\CodeIgniter))
10 FCPATH\index.php(62): CodeIgniter\Boot::bootWeb(Object(Config\Paths))
11 SYSTEMPATH\Commands\Server\rewrite.php(49): require_once('C:\\Users\\Mialisoa\\ASA\\interprom\\interprom-back\\public\\index.php')
WARNING - 2025-05-15 20:30:04 --> [DEPRECATED] Optional parameter $id_discipline declared before required parameter $id_tournoi is implicitly treated as a required parameter in APPPATH\Controllers\MatchJController.php on line 164.
 1 SYSTEMPATH\Autoloader\Autoloader.php(317): include_once('C:\\Users\\Mialisoa\\ASA\\interprom\\interprom-back\\system\\Debug\\Exceptions.php')
 2 SYSTEMPATH\Autoloader\Autoloader.php(296): CodeIgniter\Autoloader\Autoloader->includeFile('C:\\Users\\Mialisoa\\ASA\\interprom\\interprom-back\\app\\Controllers\\MatchJController.php')
 3 SYSTEMPATH\Autoloader\Autoloader.php(272): CodeIgniter\Autoloader\Autoloader->loadInNamespace('App\\Controllers\\MatchJController')
 4 [internal function]: CodeIgniter\Autoloader\Autoloader->loadClass('App\\Controllers\\MatchJController')
 5 SYSTEMPATH\CodeIgniter.php(887): class_exists('\\App\\Controllers\\MatchJController', true)
 6 SYSTEMPATH\CodeIgniter.php(496): CodeIgniter\CodeIgniter->startController()
 7 SYSTEMPATH\CodeIgniter.php(355): CodeIgniter\CodeIgniter->handleRequest(null, Object(Config\Cache), false)
 8 SYSTEMPATH\Boot.php(312): CodeIgniter\CodeIgniter->run()
 9 SYSTEMPATH\Boot.php(67): CodeIgniter\Boot::runCodeIgniter(Object(CodeIgniter\CodeIgniter))
10 FCPATH\index.php(62): CodeIgniter\Boot::bootWeb(Object(Config\Paths))
11 SYSTEMPATH\Commands\Server\rewrite.php(49): require_once('C:\\Users\\Mialisoa\\ASA\\interprom\\interprom-back\\public\\index.php')
WARNING - 2025-05-15 20:30:17 --> [DEPRECATED] Optional parameter $id_discipline declared before required parameter $id_tournoi is implicitly treated as a required parameter in APPPATH\Controllers\MatchJController.php on line 164.
 1 SYSTEMPATH\Autoloader\Autoloader.php(317): include_once('C:\\Users\\Mialisoa\\ASA\\interprom\\interprom-back\\system\\Debug\\Exceptions.php')
 2 SYSTEMPATH\Autoloader\Autoloader.php(296): CodeIgniter\Autoloader\Autoloader->includeFile('C:\\Users\\Mialisoa\\ASA\\interprom\\interprom-back\\app\\Controllers\\MatchJController.php')
 3 SYSTEMPATH\Autoloader\Autoloader.php(272): CodeIgniter\Autoloader\Autoloader->loadInNamespace('App\\Controllers\\MatchJController')
 4 [internal function]: CodeIgniter\Autoloader\Autoloader->loadClass('App\\Controllers\\MatchJController')
 5 SYSTEMPATH\CodeIgniter.php(887): class_exists('\\App\\Controllers\\MatchJController', true)
 6 SYSTEMPATH\CodeIgniter.php(496): CodeIgniter\CodeIgniter->startController()
 7 SYSTEMPATH\CodeIgniter.php(355): CodeIgniter\CodeIgniter->handleRequest(null, Object(Config\Cache), false)
 8 SYSTEMPATH\Boot.php(312): CodeIgniter\CodeIgniter->run()
 9 SYSTEMPATH\Boot.php(67): CodeIgniter\Boot::runCodeIgniter(Object(CodeIgniter\CodeIgniter))
10 FCPATH\index.php(62): CodeIgniter\Boot::bootWeb(Object(Config\Paths))
11 SYSTEMPATH\Commands\Server\rewrite.php(49): require_once('C:\\Users\\Mialisoa\\ASA\\interprom\\interprom-back\\public\\index.php')
WARNING - 2025-05-15 20:30:17 --> [DEPRECATED] Optional parameter $id_discipline declared before required parameter $id_tournoi is implicitly treated as a required parameter in APPPATH\Controllers\MatchJController.php on line 164.
 1 SYSTEMPATH\Autoloader\Autoloader.php(317): include_once('C:\\Users\\Mialisoa\\ASA\\interprom\\interprom-back\\system\\Debug\\Exceptions.php')
 2 SYSTEMPATH\Autoloader\Autoloader.php(296): CodeIgniter\Autoloader\Autoloader->includeFile('C:\\Users\\Mialisoa\\ASA\\interprom\\interprom-back\\app\\Controllers\\MatchJController.php')
 3 SYSTEMPATH\Autoloader\Autoloader.php(272): CodeIgniter\Autoloader\Autoloader->loadInNamespace('App\\Controllers\\MatchJController')
 4 [internal function]: CodeIgniter\Autoloader\Autoloader->loadClass('App\\Controllers\\MatchJController')
 5 SYSTEMPATH\CodeIgniter.php(887): class_exists('\\App\\Controllers\\MatchJController', true)
 6 SYSTEMPATH\CodeIgniter.php(496): CodeIgniter\CodeIgniter->startController()
 7 SYSTEMPATH\CodeIgniter.php(355): CodeIgniter\CodeIgniter->handleRequest(null, Object(Config\Cache), false)
 8 SYSTEMPATH\Boot.php(312): CodeIgniter\CodeIgniter->run()
 9 SYSTEMPATH\Boot.php(67): CodeIgniter\Boot::runCodeIgniter(Object(CodeIgniter\CodeIgniter))
10 FCPATH\index.php(62): CodeIgniter\Boot::bootWeb(Object(Config\Paths))
11 SYSTEMPATH\Commands\Server\rewrite.php(49): require_once('C:\\Users\\Mialisoa\\ASA\\interprom\\interprom-back\\public\\index.php')
WARNING - 2025-05-15 20:30:20 --> [DEPRECATED] Optional parameter $id_discipline declared before required parameter $id_tournoi is implicitly treated as a required parameter in APPPATH\Controllers\MatchJController.php on line 164.
 1 SYSTEMPATH\Autoloader\Autoloader.php(317): include_once('C:\\Users\\Mialisoa\\ASA\\interprom\\interprom-back\\system\\Debug\\Exceptions.php')
 2 SYSTEMPATH\Autoloader\Autoloader.php(296): CodeIgniter\Autoloader\Autoloader->includeFile('C:\\Users\\Mialisoa\\ASA\\interprom\\interprom-back\\app\\Controllers\\MatchJController.php')
 3 SYSTEMPATH\Autoloader\Autoloader.php(272): CodeIgniter\Autoloader\Autoloader->loadInNamespace('App\\Controllers\\MatchJController')
 4 [internal function]: CodeIgniter\Autoloader\Autoloader->loadClass('App\\Controllers\\MatchJController')
 5 SYSTEMPATH\CodeIgniter.php(887): class_exists('\\App\\Controllers\\MatchJController', true)
 6 SYSTEMPATH\CodeIgniter.php(496): CodeIgniter\CodeIgniter->startController()
 7 SYSTEMPATH\CodeIgniter.php(355): CodeIgniter\CodeIgniter->handleRequest(null, Object(Config\Cache), false)
 8 SYSTEMPATH\Boot.php(312): CodeIgniter\CodeIgniter->run()
 9 SYSTEMPATH\Boot.php(67): CodeIgniter\Boot::runCodeIgniter(Object(CodeIgniter\CodeIgniter))
10 FCPATH\index.php(62): CodeIgniter\Boot::bootWeb(Object(Config\Paths))
11 SYSTEMPATH\Commands\Server\rewrite.php(49): require_once('C:\\Users\\Mialisoa\\ASA\\interprom\\interprom-back\\public\\index.php')
WARNING - 2025-05-15 21:00:19 --> [DEPRECATED] Optional parameter $id_discipline declared before required parameter $id_tournoi is implicitly treated as a required parameter in APPPATH\Controllers\MatchJController.php on line 164.
 1 SYSTEMPATH\Autoloader\Autoloader.php(317): include_once('C:\\Users\\Mialisoa\\ASA\\interprom\\interprom-back\\system\\Debug\\Exceptions.php')
 2 SYSTEMPATH\Autoloader\Autoloader.php(296): CodeIgniter\Autoloader\Autoloader->includeFile('C:\\Users\\Mialisoa\\ASA\\interprom\\interprom-back\\app\\Controllers\\MatchJController.php')
 3 SYSTEMPATH\Autoloader\Autoloader.php(272): CodeIgniter\Autoloader\Autoloader->loadInNamespace('App\\Controllers\\MatchJController')
 4 [internal function]: CodeIgniter\Autoloader\Autoloader->loadClass('App\\Controllers\\MatchJController')
 5 SYSTEMPATH\CodeIgniter.php(887): class_exists('\\App\\Controllers\\MatchJController', true)
 6 SYSTEMPATH\CodeIgniter.php(496): CodeIgniter\CodeIgniter->startController()
 7 SYSTEMPATH\CodeIgniter.php(355): CodeIgniter\CodeIgniter->handleRequest(null, Object(Config\Cache), false)
 8 SYSTEMPATH\Boot.php(312): CodeIgniter\CodeIgniter->run()
 9 SYSTEMPATH\Boot.php(67): CodeIgniter\Boot::runCodeIgniter(Object(CodeIgniter\CodeIgniter))
10 FCPATH\index.php(62): CodeIgniter\Boot::bootWeb(Object(Config\Paths))
11 SYSTEMPATH\Commands\Server\rewrite.php(49): require_once('C:\\Users\\Mialisoa\\ASA\\interprom\\interprom-back\\public\\index.php')
WARNING - 2025-05-15 21:00:19 --> [DEPRECATED] Optional parameter $id_discipline declared before required parameter $id_tournoi is implicitly treated as a required parameter in APPPATH\Controllers\MatchJController.php on line 164.
 1 SYSTEMPATH\Autoloader\Autoloader.php(317): include_once('C:\\Users\\Mialisoa\\ASA\\interprom\\interprom-back\\system\\Debug\\Exceptions.php')
 2 SYSTEMPATH\Autoloader\Autoloader.php(296): CodeIgniter\Autoloader\Autoloader->includeFile('C:\\Users\\Mialisoa\\ASA\\interprom\\interprom-back\\app\\Controllers\\MatchJController.php')
 3 SYSTEMPATH\Autoloader\Autoloader.php(272): CodeIgniter\Autoloader\Autoloader->loadInNamespace('App\\Controllers\\MatchJController')
 4 [internal function]: CodeIgniter\Autoloader\Autoloader->loadClass('App\\Controllers\\MatchJController')
 5 SYSTEMPATH\CodeIgniter.php(887): class_exists('\\App\\Controllers\\MatchJController', true)
 6 SYSTEMPATH\CodeIgniter.php(496): CodeIgniter\CodeIgniter->startController()
 7 SYSTEMPATH\CodeIgniter.php(355): CodeIgniter\CodeIgniter->handleRequest(null, Object(Config\Cache), false)
 8 SYSTEMPATH\Boot.php(312): CodeIgniter\CodeIgniter->run()
 9 SYSTEMPATH\Boot.php(67): CodeIgniter\Boot::runCodeIgniter(Object(CodeIgniter\CodeIgniter))
10 FCPATH\index.php(62): CodeIgniter\Boot::bootWeb(Object(Config\Paths))
11 SYSTEMPATH\Commands\Server\rewrite.php(49): require_once('C:\\Users\\Mialisoa\\ASA\\interprom\\interprom-back\\public\\index.php')
WARNING - 2025-05-15 21:00:20 --> [DEPRECATED] Optional parameter $id_discipline declared before required parameter $id_tournoi is implicitly treated as a required parameter in APPPATH\Controllers\MatchJController.php on line 164.
 1 SYSTEMPATH\Autoloader\Autoloader.php(317): include_once('C:\\Users\\Mialisoa\\ASA\\interprom\\interprom-back\\system\\Debug\\Exceptions.php')
 2 SYSTEMPATH\Autoloader\Autoloader.php(296): CodeIgniter\Autoloader\Autoloader->includeFile('C:\\Users\\Mialisoa\\ASA\\interprom\\interprom-back\\app\\Controllers\\MatchJController.php')
 3 SYSTEMPATH\Autoloader\Autoloader.php(272): CodeIgniter\Autoloader\Autoloader->loadInNamespace('App\\Controllers\\MatchJController')
 4 [internal function]: CodeIgniter\Autoloader\Autoloader->loadClass('App\\Controllers\\MatchJController')
 5 SYSTEMPATH\CodeIgniter.php(887): class_exists('\\App\\Controllers\\MatchJController', true)
 6 SYSTEMPATH\CodeIgniter.php(496): CodeIgniter\CodeIgniter->startController()
 7 SYSTEMPATH\CodeIgniter.php(355): CodeIgniter\CodeIgniter->handleRequest(null, Object(Config\Cache), false)
 8 SYSTEMPATH\Boot.php(312): CodeIgniter\CodeIgniter->run()
 9 SYSTEMPATH\Boot.php(67): CodeIgniter\Boot::runCodeIgniter(Object(CodeIgniter\CodeIgniter))
10 FCPATH\index.php(62): CodeIgniter\Boot::bootWeb(Object(Config\Paths))
11 SYSTEMPATH\Commands\Server\rewrite.php(49): require_once('C:\\Users\\Mialisoa\\ASA\\interprom\\interprom-back\\public\\index.php')
WARNING - 2025-05-15 21:00:20 --> [DEPRECATED] Optional parameter $id_discipline declared before required parameter $id_tournoi is implicitly treated as a required parameter in APPPATH\Controllers\MatchJController.php on line 164.
 1 SYSTEMPATH\Autoloader\Autoloader.php(317): include_once('C:\\Users\\Mialisoa\\ASA\\interprom\\interprom-back\\system\\Debug\\Exceptions.php')
 2 SYSTEMPATH\Autoloader\Autoloader.php(296): CodeIgniter\Autoloader\Autoloader->includeFile('C:\\Users\\Mialisoa\\ASA\\interprom\\interprom-back\\app\\Controllers\\MatchJController.php')
 3 SYSTEMPATH\Autoloader\Autoloader.php(272): CodeIgniter\Autoloader\Autoloader->loadInNamespace('App\\Controllers\\MatchJController')
 4 [internal function]: CodeIgniter\Autoloader\Autoloader->loadClass('App\\Controllers\\MatchJController')
 5 SYSTEMPATH\CodeIgniter.php(887): class_exists('\\App\\Controllers\\MatchJController', true)
 6 SYSTEMPATH\CodeIgniter.php(496): CodeIgniter\CodeIgniter->startController()
 7 SYSTEMPATH\CodeIgniter.php(355): CodeIgniter\CodeIgniter->handleRequest(null, Object(Config\Cache), false)
 8 SYSTEMPATH\Boot.php(312): CodeIgniter\CodeIgniter->run()
 9 SYSTEMPATH\Boot.php(67): CodeIgniter\Boot::runCodeIgniter(Object(CodeIgniter\CodeIgniter))
10 FCPATH\index.php(62): CodeIgniter\Boot::bootWeb(Object(Config\Paths))
11 SYSTEMPATH\Commands\Server\rewrite.php(49): require_once('C:\\Users\\Mialisoa\\ASA\\interprom\\interprom-back\\public\\index.php')
WARNING - 2025-05-15 21:00:21 --> [DEPRECATED] Optional parameter $id_discipline declared before required parameter $id_tournoi is implicitly treated as a required parameter in APPPATH\Controllers\MatchJController.php on line 164.
 1 SYSTEMPATH\Autoloader\Autoloader.php(317): include_once('C:\\Users\\Mialisoa\\ASA\\interprom\\interprom-back\\system\\Debug\\Exceptions.php')
 2 SYSTEMPATH\Autoloader\Autoloader.php(296): CodeIgniter\Autoloader\Autoloader->includeFile('C:\\Users\\Mialisoa\\ASA\\interprom\\interprom-back\\app\\Controllers\\MatchJController.php')
 3 SYSTEMPATH\Autoloader\Autoloader.php(272): CodeIgniter\Autoloader\Autoloader->loadInNamespace('App\\Controllers\\MatchJController')
 4 [internal function]: CodeIgniter\Autoloader\Autoloader->loadClass('App\\Controllers\\MatchJController')
 5 SYSTEMPATH\CodeIgniter.php(887): class_exists('\\App\\Controllers\\MatchJController', true)
 6 SYSTEMPATH\CodeIgniter.php(496): CodeIgniter\CodeIgniter->startController()
 7 SYSTEMPATH\CodeIgniter.php(355): CodeIgniter\CodeIgniter->handleRequest(null, Object(Config\Cache), false)
 8 SYSTEMPATH\Boot.php(312): CodeIgniter\CodeIgniter->run()
 9 SYSTEMPATH\Boot.php(67): CodeIgniter\Boot::runCodeIgniter(Object(CodeIgniter\CodeIgniter))
10 FCPATH\index.php(62): CodeIgniter\Boot::bootWeb(Object(Config\Paths))
11 SYSTEMPATH\Commands\Server\rewrite.php(49): require_once('C:\\Users\\Mialisoa\\ASA\\interprom\\interprom-back\\public\\index.php')
WARNING - 2025-05-15 21:02:42 --> [DEPRECATED] Optional parameter $id_discipline declared before required parameter $id_tournoi is implicitly treated as a required parameter in APPPATH\Controllers\MatchJController.php on line 164.
 1 SYSTEMPATH\Autoloader\Autoloader.php(317): include_once('C:\\Users\\Mialisoa\\ASA\\interprom\\interprom-back\\system\\Debug\\Exceptions.php')
 2 SYSTEMPATH\Autoloader\Autoloader.php(296): CodeIgniter\Autoloader\Autoloader->includeFile('C:\\Users\\Mialisoa\\ASA\\interprom\\interprom-back\\app\\Controllers\\MatchJController.php')
 3 SYSTEMPATH\Autoloader\Autoloader.php(272): CodeIgniter\Autoloader\Autoloader->loadInNamespace('App\\Controllers\\MatchJController')
 4 [internal function]: CodeIgniter\Autoloader\Autoloader->loadClass('App\\Controllers\\MatchJController')
 5 SYSTEMPATH\CodeIgniter.php(887): class_exists('\\App\\Controllers\\MatchJController', true)
 6 SYSTEMPATH\CodeIgniter.php(496): CodeIgniter\CodeIgniter->startController()
 7 SYSTEMPATH\CodeIgniter.php(355): CodeIgniter\CodeIgniter->handleRequest(null, Object(Config\Cache), false)
 8 SYSTEMPATH\Boot.php(312): CodeIgniter\CodeIgniter->run()
 9 SYSTEMPATH\Boot.php(67): CodeIgniter\Boot::runCodeIgniter(Object(CodeIgniter\CodeIgniter))
10 FCPATH\index.php(62): CodeIgniter\Boot::bootWeb(Object(Config\Paths))
11 SYSTEMPATH\Commands\Server\rewrite.php(49): require_once('C:\\Users\\Mialisoa\\ASA\\interprom\\interprom-back\\public\\index.php')
WARNING - 2025-05-15 21:02:43 --> [DEPRECATED] Optional parameter $id_discipline declared before required parameter $id_tournoi is implicitly treated as a required parameter in APPPATH\Controllers\MatchJController.php on line 164.
 1 SYSTEMPATH\Autoloader\Autoloader.php(317): include_once('C:\\Users\\Mialisoa\\ASA\\interprom\\interprom-back\\system\\Debug\\Exceptions.php')
 2 SYSTEMPATH\Autoloader\Autoloader.php(296): CodeIgniter\Autoloader\Autoloader->includeFile('C:\\Users\\Mialisoa\\ASA\\interprom\\interprom-back\\app\\Controllers\\MatchJController.php')
 3 SYSTEMPATH\Autoloader\Autoloader.php(272): CodeIgniter\Autoloader\Autoloader->loadInNamespace('App\\Controllers\\MatchJController')
 4 [internal function]: CodeIgniter\Autoloader\Autoloader->loadClass('App\\Controllers\\MatchJController')
 5 SYSTEMPATH\CodeIgniter.php(887): class_exists('\\App\\Controllers\\MatchJController', true)
 6 SYSTEMPATH\CodeIgniter.php(496): CodeIgniter\CodeIgniter->startController()
 7 SYSTEMPATH\CodeIgniter.php(355): CodeIgniter\CodeIgniter->handleRequest(null, Object(Config\Cache), false)
 8 SYSTEMPATH\Boot.php(312): CodeIgniter\CodeIgniter->run()
 9 SYSTEMPATH\Boot.php(67): CodeIgniter\Boot::runCodeIgniter(Object(CodeIgniter\CodeIgniter))
10 FCPATH\index.php(62): CodeIgniter\Boot::bootWeb(Object(Config\Paths))
11 SYSTEMPATH\Commands\Server\rewrite.php(49): require_once('C:\\Users\\Mialisoa\\ASA\\interprom\\interprom-back\\public\\index.php')
WARNING - 2025-05-15 21:02:43 --> [DEPRECATED] Optional parameter $id_discipline declared before required parameter $id_tournoi is implicitly treated as a required parameter in APPPATH\Controllers\MatchJController.php on line 164.
 1 SYSTEMPATH\Autoloader\Autoloader.php(317): include_once('C:\\Users\\Mialisoa\\ASA\\interprom\\interprom-back\\system\\Debug\\Exceptions.php')
 2 SYSTEMPATH\Autoloader\Autoloader.php(296): CodeIgniter\Autoloader\Autoloader->includeFile('C:\\Users\\Mialisoa\\ASA\\interprom\\interprom-back\\app\\Controllers\\MatchJController.php')
 3 SYSTEMPATH\Autoloader\Autoloader.php(272): CodeIgniter\Autoloader\Autoloader->loadInNamespace('App\\Controllers\\MatchJController')
 4 [internal function]: CodeIgniter\Autoloader\Autoloader->loadClass('App\\Controllers\\MatchJController')
 5 SYSTEMPATH\CodeIgniter.php(887): class_exists('\\App\\Controllers\\MatchJController', true)
 6 SYSTEMPATH\CodeIgniter.php(496): CodeIgniter\CodeIgniter->startController()
 7 SYSTEMPATH\CodeIgniter.php(355): CodeIgniter\CodeIgniter->handleRequest(null, Object(Config\Cache), false)
 8 SYSTEMPATH\Boot.php(312): CodeIgniter\CodeIgniter->run()
 9 SYSTEMPATH\Boot.php(67): CodeIgniter\Boot::runCodeIgniter(Object(CodeIgniter\CodeIgniter))
10 FCPATH\index.php(62): CodeIgniter\Boot::bootWeb(Object(Config\Paths))
11 SYSTEMPATH\Commands\Server\rewrite.php(49): require_once('C:\\Users\\Mialisoa\\ASA\\interprom\\interprom-back\\public\\index.php')
WARNING - 2025-05-15 21:02:43 --> [DEPRECATED] Optional parameter $id_discipline declared before required parameter $id_tournoi is implicitly treated as a required parameter in APPPATH\Controllers\MatchJController.php on line 164.
 1 SYSTEMPATH\Autoloader\Autoloader.php(317): include_once('C:\\Users\\Mialisoa\\ASA\\interprom\\interprom-back\\system\\Debug\\Exceptions.php')
 2 SYSTEMPATH\Autoloader\Autoloader.php(296): CodeIgniter\Autoloader\Autoloader->includeFile('C:\\Users\\Mialisoa\\ASA\\interprom\\interprom-back\\app\\Controllers\\MatchJController.php')
 3 SYSTEMPATH\Autoloader\Autoloader.php(272): CodeIgniter\Autoloader\Autoloader->loadInNamespace('App\\Controllers\\MatchJController')
 4 [internal function]: CodeIgniter\Autoloader\Autoloader->loadClass('App\\Controllers\\MatchJController')
 5 SYSTEMPATH\CodeIgniter.php(887): class_exists('\\App\\Controllers\\MatchJController', true)
 6 SYSTEMPATH\CodeIgniter.php(496): CodeIgniter\CodeIgniter->startController()
 7 SYSTEMPATH\CodeIgniter.php(355): CodeIgniter\CodeIgniter->handleRequest(null, Object(Config\Cache), false)
 8 SYSTEMPATH\Boot.php(312): CodeIgniter\CodeIgniter->run()
 9 SYSTEMPATH\Boot.php(67): CodeIgniter\Boot::runCodeIgniter(Object(CodeIgniter\CodeIgniter))
10 FCPATH\index.php(62): CodeIgniter\Boot::bootWeb(Object(Config\Paths))
11 SYSTEMPATH\Commands\Server\rewrite.php(49): require_once('C:\\Users\\Mialisoa\\ASA\\interprom\\interprom-back\\public\\index.php')
WARNING - 2025-05-15 21:05:57 --> [DEPRECATED] Optional parameter $id_discipline declared before required parameter $id_tournoi is implicitly treated as a required parameter in APPPATH\Controllers\MatchJController.php on line 164.
 1 SYSTEMPATH\Autoloader\Autoloader.php(317): include_once('C:\\Users\\Mialisoa\\ASA\\interprom\\interprom-back\\system\\Debug\\Exceptions.php')
 2 SYSTEMPATH\Autoloader\Autoloader.php(296): CodeIgniter\Autoloader\Autoloader->includeFile('C:\\Users\\Mialisoa\\ASA\\interprom\\interprom-back\\app\\Controllers\\MatchJController.php')
 3 SYSTEMPATH\Autoloader\Autoloader.php(272): CodeIgniter\Autoloader\Autoloader->loadInNamespace('App\\Controllers\\MatchJController')
 4 [internal function]: CodeIgniter\Autoloader\Autoloader->loadClass('App\\Controllers\\MatchJController')
 5 SYSTEMPATH\CodeIgniter.php(887): class_exists('\\App\\Controllers\\MatchJController', true)
 6 SYSTEMPATH\CodeIgniter.php(496): CodeIgniter\CodeIgniter->startController()
 7 SYSTEMPATH\CodeIgniter.php(355): CodeIgniter\CodeIgniter->handleRequest(null, Object(Config\Cache), false)
 8 SYSTEMPATH\Boot.php(312): CodeIgniter\CodeIgniter->run()
 9 SYSTEMPATH\Boot.php(67): CodeIgniter\Boot::runCodeIgniter(Object(CodeIgniter\CodeIgniter))
10 FCPATH\index.php(62): CodeIgniter\Boot::bootWeb(Object(Config\Paths))
11 SYSTEMPATH\Commands\Server\rewrite.php(49): require_once('C:\\Users\\Mialisoa\\ASA\\interprom\\interprom-back\\public\\index.php')
WARNING - 2025-05-15 21:10:34 --> [DEPRECATED] Optional parameter $id_discipline declared before required parameter $id_tournoi is implicitly treated as a required parameter in APPPATH\Controllers\MatchJController.php on line 164.
 1 SYSTEMPATH\Autoloader\Autoloader.php(317): include_once('C:\\Users\\Mialisoa\\ASA\\interprom\\interprom-back\\system\\Debug\\Exceptions.php')
 2 SYSTEMPATH\Autoloader\Autoloader.php(296): CodeIgniter\Autoloader\Autoloader->includeFile('C:\\Users\\Mialisoa\\ASA\\interprom\\interprom-back\\app\\Controllers\\MatchJController.php')
 3 SYSTEMPATH\Autoloader\Autoloader.php(272): CodeIgniter\Autoloader\Autoloader->loadInNamespace('App\\Controllers\\MatchJController')
 4 [internal function]: CodeIgniter\Autoloader\Autoloader->loadClass('App\\Controllers\\MatchJController')
 5 SYSTEMPATH\CodeIgniter.php(887): class_exists('\\App\\Controllers\\MatchJController', true)
 6 SYSTEMPATH\CodeIgniter.php(496): CodeIgniter\CodeIgniter->startController()
 7 SYSTEMPATH\CodeIgniter.php(355): CodeIgniter\CodeIgniter->handleRequest(null, Object(Config\Cache), false)
 8 SYSTEMPATH\Boot.php(312): CodeIgniter\CodeIgniter->run()
 9 SYSTEMPATH\Boot.php(67): CodeIgniter\Boot::runCodeIgniter(Object(CodeIgniter\CodeIgniter))
10 FCPATH\index.php(62): CodeIgniter\Boot::bootWeb(Object(Config\Paths))
11 SYSTEMPATH\Commands\Server\rewrite.php(49): require_once('C:\\Users\\Mialisoa\\ASA\\interprom\\interprom-back\\public\\index.php')
WARNING - 2025-05-15 21:18:02 --> [DEPRECATED] Optional parameter $id_discipline declared before required parameter $id_tournoi is implicitly treated as a required parameter in APPPATH\Controllers\MatchJController.php on line 164.
 1 SYSTEMPATH\Autoloader\Autoloader.php(317): include_once('C:\\Users\\Mialisoa\\ASA\\interprom\\interprom-back\\system\\Debug\\Exceptions.php')
 2 SYSTEMPATH\Autoloader\Autoloader.php(296): CodeIgniter\Autoloader\Autoloader->includeFile('C:\\Users\\Mialisoa\\ASA\\interprom\\interprom-back\\app\\Controllers\\MatchJController.php')
 3 SYSTEMPATH\Autoloader\Autoloader.php(272): CodeIgniter\Autoloader\Autoloader->loadInNamespace('App\\Controllers\\MatchJController')
 4 [internal function]: CodeIgniter\Autoloader\Autoloader->loadClass('App\\Controllers\\MatchJController')
 5 SYSTEMPATH\CodeIgniter.php(887): class_exists('\\App\\Controllers\\MatchJController', true)
 6 SYSTEMPATH\CodeIgniter.php(496): CodeIgniter\CodeIgniter->startController()
 7 SYSTEMPATH\CodeIgniter.php(355): CodeIgniter\CodeIgniter->handleRequest(null, Object(Config\Cache), false)
 8 SYSTEMPATH\Boot.php(312): CodeIgniter\CodeIgniter->run()
 9 SYSTEMPATH\Boot.php(67): CodeIgniter\Boot::runCodeIgniter(Object(CodeIgniter\CodeIgniter))
10 FCPATH\index.php(62): CodeIgniter\Boot::bootWeb(Object(Config\Paths))
11 SYSTEMPATH\Commands\Server\rewrite.php(49): require_once('C:\\Users\\Mialisoa\\ASA\\interprom\\interprom-back\\public\\index.php')
WARNING - 2025-05-15 21:18:02 --> [DEPRECATED] Optional parameter $id_discipline declared before required parameter $id_tournoi is implicitly treated as a required parameter in APPPATH\Controllers\MatchJController.php on line 164.
 1 SYSTEMPATH\Autoloader\Autoloader.php(317): include_once('C:\\Users\\Mialisoa\\ASA\\interprom\\interprom-back\\system\\Debug\\Exceptions.php')
 2 SYSTEMPATH\Autoloader\Autoloader.php(296): CodeIgniter\Autoloader\Autoloader->includeFile('C:\\Users\\Mialisoa\\ASA\\interprom\\interprom-back\\app\\Controllers\\MatchJController.php')
 3 SYSTEMPATH\Autoloader\Autoloader.php(272): CodeIgniter\Autoloader\Autoloader->loadInNamespace('App\\Controllers\\MatchJController')
 4 [internal function]: CodeIgniter\Autoloader\Autoloader->loadClass('App\\Controllers\\MatchJController')
 5 SYSTEMPATH\CodeIgniter.php(887): class_exists('\\App\\Controllers\\MatchJController', true)
 6 SYSTEMPATH\CodeIgniter.php(496): CodeIgniter\CodeIgniter->startController()
 7 SYSTEMPATH\CodeIgniter.php(355): CodeIgniter\CodeIgniter->handleRequest(null, Object(Config\Cache), false)
 8 SYSTEMPATH\Boot.php(312): CodeIgniter\CodeIgniter->run()
 9 SYSTEMPATH\Boot.php(67): CodeIgniter\Boot::runCodeIgniter(Object(CodeIgniter\CodeIgniter))
10 FCPATH\index.php(62): CodeIgniter\Boot::bootWeb(Object(Config\Paths))
11 SYSTEMPATH\Commands\Server\rewrite.php(49): require_once('C:\\Users\\Mialisoa\\ASA\\interprom\\interprom-back\\public\\index.php')
WARNING - 2025-05-15 21:18:17 --> [DEPRECATED] Optional parameter $id_discipline declared before required parameter $id_tournoi is implicitly treated as a required parameter in APPPATH\Controllers\MatchJController.php on line 164.
 1 SYSTEMPATH\Autoloader\Autoloader.php(317): include_once('C:\\Users\\Mialisoa\\ASA\\interprom\\interprom-back\\system\\Debug\\Exceptions.php')
 2 SYSTEMPATH\Autoloader\Autoloader.php(296): CodeIgniter\Autoloader\Autoloader->includeFile('C:\\Users\\Mialisoa\\ASA\\interprom\\interprom-back\\app\\Controllers\\MatchJController.php')
 3 SYSTEMPATH\Autoloader\Autoloader.php(272): CodeIgniter\Autoloader\Autoloader->loadInNamespace('App\\Controllers\\MatchJController')
 4 [internal function]: CodeIgniter\Autoloader\Autoloader->loadClass('App\\Controllers\\MatchJController')
 5 SYSTEMPATH\CodeIgniter.php(887): class_exists('\\App\\Controllers\\MatchJController', true)
 6 SYSTEMPATH\CodeIgniter.php(496): CodeIgniter\CodeIgniter->startController()
 7 SYSTEMPATH\CodeIgniter.php(355): CodeIgniter\CodeIgniter->handleRequest(null, Object(Config\Cache), false)
 8 SYSTEMPATH\Boot.php(312): CodeIgniter\CodeIgniter->run()
 9 SYSTEMPATH\Boot.php(67): CodeIgniter\Boot::runCodeIgniter(Object(CodeIgniter\CodeIgniter))
10 FCPATH\index.php(62): CodeIgniter\Boot::bootWeb(Object(Config\Paths))
11 SYSTEMPATH\Commands\Server\rewrite.php(49): require_once('C:\\Users\\Mialisoa\\ASA\\interprom\\interprom-back\\public\\index.php')
WARNING - 2025-05-15 21:18:18 --> [DEPRECATED] Optional parameter $id_discipline declared before required parameter $id_tournoi is implicitly treated as a required parameter in APPPATH\Controllers\MatchJController.php on line 164.
 1 SYSTEMPATH\Autoloader\Autoloader.php(317): include_once('C:\\Users\\Mialisoa\\ASA\\interprom\\interprom-back\\system\\Debug\\Exceptions.php')
 2 SYSTEMPATH\Autoloader\Autoloader.php(296): CodeIgniter\Autoloader\Autoloader->includeFile('C:\\Users\\Mialisoa\\ASA\\interprom\\interprom-back\\app\\Controllers\\MatchJController.php')
 3 SYSTEMPATH\Autoloader\Autoloader.php(272): CodeIgniter\Autoloader\Autoloader->loadInNamespace('App\\Controllers\\MatchJController')
 4 [internal function]: CodeIgniter\Autoloader\Autoloader->loadClass('App\\Controllers\\MatchJController')
 5 SYSTEMPATH\CodeIgniter.php(887): class_exists('\\App\\Controllers\\MatchJController', true)
 6 SYSTEMPATH\CodeIgniter.php(496): CodeIgniter\CodeIgniter->startController()
 7 SYSTEMPATH\CodeIgniter.php(355): CodeIgniter\CodeIgniter->handleRequest(null, Object(Config\Cache), false)
 8 SYSTEMPATH\Boot.php(312): CodeIgniter\CodeIgniter->run()
 9 SYSTEMPATH\Boot.php(67): CodeIgniter\Boot::runCodeIgniter(Object(CodeIgniter\CodeIgniter))
10 FCPATH\index.php(62): CodeIgniter\Boot::bootWeb(Object(Config\Paths))
11 SYSTEMPATH\Commands\Server\rewrite.php(49): require_once('C:\\Users\\Mialisoa\\ASA\\interprom\\interprom-back\\public\\index.php')
WARNING - 2025-05-15 21:18:18 --> [DEPRECATED] Optional parameter $id_discipline declared before required parameter $id_tournoi is implicitly treated as a required parameter in APPPATH\Controllers\MatchJController.php on line 164.
 1 SYSTEMPATH\Autoloader\Autoloader.php(317): include_once('C:\\Users\\Mialisoa\\ASA\\interprom\\interprom-back\\system\\Debug\\Exceptions.php')
 2 SYSTEMPATH\Autoloader\Autoloader.php(296): CodeIgniter\Autoloader\Autoloader->includeFile('C:\\Users\\Mialisoa\\ASA\\interprom\\interprom-back\\app\\Controllers\\MatchJController.php')
 3 SYSTEMPATH\Autoloader\Autoloader.php(272): CodeIgniter\Autoloader\Autoloader->loadInNamespace('App\\Controllers\\MatchJController')
 4 [internal function]: CodeIgniter\Autoloader\Autoloader->loadClass('App\\Controllers\\MatchJController')
 5 SYSTEMPATH\CodeIgniter.php(887): class_exists('\\App\\Controllers\\MatchJController', true)
 6 SYSTEMPATH\CodeIgniter.php(496): CodeIgniter\CodeIgniter->startController()
 7 SYSTEMPATH\CodeIgniter.php(355): CodeIgniter\CodeIgniter->handleRequest(null, Object(Config\Cache), false)
 8 SYSTEMPATH\Boot.php(312): CodeIgniter\CodeIgniter->run()
 9 SYSTEMPATH\Boot.php(67): CodeIgniter\Boot::runCodeIgniter(Object(CodeIgniter\CodeIgniter))
10 FCPATH\index.php(62): CodeIgniter\Boot::bootWeb(Object(Config\Paths))
11 SYSTEMPATH\Commands\Server\rewrite.php(49): require_once('C:\\Users\\Mialisoa\\ASA\\interprom\\interprom-back\\public\\index.php')
WARNING - 2025-05-15 21:23:41 --> [DEPRECATED] Optional parameter $id_discipline declared before required parameter $id_tournoi is implicitly treated as a required parameter in APPPATH\Controllers\MatchJController.php on line 164.
 1 SYSTEMPATH\Autoloader\Autoloader.php(317): include_once('C:\\Users\\Mialisoa\\ASA\\interprom\\interprom-back\\system\\Debug\\Exceptions.php')
 2 SYSTEMPATH\Autoloader\Autoloader.php(296): CodeIgniter\Autoloader\Autoloader->includeFile('C:\\Users\\Mialisoa\\ASA\\interprom\\interprom-back\\app\\Controllers\\MatchJController.php')
 3 SYSTEMPATH\Autoloader\Autoloader.php(272): CodeIgniter\Autoloader\Autoloader->loadInNamespace('App\\Controllers\\MatchJController')
 4 [internal function]: CodeIgniter\Autoloader\Autoloader->loadClass('App\\Controllers\\MatchJController')
 5 SYSTEMPATH\CodeIgniter.php(887): class_exists('\\App\\Controllers\\MatchJController', true)
 6 SYSTEMPATH\CodeIgniter.php(496): CodeIgniter\CodeIgniter->startController()
 7 SYSTEMPATH\CodeIgniter.php(355): CodeIgniter\CodeIgniter->handleRequest(null, Object(Config\Cache), false)
 8 SYSTEMPATH\Boot.php(312): CodeIgniter\CodeIgniter->run()
 9 SYSTEMPATH\Boot.php(67): CodeIgniter\Boot::runCodeIgniter(Object(CodeIgniter\CodeIgniter))
10 FCPATH\index.php(62): CodeIgniter\Boot::bootWeb(Object(Config\Paths))
11 SYSTEMPATH\Commands\Server\rewrite.php(49): require_once('C:\\Users\\Mialisoa\\ASA\\interprom\\interprom-back\\public\\index.php')
WARNING - 2025-05-15 21:23:41 --> [DEPRECATED] Optional parameter $id_discipline declared before required parameter $id_tournoi is implicitly treated as a required parameter in APPPATH\Controllers\MatchJController.php on line 164.
 1 SYSTEMPATH\Autoloader\Autoloader.php(317): include_once('C:\\Users\\Mialisoa\\ASA\\interprom\\interprom-back\\system\\Debug\\Exceptions.php')
 2 SYSTEMPATH\Autoloader\Autoloader.php(296): CodeIgniter\Autoloader\Autoloader->includeFile('C:\\Users\\Mialisoa\\ASA\\interprom\\interprom-back\\app\\Controllers\\MatchJController.php')
 3 SYSTEMPATH\Autoloader\Autoloader.php(272): CodeIgniter\Autoloader\Autoloader->loadInNamespace('App\\Controllers\\MatchJController')
 4 [internal function]: CodeIgniter\Autoloader\Autoloader->loadClass('App\\Controllers\\MatchJController')
 5 SYSTEMPATH\CodeIgniter.php(887): class_exists('\\App\\Controllers\\MatchJController', true)
 6 SYSTEMPATH\CodeIgniter.php(496): CodeIgniter\CodeIgniter->startController()
 7 SYSTEMPATH\CodeIgniter.php(355): CodeIgniter\CodeIgniter->handleRequest(null, Object(Config\Cache), false)
 8 SYSTEMPATH\Boot.php(312): CodeIgniter\CodeIgniter->run()
 9 SYSTEMPATH\Boot.php(67): CodeIgniter\Boot::runCodeIgniter(Object(CodeIgniter\CodeIgniter))
10 FCPATH\index.php(62): CodeIgniter\Boot::bootWeb(Object(Config\Paths))
11 SYSTEMPATH\Commands\Server\rewrite.php(49): require_once('C:\\Users\\Mialisoa\\ASA\\interprom\\interprom-back\\public\\index.php')
WARNING - 2025-05-15 21:23:43 --> [DEPRECATED] Optional parameter $id_discipline declared before required parameter $id_tournoi is implicitly treated as a required parameter in APPPATH\Controllers\MatchJController.php on line 164.
 1 SYSTEMPATH\Autoloader\Autoloader.php(317): include_once('C:\\Users\\Mialisoa\\ASA\\interprom\\interprom-back\\system\\Debug\\Exceptions.php')
 2 SYSTEMPATH\Autoloader\Autoloader.php(296): CodeIgniter\Autoloader\Autoloader->includeFile('C:\\Users\\Mialisoa\\ASA\\interprom\\interprom-back\\app\\Controllers\\MatchJController.php')
 3 SYSTEMPATH\Autoloader\Autoloader.php(272): CodeIgniter\Autoloader\Autoloader->loadInNamespace('App\\Controllers\\MatchJController')
 4 [internal function]: CodeIgniter\Autoloader\Autoloader->loadClass('App\\Controllers\\MatchJController')
 5 SYSTEMPATH\CodeIgniter.php(887): class_exists('\\App\\Controllers\\MatchJController', true)
 6 SYSTEMPATH\CodeIgniter.php(496): CodeIgniter\CodeIgniter->startController()
 7 SYSTEMPATH\CodeIgniter.php(355): CodeIgniter\CodeIgniter->handleRequest(null, Object(Config\Cache), false)
 8 SYSTEMPATH\Boot.php(312): CodeIgniter\CodeIgniter->run()
 9 SYSTEMPATH\Boot.php(67): CodeIgniter\Boot::runCodeIgniter(Object(CodeIgniter\CodeIgniter))
10 FCPATH\index.php(62): CodeIgniter\Boot::bootWeb(Object(Config\Paths))
11 SYSTEMPATH\Commands\Server\rewrite.php(49): require_once('C:\\Users\\Mialisoa\\ASA\\interprom\\interprom-back\\public\\index.php')
WARNING - 2025-05-15 21:25:00 --> [DEPRECATED] Optional parameter $id_discipline declared before required parameter $id_tournoi is implicitly treated as a required parameter in APPPATH\Controllers\MatchJController.php on line 164.
 1 SYSTEMPATH\Autoloader\Autoloader.php(317): include_once('C:\\Users\\Mialisoa\\ASA\\interprom\\interprom-back\\system\\Debug\\Exceptions.php')
 2 SYSTEMPATH\Autoloader\Autoloader.php(296): CodeIgniter\Autoloader\Autoloader->includeFile('C:\\Users\\Mialisoa\\ASA\\interprom\\interprom-back\\app\\Controllers\\MatchJController.php')
 3 SYSTEMPATH\Autoloader\Autoloader.php(272): CodeIgniter\Autoloader\Autoloader->loadInNamespace('App\\Controllers\\MatchJController')
 4 [internal function]: CodeIgniter\Autoloader\Autoloader->loadClass('App\\Controllers\\MatchJController')
 5 SYSTEMPATH\CodeIgniter.php(887): class_exists('\\App\\Controllers\\MatchJController', true)
 6 SYSTEMPATH\CodeIgniter.php(496): CodeIgniter\CodeIgniter->startController()
 7 SYSTEMPATH\CodeIgniter.php(355): CodeIgniter\CodeIgniter->handleRequest(null, Object(Config\Cache), false)
 8 SYSTEMPATH\Boot.php(312): CodeIgniter\CodeIgniter->run()
 9 SYSTEMPATH\Boot.php(67): CodeIgniter\Boot::runCodeIgniter(Object(CodeIgniter\CodeIgniter))
10 FCPATH\index.php(62): CodeIgniter\Boot::bootWeb(Object(Config\Paths))
11 SYSTEMPATH\Commands\Server\rewrite.php(49): require_once('C:\\Users\\Mialisoa\\ASA\\interprom\\interprom-back\\public\\index.php')
WARNING - 2025-05-15 21:25:01 --> [DEPRECATED] Optional parameter $id_discipline declared before required parameter $id_tournoi is implicitly treated as a required parameter in APPPATH\Controllers\MatchJController.php on line 164.
 1 SYSTEMPATH\Autoloader\Autoloader.php(317): include_once('C:\\Users\\Mialisoa\\ASA\\interprom\\interprom-back\\system\\Debug\\Exceptions.php')
 2 SYSTEMPATH\Autoloader\Autoloader.php(296): CodeIgniter\Autoloader\Autoloader->includeFile('C:\\Users\\Mialisoa\\ASA\\interprom\\interprom-back\\app\\Controllers\\MatchJController.php')
 3 SYSTEMPATH\Autoloader\Autoloader.php(272): CodeIgniter\Autoloader\Autoloader->loadInNamespace('App\\Controllers\\MatchJController')
 4 [internal function]: CodeIgniter\Autoloader\Autoloader->loadClass('App\\Controllers\\MatchJController')
 5 SYSTEMPATH\CodeIgniter.php(887): class_exists('\\App\\Controllers\\MatchJController', true)
 6 SYSTEMPATH\CodeIgniter.php(496): CodeIgniter\CodeIgniter->startController()
 7 SYSTEMPATH\CodeIgniter.php(355): CodeIgniter\CodeIgniter->handleRequest(null, Object(Config\Cache), false)
 8 SYSTEMPATH\Boot.php(312): CodeIgniter\CodeIgniter->run()
 9 SYSTEMPATH\Boot.php(67): CodeIgniter\Boot::runCodeIgniter(Object(CodeIgniter\CodeIgniter))
10 FCPATH\index.php(62): CodeIgniter\Boot::bootWeb(Object(Config\Paths))
11 SYSTEMPATH\Commands\Server\rewrite.php(49): require_once('C:\\Users\\Mialisoa\\ASA\\interprom\\interprom-back\\public\\index.php')
WARNING - 2025-05-15 21:25:01 --> [DEPRECATED] Optional parameter $id_discipline declared before required parameter $id_tournoi is implicitly treated as a required parameter in APPPATH\Controllers\MatchJController.php on line 164.
 1 SYSTEMPATH\Autoloader\Autoloader.php(317): include_once('C:\\Users\\Mialisoa\\ASA\\interprom\\interprom-back\\system\\Debug\\Exceptions.php')
 2 SYSTEMPATH\Autoloader\Autoloader.php(296): CodeIgniter\Autoloader\Autoloader->includeFile('C:\\Users\\Mialisoa\\ASA\\interprom\\interprom-back\\app\\Controllers\\MatchJController.php')
 3 SYSTEMPATH\Autoloader\Autoloader.php(272): CodeIgniter\Autoloader\Autoloader->loadInNamespace('App\\Controllers\\MatchJController')
 4 [internal function]: CodeIgniter\Autoloader\Autoloader->loadClass('App\\Controllers\\MatchJController')
 5 SYSTEMPATH\CodeIgniter.php(887): class_exists('\\App\\Controllers\\MatchJController', true)
 6 SYSTEMPATH\CodeIgniter.php(496): CodeIgniter\CodeIgniter->startController()
 7 SYSTEMPATH\CodeIgniter.php(355): CodeIgniter\CodeIgniter->handleRequest(null, Object(Config\Cache), false)
 8 SYSTEMPATH\Boot.php(312): CodeIgniter\CodeIgniter->run()
 9 SYSTEMPATH\Boot.php(67): CodeIgniter\Boot::runCodeIgniter(Object(CodeIgniter\CodeIgniter))
10 FCPATH\index.php(62): CodeIgniter\Boot::bootWeb(Object(Config\Paths))
11 SYSTEMPATH\Commands\Server\rewrite.php(49): require_once('C:\\Users\\Mialisoa\\ASA\\interprom\\interprom-back\\public\\index.php')
WARNING - 2025-05-15 21:25:01 --> [DEPRECATED] Optional parameter $id_discipline declared before required parameter $id_tournoi is implicitly treated as a required parameter in APPPATH\Controllers\MatchJController.php on line 164.
 1 SYSTEMPATH\Autoloader\Autoloader.php(317): include_once('C:\\Users\\Mialisoa\\ASA\\interprom\\interprom-back\\system\\Debug\\Exceptions.php')
 2 SYSTEMPATH\Autoloader\Autoloader.php(296): CodeIgniter\Autoloader\Autoloader->includeFile('C:\\Users\\Mialisoa\\ASA\\interprom\\interprom-back\\app\\Controllers\\MatchJController.php')
 3 SYSTEMPATH\Autoloader\Autoloader.php(272): CodeIgniter\Autoloader\Autoloader->loadInNamespace('App\\Controllers\\MatchJController')
 4 [internal function]: CodeIgniter\Autoloader\Autoloader->loadClass('App\\Controllers\\MatchJController')
 5 SYSTEMPATH\CodeIgniter.php(887): class_exists('\\App\\Controllers\\MatchJController', true)
 6 SYSTEMPATH\CodeIgniter.php(496): CodeIgniter\CodeIgniter->startController()
 7 SYSTEMPATH\CodeIgniter.php(355): CodeIgniter\CodeIgniter->handleRequest(null, Object(Config\Cache), false)
 8 SYSTEMPATH\Boot.php(312): CodeIgniter\CodeIgniter->run()
 9 SYSTEMPATH\Boot.php(67): CodeIgniter\Boot::runCodeIgniter(Object(CodeIgniter\CodeIgniter))
10 FCPATH\index.php(62): CodeIgniter\Boot::bootWeb(Object(Config\Paths))
11 SYSTEMPATH\Commands\Server\rewrite.php(49): require_once('C:\\Users\\Mialisoa\\ASA\\interprom\\interprom-back\\public\\index.php')
WARNING - 2025-05-15 21:25:04 --> [DEPRECATED] Optional parameter $id_discipline declared before required parameter $id_tournoi is implicitly treated as a required parameter in APPPATH\Controllers\MatchJController.php on line 164.
 1 SYSTEMPATH\Autoloader\Autoloader.php(317): include_once('C:\\Users\\Mialisoa\\ASA\\interprom\\interprom-back\\system\\Debug\\Exceptions.php')
 2 SYSTEMPATH\Autoloader\Autoloader.php(296): CodeIgniter\Autoloader\Autoloader->includeFile('C:\\Users\\Mialisoa\\ASA\\interprom\\interprom-back\\app\\Controllers\\MatchJController.php')
 3 SYSTEMPATH\Autoloader\Autoloader.php(272): CodeIgniter\Autoloader\Autoloader->loadInNamespace('App\\Controllers\\MatchJController')
 4 [internal function]: CodeIgniter\Autoloader\Autoloader->loadClass('App\\Controllers\\MatchJController')
 5 SYSTEMPATH\CodeIgniter.php(887): class_exists('\\App\\Controllers\\MatchJController', true)
 6 SYSTEMPATH\CodeIgniter.php(496): CodeIgniter\CodeIgniter->startController()
 7 SYSTEMPATH\CodeIgniter.php(355): CodeIgniter\CodeIgniter->handleRequest(null, Object(Config\Cache), false)
 8 SYSTEMPATH\Boot.php(312): CodeIgniter\CodeIgniter->run()
 9 SYSTEMPATH\Boot.php(67): CodeIgniter\Boot::runCodeIgniter(Object(CodeIgniter\CodeIgniter))
10 FCPATH\index.php(62): CodeIgniter\Boot::bootWeb(Object(Config\Paths))
11 SYSTEMPATH\Commands\Server\rewrite.php(49): require_once('C:\\Users\\Mialisoa\\ASA\\interprom\\interprom-back\\public\\index.php')
WARNING - 2025-05-15 21:25:04 --> [DEPRECATED] Optional parameter $id_discipline declared before required parameter $id_tournoi is implicitly treated as a required parameter in APPPATH\Controllers\MatchJController.php on line 164.
 1 SYSTEMPATH\Autoloader\Autoloader.php(317): include_once('C:\\Users\\Mialisoa\\ASA\\interprom\\interprom-back\\system\\Debug\\Exceptions.php')
 2 SYSTEMPATH\Autoloader\Autoloader.php(296): CodeIgniter\Autoloader\Autoloader->includeFile('C:\\Users\\Mialisoa\\ASA\\interprom\\interprom-back\\app\\Controllers\\MatchJController.php')
 3 SYSTEMPATH\Autoloader\Autoloader.php(272): CodeIgniter\Autoloader\Autoloader->loadInNamespace('App\\Controllers\\MatchJController')
 4 [internal function]: CodeIgniter\Autoloader\Autoloader->loadClass('App\\Controllers\\MatchJController')
 5 SYSTEMPATH\CodeIgniter.php(887): class_exists('\\App\\Controllers\\MatchJController', true)
 6 SYSTEMPATH\CodeIgniter.php(496): CodeIgniter\CodeIgniter->startController()
 7 SYSTEMPATH\CodeIgniter.php(355): CodeIgniter\CodeIgniter->handleRequest(null, Object(Config\Cache), false)
 8 SYSTEMPATH\Boot.php(312): CodeIgniter\CodeIgniter->run()
 9 SYSTEMPATH\Boot.php(67): CodeIgniter\Boot::runCodeIgniter(Object(CodeIgniter\CodeIgniter))
10 FCPATH\index.php(62): CodeIgniter\Boot::bootWeb(Object(Config\Paths))
11 SYSTEMPATH\Commands\Server\rewrite.php(49): require_once('C:\\Users\\Mialisoa\\ASA\\interprom\\interprom-back\\public\\index.php')
WARNING - 2025-05-15 21:25:04 --> [DEPRECATED] Optional parameter $id_discipline declared before required parameter $id_tournoi is implicitly treated as a required parameter in APPPATH\Controllers\MatchJController.php on line 164.
 1 SYSTEMPATH\Autoloader\Autoloader.php(317): include_once('C:\\Users\\Mialisoa\\ASA\\interprom\\interprom-back\\system\\Debug\\Exceptions.php')
 2 SYSTEMPATH\Autoloader\Autoloader.php(296): CodeIgniter\Autoloader\Autoloader->includeFile('C:\\Users\\Mialisoa\\ASA\\interprom\\interprom-back\\app\\Controllers\\MatchJController.php')
 3 SYSTEMPATH\Autoloader\Autoloader.php(272): CodeIgniter\Autoloader\Autoloader->loadInNamespace('App\\Controllers\\MatchJController')
 4 [internal function]: CodeIgniter\Autoloader\Autoloader->loadClass('App\\Controllers\\MatchJController')
 5 SYSTEMPATH\CodeIgniter.php(887): class_exists('\\App\\Controllers\\MatchJController', true)
 6 SYSTEMPATH\CodeIgniter.php(496): CodeIgniter\CodeIgniter->startController()
 7 SYSTEMPATH\CodeIgniter.php(355): CodeIgniter\CodeIgniter->handleRequest(null, Object(Config\Cache), false)
 8 SYSTEMPATH\Boot.php(312): CodeIgniter\CodeIgniter->run()
 9 SYSTEMPATH\Boot.php(67): CodeIgniter\Boot::runCodeIgniter(Object(CodeIgniter\CodeIgniter))
10 FCPATH\index.php(62): CodeIgniter\Boot::bootWeb(Object(Config\Paths))
11 SYSTEMPATH\Commands\Server\rewrite.php(49): require_once('C:\\Users\\Mialisoa\\ASA\\interprom\\interprom-back\\public\\index.php')
WARNING - 2025-05-15 21:25:04 --> [DEPRECATED] Optional parameter $id_discipline declared before required parameter $id_tournoi is implicitly treated as a required parameter in APPPATH\Controllers\MatchJController.php on line 164.
 1 SYSTEMPATH\Autoloader\Autoloader.php(317): include_once('C:\\Users\\Mialisoa\\ASA\\interprom\\interprom-back\\system\\Debug\\Exceptions.php')
 2 SYSTEMPATH\Autoloader\Autoloader.php(296): CodeIgniter\Autoloader\Autoloader->includeFile('C:\\Users\\Mialisoa\\ASA\\interprom\\interprom-back\\app\\Controllers\\MatchJController.php')
 3 SYSTEMPATH\Autoloader\Autoloader.php(272): CodeIgniter\Autoloader\Autoloader->loadInNamespace('App\\Controllers\\MatchJController')
 4 [internal function]: CodeIgniter\Autoloader\Autoloader->loadClass('App\\Controllers\\MatchJController')
 5 SYSTEMPATH\CodeIgniter.php(887): class_exists('\\App\\Controllers\\MatchJController', true)
 6 SYSTEMPATH\CodeIgniter.php(496): CodeIgniter\CodeIgniter->startController()
 7 SYSTEMPATH\CodeIgniter.php(355): CodeIgniter\CodeIgniter->handleRequest(null, Object(Config\Cache), false)
 8 SYSTEMPATH\Boot.php(312): CodeIgniter\CodeIgniter->run()
 9 SYSTEMPATH\Boot.php(67): CodeIgniter\Boot::runCodeIgniter(Object(CodeIgniter\CodeIgniter))
10 FCPATH\index.php(62): CodeIgniter\Boot::bootWeb(Object(Config\Paths))
11 SYSTEMPATH\Commands\Server\rewrite.php(49): require_once('C:\\Users\\Mialisoa\\ASA\\interprom\\interprom-back\\public\\index.php')
WARNING - 2025-05-15 21:25:18 --> [DEPRECATED] Optional parameter $id_discipline declared before required parameter $id_tournoi is implicitly treated as a required parameter in APPPATH\Controllers\MatchJController.php on line 164.
 1 SYSTEMPATH\Autoloader\Autoloader.php(317): include_once('C:\\Users\\Mialisoa\\ASA\\interprom\\interprom-back\\system\\Debug\\Exceptions.php')
 2 SYSTEMPATH\Autoloader\Autoloader.php(296): CodeIgniter\Autoloader\Autoloader->includeFile('C:\\Users\\Mialisoa\\ASA\\interprom\\interprom-back\\app\\Controllers\\MatchJController.php')
 3 SYSTEMPATH\Autoloader\Autoloader.php(272): CodeIgniter\Autoloader\Autoloader->loadInNamespace('App\\Controllers\\MatchJController')
 4 [internal function]: CodeIgniter\Autoloader\Autoloader->loadClass('App\\Controllers\\MatchJController')
 5 SYSTEMPATH\CodeIgniter.php(887): class_exists('\\App\\Controllers\\MatchJController', true)
 6 SYSTEMPATH\CodeIgniter.php(496): CodeIgniter\CodeIgniter->startController()
 7 SYSTEMPATH\CodeIgniter.php(355): CodeIgniter\CodeIgniter->handleRequest(null, Object(Config\Cache), false)
 8 SYSTEMPATH\Boot.php(312): CodeIgniter\CodeIgniter->run()
 9 SYSTEMPATH\Boot.php(67): CodeIgniter\Boot::runCodeIgniter(Object(CodeIgniter\CodeIgniter))
10 FCPATH\index.php(62): CodeIgniter\Boot::bootWeb(Object(Config\Paths))
11 SYSTEMPATH\Commands\Server\rewrite.php(49): require_once('C:\\Users\\Mialisoa\\ASA\\interprom\\interprom-back\\public\\index.php')
WARNING - 2025-05-15 21:25:19 --> [DEPRECATED] Optional parameter $id_discipline declared before required parameter $id_tournoi is implicitly treated as a required parameter in APPPATH\Controllers\MatchJController.php on line 164.
 1 SYSTEMPATH\Autoloader\Autoloader.php(317): include_once('C:\\Users\\Mialisoa\\ASA\\interprom\\interprom-back\\system\\Debug\\Exceptions.php')
 2 SYSTEMPATH\Autoloader\Autoloader.php(296): CodeIgniter\Autoloader\Autoloader->includeFile('C:\\Users\\Mialisoa\\ASA\\interprom\\interprom-back\\app\\Controllers\\MatchJController.php')
 3 SYSTEMPATH\Autoloader\Autoloader.php(272): CodeIgniter\Autoloader\Autoloader->loadInNamespace('App\\Controllers\\MatchJController')
 4 [internal function]: CodeIgniter\Autoloader\Autoloader->loadClass('App\\Controllers\\MatchJController')
 5 SYSTEMPATH\CodeIgniter.php(887): class_exists('\\App\\Controllers\\MatchJController', true)
 6 SYSTEMPATH\CodeIgniter.php(496): CodeIgniter\CodeIgniter->startController()
 7 SYSTEMPATH\CodeIgniter.php(355): CodeIgniter\CodeIgniter->handleRequest(null, Object(Config\Cache), false)
 8 SYSTEMPATH\Boot.php(312): CodeIgniter\CodeIgniter->run()
 9 SYSTEMPATH\Boot.php(67): CodeIgniter\Boot::runCodeIgniter(Object(CodeIgniter\CodeIgniter))
10 FCPATH\index.php(62): CodeIgniter\Boot::bootWeb(Object(Config\Paths))
11 SYSTEMPATH\Commands\Server\rewrite.php(49): require_once('C:\\Users\\Mialisoa\\ASA\\interprom\\interprom-back\\public\\index.php')
WARNING - 2025-05-15 21:25:19 --> [DEPRECATED] Optional parameter $id_discipline declared before required parameter $id_tournoi is implicitly treated as a required parameter in APPPATH\Controllers\MatchJController.php on line 164.
 1 SYSTEMPATH\Autoloader\Autoloader.php(317): include_once('C:\\Users\\Mialisoa\\ASA\\interprom\\interprom-back\\system\\Debug\\Exceptions.php')
 2 SYSTEMPATH\Autoloader\Autoloader.php(296): CodeIgniter\Autoloader\Autoloader->includeFile('C:\\Users\\Mialisoa\\ASA\\interprom\\interprom-back\\app\\Controllers\\MatchJController.php')
 3 SYSTEMPATH\Autoloader\Autoloader.php(272): CodeIgniter\Autoloader\Autoloader->loadInNamespace('App\\Controllers\\MatchJController')
 4 [internal function]: CodeIgniter\Autoloader\Autoloader->loadClass('App\\Controllers\\MatchJController')
 5 SYSTEMPATH\CodeIgniter.php(887): class_exists('\\App\\Controllers\\MatchJController', true)
 6 SYSTEMPATH\CodeIgniter.php(496): CodeIgniter\CodeIgniter->startController()
 7 SYSTEMPATH\CodeIgniter.php(355): CodeIgniter\CodeIgniter->handleRequest(null, Object(Config\Cache), false)
 8 SYSTEMPATH\Boot.php(312): CodeIgniter\CodeIgniter->run()
 9 SYSTEMPATH\Boot.php(67): CodeIgniter\Boot::runCodeIgniter(Object(CodeIgniter\CodeIgniter))
10 FCPATH\index.php(62): CodeIgniter\Boot::bootWeb(Object(Config\Paths))
11 SYSTEMPATH\Commands\Server\rewrite.php(49): require_once('C:\\Users\\Mialisoa\\ASA\\interprom\\interprom-back\\public\\index.php')
WARNING - 2025-05-15 21:25:19 --> [DEPRECATED] Optional parameter $id_discipline declared before required parameter $id_tournoi is implicitly treated as a required parameter in APPPATH\Controllers\MatchJController.php on line 164.
 1 SYSTEMPATH\Autoloader\Autoloader.php(317): include_once('C:\\Users\\Mialisoa\\ASA\\interprom\\interprom-back\\system\\Debug\\Exceptions.php')
 2 SYSTEMPATH\Autoloader\Autoloader.php(296): CodeIgniter\Autoloader\Autoloader->includeFile('C:\\Users\\Mialisoa\\ASA\\interprom\\interprom-back\\app\\Controllers\\MatchJController.php')
 3 SYSTEMPATH\Autoloader\Autoloader.php(272): CodeIgniter\Autoloader\Autoloader->loadInNamespace('App\\Controllers\\MatchJController')
 4 [internal function]: CodeIgniter\Autoloader\Autoloader->loadClass('App\\Controllers\\MatchJController')
 5 SYSTEMPATH\CodeIgniter.php(887): class_exists('\\App\\Controllers\\MatchJController', true)
 6 SYSTEMPATH\CodeIgniter.php(496): CodeIgniter\CodeIgniter->startController()
 7 SYSTEMPATH\CodeIgniter.php(355): CodeIgniter\CodeIgniter->handleRequest(null, Object(Config\Cache), false)
 8 SYSTEMPATH\Boot.php(312): CodeIgniter\CodeIgniter->run()
 9 SYSTEMPATH\Boot.php(67): CodeIgniter\Boot::runCodeIgniter(Object(CodeIgniter\CodeIgniter))
10 FCPATH\index.php(62): CodeIgniter\Boot::bootWeb(Object(Config\Paths))
11 SYSTEMPATH\Commands\Server\rewrite.php(49): require_once('C:\\Users\\Mialisoa\\ASA\\interprom\\interprom-back\\public\\index.php')
WARNING - 2025-05-15 21:25:34 --> [DEPRECATED] Optional parameter $id_discipline declared before required parameter $id_tournoi is implicitly treated as a required parameter in APPPATH\Controllers\MatchJController.php on line 164.
 1 SYSTEMPATH\Autoloader\Autoloader.php(317): include_once('C:\\Users\\Mialisoa\\ASA\\interprom\\interprom-back\\system\\Debug\\Exceptions.php')
 2 SYSTEMPATH\Autoloader\Autoloader.php(296): CodeIgniter\Autoloader\Autoloader->includeFile('C:\\Users\\Mialisoa\\ASA\\interprom\\interprom-back\\app\\Controllers\\MatchJController.php')
 3 SYSTEMPATH\Autoloader\Autoloader.php(272): CodeIgniter\Autoloader\Autoloader->loadInNamespace('App\\Controllers\\MatchJController')
 4 [internal function]: CodeIgniter\Autoloader\Autoloader->loadClass('App\\Controllers\\MatchJController')
 5 SYSTEMPATH\CodeIgniter.php(887): class_exists('\\App\\Controllers\\MatchJController', true)
 6 SYSTEMPATH\CodeIgniter.php(496): CodeIgniter\CodeIgniter->startController()
 7 SYSTEMPATH\CodeIgniter.php(355): CodeIgniter\CodeIgniter->handleRequest(null, Object(Config\Cache), false)
 8 SYSTEMPATH\Boot.php(312): CodeIgniter\CodeIgniter->run()
 9 SYSTEMPATH\Boot.php(67): CodeIgniter\Boot::runCodeIgniter(Object(CodeIgniter\CodeIgniter))
10 FCPATH\index.php(62): CodeIgniter\Boot::bootWeb(Object(Config\Paths))
11 SYSTEMPATH\Commands\Server\rewrite.php(49): require_once('C:\\Users\\Mialisoa\\ASA\\interprom\\interprom-back\\public\\index.php')
WARNING - 2025-05-15 21:25:34 --> [DEPRECATED] Optional parameter $id_discipline declared before required parameter $id_tournoi is implicitly treated as a required parameter in APPPATH\Controllers\MatchJController.php on line 164.
 1 SYSTEMPATH\Autoloader\Autoloader.php(317): include_once('C:\\Users\\Mialisoa\\ASA\\interprom\\interprom-back\\system\\Debug\\Exceptions.php')
 2 SYSTEMPATH\Autoloader\Autoloader.php(296): CodeIgniter\Autoloader\Autoloader->includeFile('C:\\Users\\Mialisoa\\ASA\\interprom\\interprom-back\\app\\Controllers\\MatchJController.php')
 3 SYSTEMPATH\Autoloader\Autoloader.php(272): CodeIgniter\Autoloader\Autoloader->loadInNamespace('App\\Controllers\\MatchJController')
 4 [internal function]: CodeIgniter\Autoloader\Autoloader->loadClass('App\\Controllers\\MatchJController')
 5 SYSTEMPATH\CodeIgniter.php(887): class_exists('\\App\\Controllers\\MatchJController', true)
 6 SYSTEMPATH\CodeIgniter.php(496): CodeIgniter\CodeIgniter->startController()
 7 SYSTEMPATH\CodeIgniter.php(355): CodeIgniter\CodeIgniter->handleRequest(null, Object(Config\Cache), false)
 8 SYSTEMPATH\Boot.php(312): CodeIgniter\CodeIgniter->run()
 9 SYSTEMPATH\Boot.php(67): CodeIgniter\Boot::runCodeIgniter(Object(CodeIgniter\CodeIgniter))
10 FCPATH\index.php(62): CodeIgniter\Boot::bootWeb(Object(Config\Paths))
11 SYSTEMPATH\Commands\Server\rewrite.php(49): require_once('C:\\Users\\Mialisoa\\ASA\\interprom\\interprom-back\\public\\index.php')
WARNING - 2025-05-15 21:25:35 --> [DEPRECATED] Optional parameter $id_discipline declared before required parameter $id_tournoi is implicitly treated as a required parameter in APPPATH\Controllers\MatchJController.php on line 164.
 1 SYSTEMPATH\Autoloader\Autoloader.php(317): include_once('C:\\Users\\Mialisoa\\ASA\\interprom\\interprom-back\\system\\Debug\\Exceptions.php')
 2 SYSTEMPATH\Autoloader\Autoloader.php(296): CodeIgniter\Autoloader\Autoloader->includeFile('C:\\Users\\Mialisoa\\ASA\\interprom\\interprom-back\\app\\Controllers\\MatchJController.php')
 3 SYSTEMPATH\Autoloader\Autoloader.php(272): CodeIgniter\Autoloader\Autoloader->loadInNamespace('App\\Controllers\\MatchJController')
 4 [internal function]: CodeIgniter\Autoloader\Autoloader->loadClass('App\\Controllers\\MatchJController')
 5 SYSTEMPATH\CodeIgniter.php(887): class_exists('\\App\\Controllers\\MatchJController', true)
 6 SYSTEMPATH\CodeIgniter.php(496): CodeIgniter\CodeIgniter->startController()
 7 SYSTEMPATH\CodeIgniter.php(355): CodeIgniter\CodeIgniter->handleRequest(null, Object(Config\Cache), false)
 8 SYSTEMPATH\Boot.php(312): CodeIgniter\CodeIgniter->run()
 9 SYSTEMPATH\Boot.php(67): CodeIgniter\Boot::runCodeIgniter(Object(CodeIgniter\CodeIgniter))
10 FCPATH\index.php(62): CodeIgniter\Boot::bootWeb(Object(Config\Paths))
11 SYSTEMPATH\Commands\Server\rewrite.php(49): require_once('C:\\Users\\Mialisoa\\ASA\\interprom\\interprom-back\\public\\index.php')
WARNING - 2025-05-15 21:25:35 --> [DEPRECATED] Optional parameter $id_discipline declared before required parameter $id_tournoi is implicitly treated as a required parameter in APPPATH\Controllers\MatchJController.php on line 164.
 1 SYSTEMPATH\Autoloader\Autoloader.php(317): include_once('C:\\Users\\Mialisoa\\ASA\\interprom\\interprom-back\\system\\Debug\\Exceptions.php')
 2 SYSTEMPATH\Autoloader\Autoloader.php(296): CodeIgniter\Autoloader\Autoloader->includeFile('C:\\Users\\Mialisoa\\ASA\\interprom\\interprom-back\\app\\Controllers\\MatchJController.php')
 3 SYSTEMPATH\Autoloader\Autoloader.php(272): CodeIgniter\Autoloader\Autoloader->loadInNamespace('App\\Controllers\\MatchJController')
 4 [internal function]: CodeIgniter\Autoloader\Autoloader->loadClass('App\\Controllers\\MatchJController')
 5 SYSTEMPATH\CodeIgniter.php(887): class_exists('\\App\\Controllers\\MatchJController', true)
 6 SYSTEMPATH\CodeIgniter.php(496): CodeIgniter\CodeIgniter->startController()
 7 SYSTEMPATH\CodeIgniter.php(355): CodeIgniter\CodeIgniter->handleRequest(null, Object(Config\Cache), false)
 8 SYSTEMPATH\Boot.php(312): CodeIgniter\CodeIgniter->run()
 9 SYSTEMPATH\Boot.php(67): CodeIgniter\Boot::runCodeIgniter(Object(CodeIgniter\CodeIgniter))
10 FCPATH\index.php(62): CodeIgniter\Boot::bootWeb(Object(Config\Paths))
11 SYSTEMPATH\Commands\Server\rewrite.php(49): require_once('C:\\Users\\Mialisoa\\ASA\\interprom\\interprom-back\\public\\index.php')
WARNING - 2025-05-15 21:25:35 --> [DEPRECATED] Optional parameter $id_discipline declared before required parameter $id_tournoi is implicitly treated as a required parameter in APPPATH\Controllers\MatchJController.php on line 164.
 1 SYSTEMPATH\Autoloader\Autoloader.php(317): include_once('C:\\Users\\Mialisoa\\ASA\\interprom\\interprom-back\\system\\Debug\\Exceptions.php')
 2 SYSTEMPATH\Autoloader\Autoloader.php(296): CodeIgniter\Autoloader\Autoloader->includeFile('C:\\Users\\Mialisoa\\ASA\\interprom\\interprom-back\\app\\Controllers\\MatchJController.php')
 3 SYSTEMPATH\Autoloader\Autoloader.php(272): CodeIgniter\Autoloader\Autoloader->loadInNamespace('App\\Controllers\\MatchJController')
 4 [internal function]: CodeIgniter\Autoloader\Autoloader->loadClass('App\\Controllers\\MatchJController')
 5 SYSTEMPATH\CodeIgniter.php(887): class_exists('\\App\\Controllers\\MatchJController', true)
 6 SYSTEMPATH\CodeIgniter.php(496): CodeIgniter\CodeIgniter->startController()
 7 SYSTEMPATH\CodeIgniter.php(355): CodeIgniter\CodeIgniter->handleRequest(null, Object(Config\Cache), false)
 8 SYSTEMPATH\Boot.php(312): CodeIgniter\CodeIgniter->run()
 9 SYSTEMPATH\Boot.php(67): CodeIgniter\Boot::runCodeIgniter(Object(CodeIgniter\CodeIgniter))
10 FCPATH\index.php(62): CodeIgniter\Boot::bootWeb(Object(Config\Paths))
11 SYSTEMPATH\Commands\Server\rewrite.php(49): require_once('C:\\Users\\Mialisoa\\ASA\\interprom\\interprom-back\\public\\index.php')
WARNING - 2025-05-15 21:25:35 --> [DEPRECATED] Optional parameter $id_discipline declared before required parameter $id_tournoi is implicitly treated as a required parameter in APPPATH\Controllers\MatchJController.php on line 164.
 1 SYSTEMPATH\Autoloader\Autoloader.php(317): include_once('C:\\Users\\Mialisoa\\ASA\\interprom\\interprom-back\\system\\Debug\\Exceptions.php')
 2 SYSTEMPATH\Autoloader\Autoloader.php(296): CodeIgniter\Autoloader\Autoloader->includeFile('C:\\Users\\Mialisoa\\ASA\\interprom\\interprom-back\\app\\Controllers\\MatchJController.php')
 3 SYSTEMPATH\Autoloader\Autoloader.php(272): CodeIgniter\Autoloader\Autoloader->loadInNamespace('App\\Controllers\\MatchJController')
 4 [internal function]: CodeIgniter\Autoloader\Autoloader->loadClass('App\\Controllers\\MatchJController')
 5 SYSTEMPATH\CodeIgniter.php(887): class_exists('\\App\\Controllers\\MatchJController', true)
 6 SYSTEMPATH\CodeIgniter.php(496): CodeIgniter\CodeIgniter->startController()
 7 SYSTEMPATH\CodeIgniter.php(355): CodeIgniter\CodeIgniter->handleRequest(null, Object(Config\Cache), false)
 8 SYSTEMPATH\Boot.php(312): CodeIgniter\CodeIgniter->run()
 9 SYSTEMPATH\Boot.php(67): CodeIgniter\Boot::runCodeIgniter(Object(CodeIgniter\CodeIgniter))
10 FCPATH\index.php(62): CodeIgniter\Boot::bootWeb(Object(Config\Paths))
11 SYSTEMPATH\Commands\Server\rewrite.php(49): require_once('C:\\Users\\Mialisoa\\ASA\\interprom\\interprom-back\\public\\index.php')
WARNING - 2025-05-15 21:25:39 --> [DEPRECATED] Optional parameter $id_discipline declared before required parameter $id_tournoi is implicitly treated as a required parameter in APPPATH\Controllers\MatchJController.php on line 164.
 1 SYSTEMPATH\Autoloader\Autoloader.php(317): include_once('C:\\Users\\Mialisoa\\ASA\\interprom\\interprom-back\\system\\Debug\\Exceptions.php')
 2 SYSTEMPATH\Autoloader\Autoloader.php(296): CodeIgniter\Autoloader\Autoloader->includeFile('C:\\Users\\Mialisoa\\ASA\\interprom\\interprom-back\\app\\Controllers\\MatchJController.php')
 3 SYSTEMPATH\Autoloader\Autoloader.php(272): CodeIgniter\Autoloader\Autoloader->loadInNamespace('App\\Controllers\\MatchJController')
 4 [internal function]: CodeIgniter\Autoloader\Autoloader->loadClass('App\\Controllers\\MatchJController')
 5 SYSTEMPATH\CodeIgniter.php(887): class_exists('\\App\\Controllers\\MatchJController', true)
 6 SYSTEMPATH\CodeIgniter.php(496): CodeIgniter\CodeIgniter->startController()
 7 SYSTEMPATH\CodeIgniter.php(355): CodeIgniter\CodeIgniter->handleRequest(null, Object(Config\Cache), false)
 8 SYSTEMPATH\Boot.php(312): CodeIgniter\CodeIgniter->run()
 9 SYSTEMPATH\Boot.php(67): CodeIgniter\Boot::runCodeIgniter(Object(CodeIgniter\CodeIgniter))
10 FCPATH\index.php(62): CodeIgniter\Boot::bootWeb(Object(Config\Paths))
11 SYSTEMPATH\Commands\Server\rewrite.php(49): require_once('C:\\Users\\Mialisoa\\ASA\\interprom\\interprom-back\\public\\index.php')
